iteration,time_sampling,stoc_pol_mean,stoc_pol_std,stoc_pol_max,stoc_pol_min,rollout_success,alpha,delta,time_vpg,time_npg,kl_dist,surr_improvement,running_score,rwd_sparse,rwd_dense,success_percentage,num_samples,time_VF,VF_error_before,VF_error_after,env_samples,eval_score,eval_success
0,1.7467856407165527,-6.173939719323823,0.4662217284426174,-5.364812094262982,-7.335232116577272,0.0,0.12704725885296717,0.1,0.03533935546875,0.0623784065246582,0.051210538,1.2124598,-6.173939719323823,-0.23724461523299908,-0.06174032389688369,0.0,400,0.2988619804382324,1.0252992593626735,0.24344139794479333,400,-4.7856484562799775,0.0
1,1.6498267650604248,-5.876971483637727,0.353596275022118,-5.216864232742618,-6.677022840202925,0.0,0.18915932691709375,0.1,0.004002809524536133,0.05489683151245117,0.05467361,0.57317364,-6.144242895755212,-0.21841458050914972,-0.05880269506004884,0.0,400,0.17081522941589355,0.2445874028723966,0.03786277313249051,800,-4.7725490926209275,0.0
2,1.788564920425415,-6.217301046520305,0.36913311490677003,-5.509076110712004,-7.084842393515726,0.0,0.18509455978747233,0.1,0.003530740737915039,0.058135032653808594,0.050043155,0.6279756,-6.1515487108317215,-0.24250890441727224,-0.06221344301053096,0.0,400,0.1988682746887207,0.04695257043605923,0.009371419874089423,1200,-4.784701824690276,0.0
3,1.8081531524658203,-6.113488443324679,0.5142015424329965,-5.162641456856703,-7.040454895768767,0.0,0.17426611131122202,0.1,0.0032541751861572266,0.07718896865844727,0.0495068,0.7480806,-6.147742684081017,-0.23534926906686146,-0.06115992921840031,0.0,400,0.18776154518127441,0.015453115386062234,0.011535297474869324,1600,-4.752569566924295,0.0
4,1.6029622554779053,-6.134419455317685,0.41663912987313445,-5.25608220904867,-6.9291280155446495,0.0,0.16529669212131726,0.1,0.0022509098052978516,0.05011606216430664,0.049239513,0.7176004,-6.146410361204683,-0.23674647825475337,-0.0613852451693919,0.0,400,0.15613150596618652,0.012927029326691247,0.009588351556098539,2000,-4.697221162016637,0.0
5,1.5793793201446533,-5.987805172685665,0.4071804590343954,-5.097860060364455,-6.652605457201325,0.0,0.17811520130012287,0.1,0.008534908294677734,0.061652421951293945,0.048394185,0.69972116,-6.1305498423527816,-0.22776516221219661,-0.059880051462015894,0.0,400,0.2034604549407959,0.013155114745553554,0.010822127342055794,2400,-4.695309562660915,0.0
6,1.5907859802246094,-5.9734909488432955,0.44532516285328233,-5.117553199651968,-7.025822820086792,0.0,0.18668832263375448,0.1,0.002248048782348633,0.05077624320983887,0.0526959,0.6624969,-6.114843953001833,-0.22564855799377348,-0.059774246413352376,0.0,400,0.16286921501159668,0.01539442007561655,0.010058181733495267,2800,-4.663271897624718,0.0
7,1.6275722980499268,-5.81070265811735,0.37334642351249714,-5.118644626679461,-6.367646769394981,0.0,0.1866023787847649,0.1,0.002999544143676758,0.04986763000488281,0.052161053,0.6257029,-6.084429823513385,-0.21577386287525535,-0.058171966105563175,0.0,400,0.15691661834716797,0.009709616284116256,0.0076310037142853695,3200,-4.650592369687419,0.0
8,1.615086555480957,-5.80215623394987,0.506651983193583,-4.893942583444807,-6.910575710052929,0.0,0.19372330045865466,0.1,0.0022559165954589844,0.05412650108337402,0.051814336,0.59805906,-6.056202464557034,-0.21514519491028927,-0.058006314911327204,0.0,400,0.15734314918518066,0.015882475561706338,0.011847553957717503,3600,-4.656284201781916,0.0
9,1.607424259185791,-5.640105738988265,0.3688889992040106,-5.007631724833468,-6.625038518907523,0.0,0.19841605294404144,0.1,0.002999544143676758,0.050879716873168945,0.050838687,0.57808375,-6.014592792000157,-0.20680430058691876,-0.05642267544138269,0.0,400,0.17623329162597656,0.010553415481994835,0.007123477119117209,4000,-4.605003971379881,0.0
10,1.5906405448913574,-5.497967157188209,0.28069455925009335,-4.866623088181445,-5.905415601380974,0.0,0.19153403459748733,0.1,0.0015048980712890625,0.050894737243652344,0.050282173,0.66888326,-5.962930228518963,-0.19685988342273564,-0.05503518401536307,0.0,400,0.1571965217590332,0.007818869085125297,0.005551058113110693,4400,-4.563867509836885,0.0
11,1.5873405933380127,-5.362188484430691,0.33812186747710143,-4.837559503526548,-6.344328850420301,0.0,0.19827370554246956,0.1,0.0030035972595214844,0.047388315200805664,0.051011343,0.69919723,-5.902856054110136,-0.18891319486991445,-0.053647006564212216,0.0,400,0.15661907196044922,0.0096667403791575,0.0069706324843142676,4800,-4.555618898937352,0.0
12,1.6037518978118896,-5.393848055105536,0.385512929522287,-4.858172992491665,-6.272956728812279,0.0,0.20834669452714466,0.1,0.0040132999420166016,0.05419611930847168,0.05153002,0.4820879,-5.851955254209676,-0.18979275093443804,-0.05397988292722399,0.0,400,0.18235158920288086,0.010856765106770557,0.008020354574285817,5200,-4.562146881284567,0.0
13,1.5522615909576416,-5.307228276889451,0.27910874581312717,-4.7336323374787,-6.032792263672086,0.0,0.19989056039804223,0.1,0.003006458282470703,0.06113171577453613,0.04926418,0.56453055,-5.797482556477653,-0.18560165832009354,-0.05307240437642888,0.0,400,0.16381454467773438,0.00946839052839885,0.00729673414319253,5600,-4.5658985582528855,0.0
14,1.5633013248443604,-5.45000819090941,0.35087441978501993,-4.962138278262039,-6.37593848797625,0.0,0.20318412205408756,0.1,0.0025093555450439453,0.04984474182128906,0.049727783,0.6010893,-5.762735119920828,-0.1924423125247906,-0.05451064477121417,0.0,400,0.1563551425933838,0.009668659633998803,0.007044864043437706,6000,-4.548138924305219,0.0
15,1.6568725109100342,-5.360543358531854,0.30458889682461776,-4.860592055334132,-6.1631445537346865,0.0,0.20228966597846323,0.1,0.0032606124877929688,0.05158281326293945,0.050034814,0.6162083,-5.72251594378193,-0.1889128450934863,-0.05360495747530801,0.0,400,0.1591625213623047,0.008360924572794642,0.006078124342563546,6400,-4.571602207285396,0.0
16,1.5824534893035889,-5.2702774966729695,0.33040189755282695,-4.725966049208015,-5.973412121869397,0.0,0.19591122088324422,0.1,0.002250194549560547,0.04983854293823242,0.049727116,0.56399906,-5.6772920990710345,-0.18459729799466865,-0.052741001382004084,0.0,400,0.16083788871765137,0.010518371165099995,0.0071199215352749584,6800,-4.570019896881916,0.0
17,1.6152143478393555,-5.291860790716907,0.24338007788933194,-4.930797306951954,-5.889600772879441,0.0,0.20626477175397312,0.1,0.0017621517181396484,0.054418087005615234,0.050045557,0.5407498,-5.638748968235622,-0.1858598449607991,-0.052963822882437166,0.0,400,0.16009807586669922,0.007614678136022278,0.005250405328203106,7200,-4.561386261961178,0.0
18,1.5967557430267334,-5.300563163240343,0.29348624072713797,-4.826271467183711,-5.939519335102755,0.0,0.20006826079121642,0.1,0.0030105113983154297,0.04909110069274902,0.050283846,0.49808085,-5.604930387736094,-0.18568635675870981,-0.05304105291243579,0.0,400,0.15943622589111328,0.008000968228449947,0.0061005442757211936,7600,-4.557923567973269,0.0
19,1.674067735671997,-5.215126438966149,0.27286815630302635,-4.802669058492972,-5.930517174456355,0.0,0.20117130844068742,0.1,0.00225067138671875,0.05468249320983887,0.051228255,0.60543936,-5.5659499928591,-0.1821462394778301,-0.052196541205161144,0.0,400,0.15678739547729492,0.006412637629059359,0.004546428530713802,8000,-4.537474731469891,0.0
20,1.5380158424377441,-5.195904736928925,0.2916028443874162,-4.780338993765932,-5.908863216588648,0.0,0.22125454475245393,0.1,0.002249479293823242,0.050864219665527344,0.050170563,0.49041167,-5.528945467266082,-0.17691916197542074,-0.05203504460945692,0.0,400,0.16413331031799316,0.007186629036269224,0.005581393432274784,8400,-4.494968981785741,0.0
21,1.6452722549438477,-5.27584771245075,0.32111291906796924,-4.815043442131302,-5.980855649604541,0.0,0.22272341565159245,0.1,0.003003835678100586,0.05489659309387207,0.05071957,0.4710479,-5.503635691784549,-0.1846437061855263,-0.052803722594781125,0.0,400,0.18897247314453125,0.009584314174177943,0.005872326640866681,8800,-4.505485242357565,0.0
22,1.5741965770721436,-5.295711004762447,0.26052775800460326,-4.849553049050788,-5.916581171553155,0.0,0.2217721429589367,0.1,0.002997159957885742,0.05144357681274414,0.05009995,0.47687486,-5.482843223082339,-0.18441320250421117,-0.05300152656433399,0.0,400,0.15919756889343262,0.006913574456920008,0.005117721402505921,9200,-4.547074656547198,0.0
23,1.5754165649414062,-5.2668269055432395,0.3511155005143316,-4.8330507951074555,-6.495058203917258,0.0,0.220706096285399,0.1,0.003263235092163086,0.05790424346923828,0.04989388,0.44919464,-5.461241591328429,-0.18569108132798143,-0.05274333667894866,0.0,400,0.17647337913513184,0.014843892278071305,0.010782289682372072,9600,-4.565648906661832,0.0
24,1.5411522388458252,-5.055834508434692,0.23726695879615967,-4.711235400527465,-5.938910382436354,0.0,0.22294832890534141,0.1,0.003004789352416992,0.04855847358703613,0.05050523,0.5248506,-5.420700883039055,-0.17106777811517063,-0.05062869133496498,0.0,400,0.1605231761932373,0.008435512309734031,0.005372326138923083,10000,-4.574314800215091,0.0
25,1.583298683166504,-5.080601170589622,0.21458746464447315,-4.8458268825221955,-5.741291501005371,0.0,0.23025553981789126,0.1,0.0030057430267333984,0.06216144561767578,0.050158292,0.43726945,-5.386690911794112,-0.1719504460050873,-0.0508364771747699,0.0,400,0.24233317375183105,0.006908462511095486,0.004674599414239027,10400,-4.564366290788437,0.0
26,1.5774965286254883,-5.119377573102173,0.23022837344761338,-4.746767762376025,-5.664139382697912,0.0,0.23412523064110385,0.1,0.003000497817993164,0.05463433265686035,0.050575238,0.43269157,-5.3599595779249185,-0.17383757785243883,-0.05122607637750312,0.0,400,0.18523097038269043,0.007406913241413545,0.005275797387973189,10800,-4.550532113433914,0.0
27,1.5460608005523682,-5.029669130998625,0.22591170627768772,-4.726304176228761,-5.654806639225027,0.0,0.21914401988432372,0.1,0.0030252933502197266,0.05968880653381348,0.05145288,0.4546475,-5.326930533232289,-0.16983013450323992,-0.05036185695684898,0.0,400,0.16806840896606445,0.007397632514040298,0.004627501860417329,11200,-4.536959183632065,0.0
28,1.5641355514526367,-5.111036292424281,0.293099703148803,-4.649893776395257,-5.8823003097399535,0.0,0.22176402976539994,0.1,0.0025043487548828125,0.049924373626708984,0.05099428,0.4867002,-5.305341109151489,-0.17411654098572385,-0.05116169925824482,0.0,400,0.16247272491455078,0.009336038207726164,0.006561919987726321,11600,-4.528774313824406,0.0
29,1.5885329246520996,-4.989545647565879,0.16144577426484802,-4.766443534854185,-5.484824460929653,0.0,0.22279661477094842,0.1,0.0022611618041992188,0.05224871635437012,0.04999539,0.5084728,-5.273761562992928,-0.16653210998706833,-0.04996345685488307,0.0,400,0.16016268730163574,0.007878255412958413,0.004937464736877808,12000,-4.524487349326707,0.0
30,1.5649192333221436,-5.067467121999541,0.22073603342749265,-4.650641127501037,-5.445634557010477,0.0,0.22903709933771396,0.1,0.003014087677001953,0.053887128829956055,0.05005436,0.48141533,-5.253132118893589,-0.17033334074686798,-0.05073619126806775,0.0,400,0.15940284729003906,0.007937067575917741,0.004058692356125063,12400,-4.5486930869036994,0.0
31,1.5732743740081787,-5.015390701207946,0.23567611716505824,-4.716577182300746,-5.744957684669414,0.0,0.22111137579614348,0.1,0.002999544143676758,0.050373077392578125,0.050878454,0.44243553,-5.229357977125025,-0.17011024038414785,-0.050212619550720025,0.0,400,0.15329623222351074,0.007282298464668169,0.0045768295559942525,12800,-4.578425505468916,0.0
32,1.59165620803833,-4.960435453396617,0.17708309270514921,-4.64107132443979,-5.3692770761599755,0.0,0.22655294880694477,0.1,0.0029993057250976562,0.05374503135681152,0.050814852,0.49495286,-5.202465724752184,-0.16710255321124948,-0.04965256345911814,0.0,400,0.16087794303894043,0.00496236802428098,0.003452991120449045,13200,-4.5500414669742355,0.0
33,1.6485440731048584,-4.9711052585110584,0.1777266226585773,-4.679460813220456,-5.480873027676182,0.0,0.22049363195465863,0.1,0.0022525787353515625,0.05237174034118652,0.050338607,0.5630285,-5.179329678128071,-0.16393535852597896,-0.04977564539208824,0.0,400,0.15369796752929688,0.0059618189427159424,0.0038348568443856224,13600,-4.512481629738514,0.0
34,1.6145975589752197,-4.995150105717097,0.19547456391342205,-4.6202991632480614,-5.5638965731240235,0.0,0.2167201227523199,0.1,0.0032622814178466797,0.05349898338317871,0.0506156,0.5213043,-5.160911720886974,-0.16880284057384717,-0.05002587773764044,0.0,400,0.18511509895324707,0.006882610638881399,0.003680662397525025,14000,-4.4798996865850835,0.0
35,1.60054612159729,-4.904247726194896,0.20069193552056616,-4.6034742500791355,-5.511712110516486,0.0,0.23427755541690798,0.1,0.0030012130737304688,0.048247337341308594,0.05077834,0.43855536,-5.135245321417766,-0.16327473635269643,-0.049115917408393016,0.0,400,0.1673898696899414,0.005215016984840752,0.004137702770733444,14400,-4.468970317455609,0.0
36,1.571850299835205,-4.921385559995966,0.15638418740910195,-4.628373799619737,-5.228249522316142,0.0,0.23165245069278392,0.1,0.0014996528625488281,0.04840373992919922,0.0502391,0.5144621,-5.113859345275586,-0.16282023270127488,-0.049276777949375364,0.0,400,0.15640878677368164,0.005335122115589588,0.0036908834826931266,14800,-4.467866513811802,0.0
37,1.5625994205474854,-4.87865470060849,0.15728359203882436,-4.633863306647649,-5.237095630500951,0.0,0.22611546595400228,0.1,0.0030002593994140625,0.056127071380615234,0.049617205,0.53280616,-5.0903388808088765,-0.16116484934993466,-0.048857421749979334,0.0,400,0.18566036224365234,0.0045794303141215124,0.0033114528261095288,15200,-4.4381932727882845,0.0
38,1.6250457763671875,-4.909456559210645,0.2127792037050024,-4.632498959207457,-5.628261914535344,0.0,0.22792078876730562,0.1,0.002576589584350586,0.05083441734313965,0.049615484,0.42577854,-5.072250648649053,-0.16284740642814127,-0.04913286113793239,0.0,400,0.16172266006469727,0.007471257028885582,0.00484569054720275,15600,-4.406532974262033,0.0
39,1.6253652572631836,-4.788164676626099,0.17796591604871143,-4.520049649939115,-5.204831801470561,0.0,0.22347954405795184,0.1,0.002509593963623047,0.047907352447509766,0.050048847,0.46875438,-5.043842051446758,-0.15848475607616386,-0.047951107007369834,0.0,400,0.15270352363586426,0.006813015689254879,0.0040128741855364755,16000,-4.407470258300881,0.0
40,1.6416552066802979,-4.827629988332834,0.1347831405197763,-4.58883958411798,-5.10189706131057,0.0,0.22195063722907446,0.1,0.003000020980834961,0.0523989200592041,0.05007848,0.51102656,-5.022220845135366,-0.15832175371230586,-0.0483335445277175,0.0,400,0.16791892051696777,0.005454712876665745,0.0033234602303329613,16400,-4.3904377070998155,0.0
41,1.5889933109283447,-4.7692077660138565,0.1967496425227597,-4.527420266388671,-5.471765747082486,0.0,0.24287879163529988,0.1,0.0022509098052978516,0.05011343955993652,0.05035669,0.4012654,-4.996919537223215,-0.15718037988158695,-0.04775300167481073,0.0,400,0.17610692977905273,0.007840311090152862,0.005429925049010162,16800,-4.375532583334817,0.0
42,1.651611566543579,-4.804545725722252,0.15640666589463975,-4.54854604364145,-5.267660578270103,0.0,0.23483848217017309,0.1,0.0037865638732910156,0.0456395149230957,0.050098214,0.49805346,-4.9776821560731195,-0.15731125058515422,-0.04811384647928568,0.0,400,0.1546461582183838,0.005333596530690544,0.00395505182325578,17200,-4.401803064893606,0.0
43,1.5898478031158447,-4.79221898715371,0.12308566780420403,-4.5498188369927295,-5.026936253540829,0.0,0.22682114393927655,0.1,0.004279613494873047,0.05291891098022461,0.050583635,0.51254404,-4.959135839181179,-0.15633533491945206,-0.04799773139026878,0.0,400,0.1529862880706787,0.005843007187273998,0.004512299733700029,17600,-4.385069298399925,0.0
44,1.598245620727539,-4.746010230303854,0.16533144498451796,-4.480618979598366,-5.148913651707842,0.0,0.23216469115167057,0.1,0.003006458282470703,0.050957679748535156,0.050263286,0.51826173,-4.937823278293446,-0.15690278535099667,-0.04753095352334192,0.0,400,0.15044498443603516,0.005025312708054448,0.0035538089672285727,18000,-4.397765698961922,0.0
45,1.6219217777252197,-4.736981869061293,0.13343717060040192,-4.399905085067266,-5.023378799610741,0.0,0.23907368588169295,0.1,0.0029990673065185547,0.05388045310974121,0.050251827,0.52025664,-4.917739137370231,-0.15384182991347525,-0.04744258376296668,0.0,400,0.16240334510803223,0.004497052692666921,0.0028819691807383994,18400,-4.399473172918844,0.0
46,1.7048704624176025,-4.720314541832867,0.14993243138189674,-4.48710661443471,-5.009220528764111,0.0,0.23545185814350036,0.1,0.005266904830932617,0.10832810401916504,0.050032865,0.50465846,-4.8979966778164945,-0.15395249392559068,-0.04727373986140603,0.0,400,0.34551143646240234,0.004673255508116636,0.002703938614911347,18800,-4.413328000466281,0.0
47,1.6002366542816162,-4.73166815118954,0.14725383948992218,-4.498140576223336,-5.160281014966918,0.0,0.2361819972733021,0.1,0.010017156600952148,0.049987077713012695,0.050499093,0.41079032,-4.881363825153799,-0.15239856342890526,-0.047390949687280436,0.0,400,0.15793609619140625,0.005408419257782759,0.003919267724765127,19200,-4.398659090631119,0.0
48,1.5658433437347412,-4.765760631901191,0.17306051347510037,-4.48139890633015,-5.1132751709655615,0.0,0.22637120404613728,0.1,0.0022499561309814453,0.055249691009521484,0.050249916,0.46614853,-4.869803505828538,-0.15653506765959851,-0.04772472347144075,0.0,400,0.15651798248291016,0.004580133563110297,0.0032291180101075966,19600,-4.3511245615198515,0.0
49,1.5830645561218262,-4.672996684394766,0.11146390860377146,-4.475831840841818,-4.959304175231033,0.0,0.24589011423003249,0.1,0.0030014514923095703,0.056611061096191406,0.04989563,0.48466098,-4.850122823685162,-0.1532248218806821,-0.04676827846876849,0.0,400,0.14603638648986816,0.004559914427226812,0.0029356361842087773,20000,-4.346137387810115,0.0
50,1.5746424198150635,-4.687694596349021,0.12018487515196302,-4.486379048604394,-4.971946892017181,0.0,0.23274543413168938,0.1,0.0030069351196289062,0.0498349666595459,0.050436158,0.48060143,-4.833880000951547,-0.1537338206708849,-0.0469312960745031,0.0,400,0.15317559242248535,0.004895208039845848,0.0030238159394114458,20400,-4.342069230661478,0.0
51,1.6321675777435303,-4.6534872089754025,0.11159284078298874,-4.462630210719785,-4.893087820268439,0.0,0.24378845754114448,0.1,0.0037598609924316406,0.051615238189697266,0.05022059,0.4177836,-4.815840721753933,-0.15389429404116794,-0.04661405691973299,0.0,400,0.21383333206176758,0.00549316612305746,0.0032261164303647263,20800,-4.292719638379095,0.0
52,1.580669641494751,-4.689851312760578,0.1424536546185083,-4.462352074122167,-4.918777864143139,0.0,0.23918491426546942,0.1,0.002262115478515625,0.05083870887756348,0.050343636,0.44952497,-4.803241780854597,-0.15437262036789262,-0.0469521131882836,0.0,400,0.17536282539367676,0.0035257036349075916,0.0022544915359318015,21200,-4.2867167997638065,0.0
53,1.5852351188659668,-4.6942139925656265,0.11653924104453516,-4.489052067362536,-4.9154234085003585,0.0,0.23562293482128055,0.1,0.0014996528625488281,0.05059671401977539,0.049708247,0.45069978,-4.7923390020257,-0.15343140399937316,-0.04698596255338665,0.0,400,0.1521320343017578,0.004731050394988429,0.002583567101474494,21600,-4.267473907909945,0.0
54,1.5916697978973389,-4.644132674777806,0.1589407429678535,-4.4049259063117585,-5.0523668213308,0.0,0.24451183193247286,0.1,0.003005504608154297,0.04708743095397949,0.05056201,0.42272034,-4.7775183693009105,-0.15443678368553637,-0.046510892540658356,0.0,400,0.1552426815032959,0.0051778964242941185,0.0035479181019676884,22000,-4.249882345641225,0.0
55,1.6071476936340332,-4.673857329422289,0.13895577539602125,-4.444617304927831,-5.174676406439197,0.0,0.251138625666252,0.1,0.0030095577239990234,0.0577082633972168,0.050171115,0.45767364,-4.767152265313048,-0.1526636791728059,-0.046792826953123354,0.0,400,0.18622422218322754,0.004071160909156833,0.002745936151757877,22400,-4.233835078065797,0.0
56,1.600182294845581,-4.648420155450577,0.13276291478758184,-4.4323917973935485,-4.912321757414277,0.0,0.2411134714730016,0.1,0.0014998912811279297,0.05512881278991699,0.050425783,0.4923541,-4.7552790543268015,-0.15203893398323942,-0.046541552987271986,0.0,400,0.15542125701904297,0.00436592746077118,0.004219521727221476,22800,-4.237641267760133,0.0
57,1.5723836421966553,-4.658348131189175,0.16502177855236919,-4.357976342630216,-5.076201439885109,0.0,0.2429332684113985,0.1,0.00325775146484375,0.04911684989929199,0.049806412,0.45614162,-4.745585962013038,-0.1512291580251023,-0.0466471740369424,0.0,400,0.15411925315856934,0.00656036513536139,0.004005288965222563,23200,-4.22027465179431,0.0
58,1.5752694606781006,-4.649839331064986,0.1227396178783881,-4.393880899740377,-4.985654815534923,0.0,0.26210977849732436,0.1,0.0022504329681396484,0.053972721099853516,0.04909032,0.4368557,-4.736011298918234,-0.15139694562993256,-0.04657071982710043,0.0,400,0.1631155014038086,0.006023987384980915,0.0035018792899454768,23600,-4.218310962721921,0.0
59,1.5747909545898438,-4.633280202458689,0.1254217051187499,-4.378842423870182,-5.015916583987799,0.0,0.23825494542816625,0.1,0.0017621517181396484,0.05296492576599121,0.049870044,0.5002856,-4.725738189272279,-0.15287091925117535,-0.04640695587632909,0.0,400,0.14986252784729004,0.004576486042792872,0.0031472568142877034,24000,-4.214542503852213,0.0
60,1.577892780303955,-4.6178175575489275,0.13398071705185088,-4.365895169642018,-4.931603303712766,0.0,0.24430810115014576,0.1,0.003255128860473633,0.05115532875061035,0.05042355,0.420885,-4.714946126099944,-0.15283516668953218,-0.04626013508184622,0.0,400,0.1494605541229248,0.0036349184182830653,0.002716270818103381,24400,-4.212630875876203,0.0
61,1.593493938446045,-4.6096210972855145,0.11254910134071325,-4.354047827743728,-4.7823533956895945,0.0,0.2493390795931394,0.1,0.0029990673065185547,0.05989980697631836,0.05042326,0.4164332,-4.704413623218501,-0.1500848760575556,-0.046172394082983244,0.0,400,0.18065595626831055,0.003681100573369636,0.0025628242987704203,24800,-4.22166265806928,0.0
62,1.5708792209625244,-4.5639299737599694,0.12562735907577346,-4.261041159160114,-4.867300972361581,0.0,0.2369755389796785,0.1,0.0037543773651123047,0.05928635597229004,0.05037795,0.46623862,-4.6903652582726485,-0.14890253655862618,-0.045713506722531196,0.0,400,0.17155933380126953,0.0045981640303932895,0.0031935637455488743,25200,-4.222043814282365,0.0
63,1.607095718383789,-4.616069402147587,0.10889669014434616,-4.409630758247786,-4.815974267636915,0.0,0.25016071298848114,0.1,0.0030052661895751953,0.05488419532775879,0.050066102,0.45875657,-4.682935672660143,-0.1517201508150989,-0.046228533241990666,0.0,400,0.15988707542419434,0.0031884814458809094,0.002480890195206101,25600,-4.211196594367927,0.0
64,1.5910000801086426,-4.5387578510863955,0.13864609904828487,-4.265705276582851,-4.796899237195546,0.0,0.24079212312107082,0.1,0.0030133724212646484,0.05113554000854492,0.04991436,0.4935633,-4.668517890502769,-0.14920238574425024,-0.0454658858880296,0.0,400,0.15300440788269043,0.007429104022845987,0.004002079928815327,26000,-4.240694787299468,0.0
65,1.5476255416870117,-4.535687347293905,0.13704133116090167,-4.278261837037792,-4.999805157936546,0.0,0.24936319833660467,0.1,0.0037584304809570312,0.05642390251159668,0.050458226,0.40024367,-4.655234836181883,-0.1481800940993079,-0.04542433788181904,0.0,400,0.1498856544494629,0.0038545235989989875,0.0026243470477320834,26400,-4.258506545172236,0.0
66,1.6845653057098389,-4.52458554269413,0.11924071438717188,-4.258099552293394,-4.83210350361409,0.0,0.24447080289514428,0.1,0.0022554397583007812,0.05288863182067871,0.05053958,0.40767303,-4.642169906833107,-0.1493779051194818,-0.04531918180129781,0.0,400,0.15413331985473633,0.0035272350547474545,0.0023075539782728455,26800,-4.268850683786679,0.0
67,1.560870885848999,-4.519154328678204,0.11026037167315841,-4.351734999051103,-4.883968509240936,0.0,0.2493183024262171,0.1,0.0025091171264648438,0.054641008377075195,0.04950843,0.38037026,-4.629868349017617,-0.14881119556394184,-0.045266541974442964,0.0,400,0.19556403160095215,0.005123619025403847,0.003524420671413192,27200,-4.268741518026901,0.0
68,1.7041733264923096,-4.5314247029444585,0.09745003337356005,-4.414339188292179,-4.814443097176634,0.0,0.2511427987176891,0.1,0.003003835678100586,0.049363136291503906,0.050770175,0.4437543,-4.620023984410301,-0.14846516112787794,-0.045392323311833176,0.0,400,0.14913272857666016,0.0035706682480687014,0.0018796077004638878,27600,-4.271094750688761,0.0
69,1.6167032718658447,-4.511725347211576,0.12649189442890527,-4.199438964588573,-4.745153700902153,0.0,0.24381401588917992,0.1,0.0037610530853271484,0.05832934379577637,0.049272943,0.46767777,-4.609194120690429,-0.14823619015433215,-0.04518487064061806,0.0,400,0.17071843147277832,0.0047670632136571234,0.003177186432849279,28000,-4.250742533068006,0.0
70,1.5848462581634521,-4.530553310441498,0.11577387853468689,-4.266224121115571,-4.683454004394425,0.0,0.2410305494867553,0.1,0.003750324249267578,0.046634674072265625,0.050501887,0.44618568,-4.601330039665536,-0.14817760164178823,-0.0453871134158642,0.0,400,0.15993094444274902,0.003114818423800763,0.001853769464090509,28400,-4.222966214058376,0.0
71,1.598893165588379,-4.506869898635824,0.09719284317607885,-4.279037296855059,-4.7048445390253315,0.0,0.2497751453136992,0.1,0.003004789352416992,0.04887676239013672,0.049728025,0.47891954,-4.591884025562565,-0.14833708100728893,-0.04513606126484433,0.0,400,0.15106749534606934,0.004122892212952101,0.0028341142895706196,28800,-4.245359307997914,0.0
72,1.5847516059875488,-4.505121305737457,0.09435835649878387,-4.320858510483011,-4.766349547725891,0.0,0.2557116678541949,0.1,0.003261089324951172,0.051422834396362305,0.050409894,0.3739571,-4.583207753580054,-0.14694222860298822,-0.04511516130254598,0.0,400,0.15902924537658691,0.004173851434941049,0.002600215019473828,29200,-4.261149655386907,0.0
73,1.5854179859161377,-4.447619119715951,0.11115420356506579,-4.212226414997306,-4.587023450294642,0.0,0.25934336441120653,0.1,0.00327301025390625,0.05315709114074707,0.049998403,0.47601357,-4.569648890193644,-0.14603916290238925,-0.04455177331706956,0.0,400,0.1549084186553955,0.004882074023897498,0.002877179607322834,29600,-4.231562027302166,0.0
74,1.5762038230895996,-4.471605737358829,0.11356485941174554,-4.28352414817352,-4.846354211347989,0.0,0.2594357489738934,0.1,0.0017533302307128906,0.048890113830566406,0.05045213,0.3942804,-4.559844574910163,-0.14646604380618997,-0.04480419076341785,0.0,400,0.17052650451660156,0.004347464801503523,0.0029157824530406853,30000,-4.245017029076039,0.0
75,1.5965821743011475,-4.497445062486072,0.11097997949440985,-4.295926942136627,-4.703358932316961,0.0,0.23981895993594246,0.1,0.0025069713592529297,0.050879478454589844,0.050605983,0.4691012,-4.553604623667754,-0.14702234189056007,-0.045045585026547756,0.0,400,0.14983510971069336,0.005211827377514569,0.0023682483204510844,30400,-4.240355347078977,0.0
76,1.6129505634307861,-4.462648651928255,0.09713658999786336,-4.210868716409545,-4.677476730513541,0.0,0.24337540689606418,0.1,0.0030002593994140625,0.05764365196228027,0.050500784,0.44866285,-4.544509026493804,-0.14571085946496734,-0.04470155777787662,0.0,400,0.18473410606384277,0.003664557729883033,0.00219179708738156,30800,-4.225292606954427,0.0
77,1.6086523532867432,-4.396386472218801,0.11394020452000386,-4.212693787147313,-4.620713736178851,0.0,0.25729091924675046,0.1,0.0028307437896728516,0.047086477279663086,0.050385457,0.44418564,-4.529696771066304,-0.1457383943419955,-0.04404443889404534,0.0,400,0.14937138557434082,0.004957612051179457,0.0028414354836996986,31200,-4.225484248459479,0.0
78,1.6471271514892578,-4.433415874940177,0.11195557678905271,-4.211431464072812,-4.778769830643695,0.0,0.2458993837992604,0.1,0.0025141239166259766,0.04960203170776367,0.050141796,0.46208897,-4.520068681453692,-0.1458491247606612,-0.044410838210685366,0.0,400,0.15039920806884766,0.003339651866613201,0.0022355352497544323,31600,-4.213612725715853,0.0
79,1.5703113079071045,-4.415715062860906,0.10043470532148387,-4.225664376848461,-4.654348307390473,0.0,0.25021733525612877,0.1,0.002246856689453125,0.048853158950805664,0.050601434,0.4455685,-4.509633319594414,-0.14577250598353525,-0.04423563938658287,0.0,400,0.15540528297424316,0.004822099595139022,0.0033654770871026423,32000,-4.203766307017583,0.0
80,1.5745904445648193,-4.392221218885947,0.09101852800395654,-4.255852230269028,-4.624903024730427,0.0,0.2461175209150928,0.1,0.0037572383880615234,0.06037330627441406,0.050291467,0.3956723,-4.497892109523567,-0.14393553442368306,-0.0440033837684457,0.0,400,0.15640926361083984,0.005268873736212557,0.0034919077336749665,32400,-4.199941063410376,0.0
81,1.594872236251831,-4.413683540190585,0.11159073348232458,-4.209708473525549,-4.680288650640391,0.0,0.2572235463005826,0.1,0.0029976367950439453,0.04863572120666504,0.050429203,0.42020357,-4.489471252590269,-0.14646739243334506,-0.044218848192982614,0.0,400,0.15342473983764648,0.0032045642625318717,0.0022808040390032923,32800,-4.232190695180205,0.0
82,1.7305757999420166,-4.36364363424969,0.08863554201004521,-4.177637969452135,-4.546259186825356,0.0,0.24513205722729894,0.1,0.0022542476654052734,0.06317138671875,0.049722444,0.5708575,-4.476888490756211,-0.14394245184993792,-0.04371995458460362,0.0,400,0.1842799186706543,0.0028785672019437988,0.0018665694970843932,33200,-4.265944467526632,0.0
83,1.6273682117462158,-4.354046487899537,0.0857521529898417,-4.178852556313522,-4.5847396849223525,0.0,0.2515169417182973,0.1,0.003755331039428711,0.056420326232910156,0.050438195,0.5773088,-4.464604290470544,-0.14479432880044377,-0.04361913566169929,0.0,400,0.18419504165649414,0.003797422272740604,0.002477857015079805,33600,-4.21931850841006,0.0
84,1.6606230735778809,-4.388185233528137,0.0897465974090845,-4.164375154194185,-4.551176989025517,0.0,0.25424133980955577,0.1,0.003000020980834961,0.05562877655029297,0.04993843,0.47323495,-4.456962384776304,-0.1447802881093786,-0.0439683659962927,0.0,400,0.1521472930908203,0.0033115648684788304,0.0022930916976525765,34000,-4.21701772945771,0.0
85,1.61600923538208,-4.352670546838803,0.09505095363632697,-4.126826861981863,-4.544205465230222,0.0,0.2598420849266973,0.1,0.0022552013397216797,0.04765510559082031,0.050622717,0.3981821,-4.446533200982554,-0.14363310176099722,-0.043605851040198464,0.0,400,0.15706539154052734,0.0036636631738395783,0.002092174142755819,34400,-4.238958603429261,0.0
86,1.6661815643310547,-4.404557826566114,0.09407115669589866,-4.234927189969532,-4.58927630068781,0.0,0.25161914437511834,0.1,0.0022575855255126953,0.047842979431152344,0.0497935,0.4079691,-4.44233566354091,-0.14484866682487577,-0.04413057677681606,0.0,400,0.1684706211090088,0.0037965151470783567,0.0023427489234513093,34800,-4.184218757658109,0.0
87,1.6300787925720215,-4.388528380861924,0.0814418703627403,-4.265966910094316,-4.62837624119748,0.0,0.2550372186989318,0.1,0.0022504329681396484,0.05460643768310547,0.05015477,0.46623313,-4.436954935273012,-0.14397767664258013,-0.043964791423932156,0.0,400,0.17997336387634277,0.003003638579623264,0.0018924589705116399,35200,-4.166429778839365,0.0
88,1.7101383209228516,-4.343908538569267,0.11664083357576975,-4.163186709884994,-4.610518085475715,0.0,0.25672660179255696,0.1,0.0025157928466796875,0.07046270370483398,0.050410833,0.4316076,-4.427650295602637,-0.14438812881248866,-0.04352168464693511,0.0,400,0.16083502769470215,0.004549276665560591,0.0028934882566443456,35600,-4.164227340283179,0.0
89,1.5973188877105713,-4.3400617438709626,0.07232060979670324,-4.2082888148402615,-4.473302250275716,0.0,0.2348364596932299,0.1,0.0022499561309814453,0.049355506896972656,0.050989844,0.50806737,-4.41889144042947,-0.14244056676849398,-0.043477582579251696,0.0,400,0.15232300758361816,0.002988560396815947,0.001603083693626521,36000,-4.1770681416762026,0.0
90,1.6274354457855225,-4.3541963444037695,0.060572834438922155,-4.243541442863885,-4.480510165545032,0.0,0.2659013715894376,0.1,0.003004789352416992,0.04783511161804199,0.05048714,0.43268776,-4.4124219308269,-0.14462776918972198,-0.0436235166957081,0.0,400,0.19372320175170898,0.0032393839855128586,0.0021042054062941047,36400,-4.180857326474786,0.0
91,1.5817301273345947,-4.30633978487312,0.12090761381952435,-4.085877399849611,-4.525628884230611,0.0,0.2532398303616394,0.1,0.0022497177124023438,0.053154706954956055,0.05053543,0.42980167,-4.401813716231523,-0.1437518744574623,-0.043148561087771216,0.0,400,0.15056395530700684,0.004206120755173109,0.0029250988751701504,36800,-4.210513060968514,0.0
92,1.6071341037750244,-4.321024565379317,0.0931607401335566,-4.089708901512546,-4.506433043395426,0.0,0.2546777157528645,0.1,0.0029981136322021484,0.05063891410827637,0.05030223,0.4305621,-4.393734801146302,-0.14387779976185155,-0.043297084214152744,0.0,400,0.14750885963439941,0.004236143807455045,0.002565314187043517,37200,-4.189158367104639,0.0
93,1.5946924686431885,-4.303218388307089,0.09213922087113229,-4.134596493163303,-4.50366835729764,0.0,0.2678853654135168,0.1,0.003255128860473633,0.05064058303833008,0.050785616,0.39805165,-4.384683159862381,-0.14234611037988323,-0.043107699705550645,0.0,400,0.1765902042388916,0.00281539871285114,0.002038002186611689,37600,-4.1794302806729835,0.0
94,1.635807991027832,-4.280196005315519,0.10042945749522293,-4.107607149373187,-4.5099489581839745,0.0,0.26836159786059494,0.1,0.002251148223876953,0.049916744232177734,0.049626898,0.403497,-4.374234444407695,-0.14213695680468516,-0.042883895324166456,0.0,400,0.1669597625732422,0.004042256649595599,0.0023253638059329345,38000,-4.138521439779262,0.0
95,1.5881314277648926,-4.282188269976981,0.0749135301712762,-4.169579429467596,-4.425909554607488,0.0,0.26340704202097415,0.1,0.003804445266723633,0.048874616622924805,0.049616214,0.45970777,-4.365029826964624,-0.1423672602580823,-0.04291320459539303,0.0,400,0.16262507438659668,0.003059046371623733,0.0025955625404452875,38400,-4.107747041137428,0.0
96,1.6020686626434326,-4.292525892054291,0.09405164445778806,-4.049017433570998,-4.50612424997908,0.0,0.25925637541523744,0.1,0.002506732940673828,0.04686594009399414,0.050031953,0.45384404,-4.35777943347359,-0.14269292446848764,-0.04301078118268043,0.0,400,0.15440750122070312,0.0025302312501486327,0.0019634809143642263,38800,-4.070156498475567,0.0
97,1.5870592594146729,-4.288868404106924,0.0831668154335206,-4.134723618598984,-4.445281354171745,0.0,0.26970570242966263,0.1,0.0022513866424560547,0.05519509315490723,0.050541807,0.42075455,-4.3508883305369235,-0.14266767495162405,-0.042965934709980856,0.0,400,0.15793704986572266,0.004219318011944553,0.0026110171630611585,39200,-4.040474305961547,0.0
98,1.6361441612243652,-4.283707715855478,0.09831166439187927,-4.050383759317353,-4.480696924476021,0.0,0.26625510288372517,0.1,0.002249479293823242,0.048880815505981445,0.051029194,0.4076736,-4.344170269068779,-0.14293450821896075,-0.04292489008123471,0.0,400,0.15670013427734375,0.002830548872413625,0.0019416003491365746,39600,-4.065445357296709,0.0
99,1.6202125549316406,-4.255260454857115,0.08248966834178471,-4.001528172367965,-4.37041500214573,0.0,0.2587402275164435,0.1,0.0022478103637695312,0.05393218994140625,0.049662396,0.45611495,-4.335279287647612,-0.1420411336088467,-0.04263792530090932,0.0,400,0.15349388122558594,0.003173063507926763,0.00187300556873819,40000,-4.044215451870657,0.0
100,1.69356369972229,-4.215636877459164,0.08752397143394763,-4.053808680988546,-4.363534387211972,0.0,0.25375977285998297,0.1,0.0027794837951660156,0.0523836612701416,0.05041275,0.45863613,-4.3233150466287675,-0.14152614162141636,-0.04222567236340863,0.0,400,0.19469904899597168,0.003849001432683641,0.0020912835831854424,40400,-4.029215855568567,0.0
101,1.64921236038208,-4.271313702424281,0.08082316983548182,-4.086639664169083,-4.457944547489189,0.0,0.2515539366519341,0.1,0.0030052661895751953,0.05138754844665527,0.050512142,0.42029712,-4.318114912208319,-0.14353238305663404,-0.04279239306323739,0.0,400,0.15140724182128906,0.004524657659830206,0.00193712639330165,40800,-4.09915235780724,0.0
102,1.613462209701538,-4.246923690646553,0.06150921087924074,-4.126073538892679,-4.349681180918137,0.0,0.25729258419808343,0.1,0.0029990673065185547,0.07880854606628418,0.050171956,0.44035777,-4.310995790052143,-0.14341002477986883,-0.042556398684808885,0.0,400,0.15574383735656738,0.0022291137073707,0.001624627412763948,41200,-4.0603175507092555,0.0
103,1.6072099208831787,-4.26521676632126,0.10915762562403504,-4.048551197741216,-4.621370875408873,0.0,0.2679039415441538,0.1,0.003005504608154297,0.04964041709899902,0.050229996,0.43062142,-4.306417887679055,-0.14275312019260056,-0.042737020101233536,0.0,400,0.18581819534301758,0.004159696230568529,0.002641582329712683,41600,-4.056566117502999,0.0
104,1.5932965278625488,-4.260122352879993,0.0959682648075125,-4.036052433829946,-4.443278756856577,0.0,0.2517696762592305,0.1,0.002254009246826172,0.049642324447631836,0.05003016,0.48100722,-4.301788334199149,-0.142425716987268,-0.04268318620143364,0.0,400,0.15992164611816406,0.003368797004231185,0.0023823195798315694,42000,-4.072155620751448,0.0
105,1.5920593738555908,-4.232081180415743,0.10140375946307692,-4.058639117187672,-4.475367056678723,0.0,0.2639723269713537,0.1,0.002249479293823242,0.04834389686584473,0.050346907,0.39325833,-4.294817618820809,-0.14169889529855453,-0.04239780513123812,0.0,400,0.1514148712158203,0.004086146117497262,0.002730903758978311,42400,-3.9938612775832225,0.0
106,1.5755765438079834,-4.211988536713186,0.08004659322173534,-4.106951477252472,-4.421404080714266,0.0,0.25674358727578306,0.1,0.0029993057250976562,0.04843544960021973,0.0497272,0.5172157,-4.286534710610047,-0.14186616663733992,-0.042200743773469725,0.0,400,0.15686631202697754,0.003314968580039617,0.0020851548919562967,42800,-4.008017390121664,0.0
107,1.5839951038360596,-4.242813882730107,0.09446583074253523,-4.016366103518212,-4.444220605607766,0.0,0.2605139846228832,0.1,0.002626657485961914,0.05998706817626953,0.05066088,0.39446586,-4.282162627822053,-0.14230896533902077,-0.0425155503501031,0.0,400,0.15670347213745117,0.004118745157127042,0.0018918035226364006,43200,-3.9870422791189903,0.0
108,1.9500665664672852,-4.214367855275172,0.08809874068890479,-4.085227411913751,-4.463471379677107,0.0,0.2643322529937208,0.1,0.003004789352416992,0.060927629470825195,0.05041299,0.41082782,-4.2753831505673645,-0.1407331507388012,-0.04221456869321171,0.0,400,0.19325590133666992,0.002157531159293889,0.0013471586238834874,43600,-3.898026994072866,0.0
109,1.6346940994262695,-4.258005635260923,0.11595592281874742,-4.075839289963379,-4.565847129675365,0.0,0.2648828886943894,0.1,0.0022547245025634766,0.049166202545166016,0.050010867,0.3686421,-4.27364539903672,-0.14215618935205757,-0.04267327701862725,0.0,400,0.15077972412109375,0.004373439663054263,0.0029080658257305747,44000,-3.8716308935004498,0.0
110,1.5937166213989258,-4.21416840427364,0.09014351526295385,-4.02943062082045,-4.424317172095565,0.0,0.2549734577241187,0.1,0.002771615982055664,0.05159282684326172,0.05042301,0.4011188,-4.267697699560412,-0.14068381797292204,-0.04221716553774734,0.0,400,0.15595269203186035,0.0034056070834359796,0.0020597617903649348,44400,-3.9065870327192593,0.0
111,1.6342976093292236,-4.221883263287511,0.11901620728521696,-3.9827005537735114,-4.616075438001113,0.0,0.2599163721807925,0.1,0.0022504329681396484,0.05062603950500488,0.05028384,0.43019676,-4.263116255933122,-0.1421267654723518,-0.042310013924292796,0.0,400,0.16255497932434082,0.004009230817435886,0.0026177375877525356,44800,-3.868147893521402,0.0
112,1.5614850521087646,-4.1956340933471665,0.07646740888544794,-4.001112741893024,-4.378042824430301,0.0,0.2583026490886994,0.1,0.002254486083984375,0.05216217041015625,0.050527655,0.4157614,-4.256368039674527,-0.14181134146863342,-0.042053084635802825,0.0,400,0.16643881797790527,0.003998377919661099,0.002504333201886285,45200,-3.8703028698879622,0.0
113,1.5346417427062988,-4.233417770813528,0.11843513695076582,-4.072900785540577,-4.579566468045769,0.0,0.253989856179053,0.1,0.0022509098052978516,0.053191423416137695,0.050370883,0.3912044,-4.254073012788427,-0.14200894655296337,-0.042423643123145595,0.0,400,0.16100716590881348,0.005215911091987521,0.0020159895743670137,45600,-3.819722219421022,0.0
114,1.567566156387329,-4.1867554332881785,0.09419147893904631,-3.9823387410537974,-4.435854691361507,0.0,0.2702232647522609,0.1,0.0022552013397216797,0.05014538764953613,0.050563812,0.36384314,-4.247341254838402,-0.14104112164458735,-0.04196421305652961,0.0,400,0.16356301307678223,0.003201495676992362,0.0019354093002906837,46000,-3.8387091599045036,0.0
115,1.6323859691619873,-4.189240031442741,0.07626864024937313,-3.9903077448772373,-4.364583711261907,0.0,0.2656974037105411,0.1,0.0022482872009277344,0.06119966506958008,0.05050291,0.4041996,-4.241531132498836,-0.13994026813932525,-0.041980942264791515,0.0,400,0.15493488311767578,0.002387486507967066,0.001588925404275031,46400,-3.8412358058028815,0.0
116,1.554586410522461,-4.18506729910277,0.08438266799078292,-4.047408209615726,-4.406961966525035,0.0,0.2720791187481643,0.1,0.0022492408752441406,0.08753013610839844,0.050072238,0.40897238,-4.235884749159229,-0.14252897395689768,-0.0419143254964798,0.0,400,0.2166907787322998,0.003109878176887778,0.0018270514075765984,46800,-3.827877131367501,0.0
117,1.5766682624816895,-4.17064716001292,0.13554520278991464,-3.9597521945991145,-4.632723046777235,0.0,0.2878735796755602,0.1,0.002249479293823242,0.06250476837158203,0.05047843,0.31550825,-4.229360990244599,-0.1413342503866626,-0.04180395122454503,0.0,400,0.17133378982543945,0.004273586490943997,0.002889385961832791,47200,-3.822075942160955,0.0
118,1.5933828353881836,-4.193310857063806,0.08107513378004821,-3.9709035303597786,-4.310707120172693,0.0,0.26349801608742834,0.1,0.002249002456665039,0.05973243713378906,0.050504036,0.4742835,-4.22575597692652,-0.14097454637794363,-0.042015704324576165,0.0,400,0.14539480209350586,0.0028383507191985097,0.0015903120372132366,47600,-3.813403592932778,0.0
119,1.6480798721313477,-4.152710659611161,0.10500834000573306,-3.9151858220800446,-4.385908818273296,0.0,0.27873673199845467,0.1,0.0025022029876708984,0.07567572593688965,0.05029763,0.3669801,-4.218451445194984,-0.14069516177032385,-0.04162220053929417,0.0,400,0.2002859115600586,0.004528512938827072,0.0032050633453517842,48000,-3.77637800754553,0.0
120,1.5507373809814453,-4.154444323709667,0.07888589372315076,-4.01723981414939,-4.324439151832154,0.0,0.27756755523860854,0.1,0.002248525619506836,0.04883933067321777,0.050029647,0.45529044,-4.2120507330464525,-0.13994435765786473,-0.04163326985653197,0.0,400,0.1526050567626953,0.002802626501315575,0.0019207792056919284,48400,-3.7184097799275433,0.0
121,1.5750977993011475,-4.167043218195219,0.08032315688184635,-4.0106116447739355,-4.378778270427279,0.0,0.2684773535516227,0.1,0.0015058517456054688,0.05161333084106445,0.050337877,0.40381798,-4.207549981561329,-0.1407900033478839,-0.0417599394461682,0.0,400,0.1639106273651123,0.0026624592317726634,0.0019178677772665916,48800,-3.7164393670787055,0.0
122,1.564068078994751,-4.173591700348282,0.08204633925097196,-3.982022575047803,-4.306109264051687,0.0,0.262712384321641,0.1,0.003004312515258789,0.05234837532043457,0.050345402,0.4102224,-4.204154153440024,-0.14011011901554016,-0.04183456840113235,0.0,400,0.18472814559936523,0.002221947622274541,0.0014836635712440864,49200,-3.761603056770477,0.0
123,1.599886417388916,-4.137339712184047,0.09952987672422174,-3.9677165528917366,-4.438648310827873,0.0,0.27378140248662447,0.1,0.0022497177124023438,0.05111551284790039,0.050181974,0.37607148,-4.197472709314426,-0.13852127199699826,-0.041449509370184864,0.0,400,0.15439534187316895,0.0028802497524467716,0.0018950769818529085,49600,-3.7277520581335053,0.0
124,1.6728112697601318,-4.11682293470561,0.0948890860514854,-3.9153729912535296,-4.331300809176109,0.0,0.26628339128511813,0.1,0.002507925033569336,0.06161069869995117,0.05064039,0.3990226,-4.189407731853544,-0.13942302911064755,-0.04126581772848234,0.0,400,0.1596980094909668,0.0031660505758404124,0.00213779064524439,50000,-3.7034233091635698,0.0
125,1.6104974746704102,-4.111305049018668,0.09481310566434528,-3.956680248231129,-4.2826773364069055,0.0,0.258656597765104,0.1,0.0025115013122558594,0.050836801528930664,0.050773174,0.37671143,-4.181597463570056,-0.13889227795273065,-0.04120132753944849,0.0,400,0.1515824794769287,0.0025660578641306187,0.0017257717127541138,50400,-3.7227213873208433,0.0
126,1.6730055809020996,-4.099033296023702,0.10935520978740575,-3.9336257856888466,-4.4154746958658455,0.0,0.28939797914437815,0.1,0.0022504329681396484,0.057381629943847656,0.05035664,0.30761948,-4.173341046815421,-0.1380428905471107,-0.041076743265486895,0.0,400,0.1892235279083252,0.002704867368167597,0.0028551005935011937,50800,-3.7146077012644847,0.0
127,1.6023492813110352,-4.0883658342318085,0.10058037563566993,-3.873090139645454,-4.260362302501473,0.0,0.2567808582178776,0.1,0.002249479293823242,0.044350385665893555,0.050581604,0.47292113,-4.1648435255570595,-0.13823163348630127,-0.040970274853410524,0.0,400,0.1563091278076172,0.0036868531659213777,0.0018335615696016005,51200,-3.7139297741946415,0.0
128,1.54689621925354,-4.081784659864891,0.08971738088559328,-3.9130825954734982,-4.228353158569184,0.0,0.2683090028514388,0.1,0.0022504329681396484,0.050118207931518555,0.050310448,0.36411145,-4.156537638987842,-0.13826662072736987,-0.04091973677222732,0.0,400,0.1550426483154297,0.0033336657660270387,0.0019271644719936467,51600,-3.6839156848609695,0.0
129,1.8567914962768555,-4.123122239777653,0.10000577969441965,-3.9884901789706735,-4.410283694896875,0.0,0.2810085407415381,0.1,0.0022478103637695312,0.05162858963012695,0.050331403,0.36757964,-4.1531960990668235,-0.13932358263284958,-0.041280414003435434,0.0,400,0.15839004516601562,0.00393618290425663,0.0032829094906790053,52000,-3.7140700571886343,0.0
130,1.6061694622039795,-4.094205516287477,0.09927177416903012,-3.923497222760363,-4.362470472037049,0.0,0.2704160119156255,0.1,0.0029981136322021484,0.04917025566101074,0.050231952,0.3622201,-4.147297040788889,-0.1373242496432202,-0.04104380813733335,0.0,400,0.1486341953277588,0.004285565668741377,0.0022955018171547607,52400,-3.7218585638913817,0.0
131,1.579984426498413,-4.0684958597241945,0.09405001148102729,-3.916239171441478,-4.3100384922019055,0.0,0.27306449429555324,0.1,0.0032596588134765625,0.051802635192871094,0.050149985,0.40134323,-4.139416922682419,-0.13863031713458965,-0.0407859799832391,0.0,400,0.15751028060913086,0.0033920503747528253,0.002033371674808494,52800,-3.706937164704469,0.0
132,1.5942752361297607,-4.081573163905959,0.09231833692407361,-3.9444509560442547,-4.30825686008245,0.0,0.2581610903102172,0.1,0.0032591819763183594,0.04696846008300781,0.050511803,0.42702618,-4.133632546804773,-0.13831938727550488,-0.040912781355894434,0.0,400,0.14824390411376953,0.0023963400430723667,0.001460966510773487,53200,-3.7050649034335175,0.0
133,1.5874781608581543,-4.090128063305394,0.14703465097948967,-3.821623519894272,-4.334581622672823,0.0,0.2690591999840373,0.1,0.003262042999267578,0.051621198654174805,0.05002006,0.3895456,-4.129282098454835,-0.13789837429252827,-0.04098252517660684,0.0,400,0.15213704109191895,0.004752230490419535,0.002792808746021961,53600,-3.6893612693386557,0.0
134,1.542593240737915,-4.06892237213543,0.1231447229763421,-3.8357307599120762,-4.342915456273066,0.0,0.2718080530703603,0.1,0.0030035972595214844,0.052126169204711914,0.050267924,0.3896847,-4.123246125822894,-0.13685066090266612,-0.0407566390971426,0.0,400,0.15520548820495605,0.004301579229810387,0.003914361623901842,54000,-3.713592225036307,0.0
135,1.5541701316833496,-4.055454820223765,0.08577255254325365,-3.900251759994855,-4.238464579571838,0.0,0.27171196700131667,0.1,0.0029997825622558594,0.0482027530670166,0.050351165,0.3572268,-4.116466995262981,-0.1373595299880436,-0.04063928513686054,0.0,400,0.15941786766052246,0.004106769603245472,0.002301429553723037,54400,-3.7255112844480727,0.0
136,1.5723488330841064,-4.013738681663712,0.09412116833308522,-3.7799202406442953,-4.219180441218494,0.0,0.279860508056141,0.1,0.0014996528625488281,0.05038118362426758,0.050400086,0.4108131,-4.106194163903055,-0.1348731156548582,-0.040230513490078695,0.0,400,0.15363478660583496,0.005135772238627087,0.00214573693923781,54800,-3.7040680521016136,0.0
137,1.7191267013549805,-4.064588743266268,0.1036695404807801,-3.9171331084040566,-4.29734509786747,0.0,0.2786580645570751,0.1,0.002999544143676758,0.05163311958312988,0.050251875,0.37082818,-4.102033621839376,-0.13730403898641985,-0.04071455461144732,0.0,400,0.15140891075134277,0.0036941846598744863,0.002086726177112493,55200,-3.6856253642956225,0.0
138,1.5468266010284424,-4.02247722541195,0.10092452529267124,-3.7681856436384864,-4.262759041571488,0.0,0.288960273326195,0.1,0.0030002593994140625,0.05163455009460449,0.05067822,0.37220454,-4.094077982196634,-0.13610117221814183,-0.04032237750472353,0.0,400,0.2034010887145996,0.003321966569697298,0.0022221068498384316,55600,-3.6383950716455,0.0
139,1.604076862335205,-4.042518975832888,0.09261250362044621,-3.819660611699101,-4.270974690341012,0.0,0.2724900700814403,0.1,0.002506256103515625,0.04937338829040527,0.05020811,0.3786879,-4.088922081560259,-0.13741851420076737,-0.04052401139754483,0.0,400,0.15551018714904785,0.0029658917610452464,0.0020562444019624373,56000,-3.6419401054372216,0.0
140,1.5801165103912354,-4.04162992281463,0.11677095825671306,-3.79671363638403,-4.289207061225555,0.0,0.2752170637450472,0.1,0.0029981136322021484,0.05450320243835449,0.05027556,0.38518417,-4.084192865685696,-0.13671102113815473,-0.04051249252509444,0.0,400,0.18972015380859375,0.004379477859100419,0.0025181834182844663,56400,-3.620982883783534,0.0
141,1.5735373497009277,-3.9889146453773012,0.09818757755243765,-3.8237566580424076,-4.141054595482397,0.0,0.28299750827706305,0.1,0.0015001296997070312,0.049172401428222656,0.05072837,0.38796625,-4.074665043654857,-0.13491418165951555,-0.03999306200240559,0.0,400,0.19626736640930176,0.0034108865659781638,0.002127990033447082,56800,-3.603405137127505,0.0
142,1.7561137676239014,-3.998137538630524,0.11499604368095892,-3.8391055617291148,-4.238202536342384,0.0,0.28093258640247415,0.1,0.0025038719177246094,0.0721750259399414,0.04988327,0.39047667,-4.067012293152423,-0.1363170136035194,-0.040081717964301766,0.0,400,0.17113113403320312,0.0030914850053762968,0.0020916886289445067,57200,-3.546341014458787,0.0
143,1.760786533355713,-4.001686901288831,0.11461320456555556,-3.7307629502620956,-4.214509353498056,0.0,0.2854877144772765,0.1,0.002262115478515625,0.061374664306640625,0.050182935,0.39360452,-4.060479753966064,-0.13507416951984377,-0.040105863033693324,0.0,400,0.19296693801879883,0.0030110089808427737,0.002169750682006674,57600,-3.573270399717009,0.0
144,1.6777148246765137,-3.9868471877221965,0.10855742528635674,-3.8030690418105793,-4.320850451388374,0.0,0.2765838574979198,0.1,0.004774808883666992,0.05765056610107422,0.05082897,0.34911254,-4.053116497341677,-0.1349341802441596,-0.03996346208188604,0.0,400,0.22629809379577637,0.0031412356958924136,0.0021233070683070255,58000,-3.521440091021585,0.0
145,1.7630529403686523,-3.976710089873462,0.09898626233460175,-3.715043999454493,-4.157722785434492,0.0,0.2664035993325293,0.1,0.003263711929321289,0.05994415283203125,0.049904037,0.43874303,-4.045475856594856,-0.13361503658189297,-0.03986859386024167,0.0,400,0.1759357452392578,0.0029048984433981974,0.0019902045207220633,58400,-3.5074877063408465,0.0
146,1.6101763248443604,-3.9929045495224016,0.09652575758948702,-3.7910895125410717,-4.165620401100981,0.0,0.2861103515389674,0.1,0.002250194549560547,0.04939723014831543,0.050153233,0.34992698,-4.040218725887611,-0.13494438206135725,-0.04003088239025972,0.0,400,0.1685497760772705,0.0030234829600589413,0.00206158765253252,58800,-3.482619471295618,0.0
147,1.6182780265808105,-3.9575304207864623,0.10620267199021055,-3.7478848778135,-4.204161921155754,0.0,0.27544290996765775,0.1,0.003267526626586914,0.05965709686279297,0.05096863,0.36762348,-4.031949895377496,-0.13437259712154392,-0.03965197512017305,0.0,400,0.1788802146911621,0.0029157789945405484,0.0020425805806299872,59200,-3.4598046895436143,0.0
148,1.5601933002471924,-3.917286145518683,0.0868488353087364,-3.7526291587022107,-4.189987683756835,0.0,0.28495995772873534,0.1,0.0022504329681396484,0.04987025260925293,0.049902815,0.4334906,-4.020483520391615,-0.13373259226766632,-0.03927477914855207,0.0,400,0.1600964069366455,0.0024668050419132575,0.0016277489959923873,59600,-3.4559547923149294,0.0
149,1.701972246170044,-3.94214968870667,0.15169583772573436,-3.747984513167184,-4.525419346503955,0.0,0.27624379086167883,0.1,0.0040132999420166016,0.10304713249206543,0.04988693,0.30005142,-4.01265013722312,-0.13430061916706726,-0.03952868577638969,0.0,400,0.4572784900665283,0.006366846285457115,0.004154408939049784,60000,-3.494240139694937,0.0
150,1.6299855709075928,-3.9735990331734263,0.13201790602152128,-3.7631944476552563,-4.272130113751595,0.0,0.2943960449134527,0.1,0.0022618770599365234,0.04901933670043945,0.049963217,0.35336342,-4.008745026818151,-0.13500233476737303,-0.03983463030643974,0.0,400,0.15718698501586914,0.004754058836273193,0.0032180821298461305,60400,-3.513498926107421,0.0
151,1.6173641681671143,-3.9114446978786748,0.10938211063275774,-3.645820511116652,-4.152898728554916,0.0,0.27691820880668044,0.1,0.002511262893676758,0.049371957778930664,0.050469376,0.39645264,-3.9990149939242032,-0.13247462468547339,-0.039213303511061774,0.0,400,0.15437674522399902,0.0032990987938103485,0.0021265897396425134,60800,-3.505760935391892,0.0
152,1.5853126049041748,-3.9239605978877417,0.10398400689041352,-3.732453696971241,-4.2489439822624595,0.0,0.2770725646868382,0.1,0.004007101058959961,0.05391049385070801,0.050064877,0.35262656,-3.991509554320557,-0.13370783479594528,-0.0393462470162282,0.0,400,0.1589031219482422,0.002737700776853116,0.002118220797078635,61200,-3.4744879192150213,0.0
153,1.6088953018188477,-3.8966849902437315,0.11730804422318081,-3.6581712844417815,-4.271141106714162,0.0,0.28408408787103984,0.1,0.0025091171264648438,0.06510233879089355,0.050615907,0.35219276,-3.9820270979128747,-0.13215746673800866,-0.03907807631973822,0.0,400,0.15923309326171875,0.0031744859968652213,0.0019217608370864854,61600,-3.4782668997048645,0.0
154,1.621739149093628,-3.896526600130537,0.11803302084747638,-3.661155919245534,-4.119712533274516,0.0,0.27773095479958715,0.1,0.0032596588134765625,0.04989290237426758,0.049931116,0.42588684,-3.973477048134641,-0.13200007567204547,-0.0390709041274869,0.0,400,0.16193199157714844,0.0032755268852576874,0.002205468542345538,62000,-3.444528074804495,0.0
155,1.5556552410125732,-3.8970687240498707,0.10986908635441726,-3.7208837753992157,-4.194576239357223,0.0,0.281035208776147,0.1,0.0025110244750976562,0.04634451866149902,0.050346795,0.3406843,-3.9658362157261644,-0.13225214912514832,-0.03907199456008073,0.0,400,0.16928458213806152,0.0030577538448681263,0.0018928912794660246,62400,-3.428763397506848,0.0
156,1.5817067623138428,-3.8820021899386954,0.12047734346982228,-3.696061218000392,-4.218384129779214,0.0,0.28911863954493405,0.1,0.0022454261779785156,0.05261731147766113,0.050842553,0.36567524,-3.957452813147418,-0.1316789955917506,-0.03891961267267868,0.0,400,0.1544027328491211,0.00334184898081597,0.0022820330298420973,62800,-3.3902124268806055,0.0
157,1.5758616924285889,-3.8562080302231228,0.09951561059376438,-3.6710824742747876,-4.020060310996884,0.0,0.28470418249425455,0.1,0.0037496089935302734,0.04815173149108887,0.05046528,0.3858245,-3.947328334854989,-0.13106595020698494,-0.03863781343896281,0.0,400,0.15897393226623535,0.004233627231648732,0.0023618853843391727,63200,-3.375865774361679,0.0
158,1.6387062072753906,-3.827291636767463,0.07430623957594798,-3.723250240492454,-3.9642642288148098,0.0,0.2704873944014523,0.1,0.0015027523040771484,0.053650856018066406,0.05062427,0.37939143,-3.9353246650462363,-0.13048586278538957,-0.03837507262420899,0.0,400,0.14933276176452637,0.0029855916039440078,0.0015879115764890243,63600,-3.385196211220575,0.0
159,1.6382694244384766,-3.892679201232474,0.14277380359819805,-3.646475911475327,-4.352195057236829,0.0,0.2941970051468772,0.1,0.00225067138671875,0.047844648361206055,0.050032433,0.32286057,-3.9310601186648606,-0.13186692126992625,-0.03902237083698029,0.0,400,0.1686115264892578,0.005628697709353129,0.0034275456941568506,64000,-3.3816730217026345,0.0
160,1.6075096130371094,-3.851460160745311,0.09108882150970242,-3.7189451720182656,-4.148098632095522,0.0,0.267774104160531,0.1,0.0027799606323242188,0.04990077018737793,0.050791036,0.4145256,-3.923100122872906,-0.13011665471885997,-0.038617979909899326,0.0,400,0.15439510345458984,0.0036010044033400685,0.001779318574952622,64400,-3.3651578348941777,0.0
161,1.6293370723724365,-3.82555600305359,0.10720747976559043,-3.6728655968673305,-3.9948229779099496,0.0,0.2899685560335224,0.1,0.0029981136322021484,0.05186104774475098,0.050154038,0.35273924,-3.9133457108909746,-0.13054563914698927,-0.03833821737552413,0.0,400,0.19223499298095703,0.003551013934293484,0.002122985722139565,64800,-3.3828198305895123,0.0
162,1.5931577682495117,-3.8384241654810807,0.09946443609105955,-3.668386350038969,-4.002598651827979,0.0,0.2957949425134591,0.1,0.0022492408752441406,0.04764914512634277,0.04981124,0.3671385,-3.905853556349985,-0.13113821543657228,-0.03848275025541394,0.0,400,0.16371750831604004,0.0026909621519467203,0.001528961873422506,65200,-3.360387046017121,0.0
163,1.5929780006408691,-3.8342599790475798,0.09659025246127054,-3.661899094545882,-4.047239243170412,0.0,0.28208919505702895,0.1,0.0029990673065185547,0.04987502098083496,0.050069906,0.35293007,-3.8986941986197445,-0.12985063425963866,-0.03843993745993914,0.0,400,0.18807578086853027,0.0025266058342904426,0.0018668176490934986,65600,-3.336359763209555,0.0
164,1.6039304733276367,-3.8121583608726723,0.11123463780733299,-3.6357240341012282,-4.145804649773793,0.0,0.2873338912532833,0.1,0.0022499561309814453,0.05235123634338379,0.050479647,0.33619145,-3.890040614845037,-0.12878553447179789,-0.03823098150035544,0.0,400,0.1589646339416504,0.003990217273835584,0.0022713922165332624,66000,-3.3389496637433056,0.0
165,1.6186223030090332,-3.845068089115313,0.1077386969850697,-3.6214991137618844,-4.0024414416173615,0.0,0.2738742649442816,0.1,0.0022563934326171875,0.04839062690734863,0.050295133,0.41748467,-3.885543362272065,-0.13174079017705617,-0.0385394015462996,0.0,400,0.16388177871704102,0.00376805554170782,0.0018312761096529176,66400,-3.304670386257419,0.0
166,1.6029133796691895,-3.8008748691891117,0.10926876177549975,-3.596013436697571,-4.132557830423772,0.0,0.28506726598324256,0.1,0.0037593841552734375,0.04941749572753906,0.050171413,0.37158853,-3.8770765129637694,-0.12971888465563045,-0.0381103092708657,0.0,400,0.149092435836792,0.0030428710415891912,0.002093589041823438,66800,-3.3277909266723165,0.0
167,1.6332859992980957,-3.8087772770520467,0.10533880406957777,-3.657223626929451,-4.021909970326368,0.0,0.28833454441731765,0.1,0.0022497177124023438,0.06717395782470703,0.049862422,0.33807194,-3.870246589372597,-0.13000784026419998,-0.03819789416988156,0.0,400,0.1762223243713379,0.0030729686579644144,0.0021776960111795697,67200,-3.340511963680581,0.0
168,1.620851755142212,-3.7632591307012047,0.09512972832553265,-3.5969257558999153,-4.043031065599477,0.0,0.2844127213571183,0.1,0.0030019283294677734,0.05213809013366699,0.050183516,0.34876662,-3.8595478435054575,-0.1275532886966746,-0.0377427590223355,0.0,400,0.16003990173339844,0.003639635057625174,0.0021459447117989153,67600,-3.3661150592343816,0.0
169,1.5707957744598389,-3.781365253549504,0.0899173803839816,-3.644687324295753,-3.9958331651950565,0.0,0.2950207247394363,0.1,0.0032625198364257812,0.048341989517211914,0.050364375,0.35809922,-3.8517295845098625,-0.12896585910677055,-0.03790990368394701,0.0,400,0.151414155960083,0.002402657215553857,0.0016426398372023309,68000,-3.3159412455486725,0.0
170,1.5940632820129395,-3.779912267409726,0.09673449585313401,-3.636307819265834,-4.0122871750014735,0.0,0.2885502486215295,0.1,0.0030052661895751953,0.06643009185791016,0.050407737,0.3412733,-3.844547852799849,-0.12817237243556043,-0.037907367443193805,0.0,400,0.18241524696350098,0.0032826622397671744,0.0021195494761553652,68400,-3.29075083959125,0.0
171,1.6038403511047363,-3.7741325256512535,0.09662072156954983,-3.6261530600115375,-4.001035280032798,0.0,0.29539750824051564,0.1,0.0015001296997070312,0.0489199161529541,0.050760794,0.34654778,-3.8375063200849895,-0.1280370287175662,-0.03785447447026707,0.0,400,0.1656804084777832,0.0029985730323183277,0.0016572030282550885,68800,-3.2991040338150723,0.0
172,1.8660790920257568,-3.7493844737408786,0.08926430326137084,-3.5974512155587006,-4.018408497642949,0.0,0.299202049518688,0.1,0.003267049789428711,0.06317949295043945,0.049930304,0.3210425,-3.8286941354505784,-0.1277279751538966,-0.03759692221971101,0.0,400,0.15710806846618652,0.003372871894258981,0.0022258359118540894,69200,-3.2879337475185038,0.0
173,1.6132879257202148,-3.765052741877318,0.09291248379808441,-3.6251850502418157,-3.9906297488650226,0.0,0.2899840631867555,0.1,0.002248048782348633,0.05840921401977539,0.05026231,0.3481388,-3.8223299960932526,-0.12770618005038697,-0.037756013181385266,0.0,400,0.18852829933166504,0.002330650634678,0.0015535007358681817,69600,-3.282137209151319,0.0
174,1.623885154724121,-3.753284835321296,0.11346045913780133,-3.6302341168372982,-4.181471511474874,0.0,0.28998811841972993,0.1,0.002255678176879883,0.05138230323791504,0.050581858,0.3142074,-3.815425480016057,-0.1287262920346333,-0.03764900055398654,0.0,400,0.1567678451538086,0.003282739323375803,0.00241981497840584,70000,-3.275117059313321,0.0
175,1.5655157566070557,-3.727390283701782,0.09132170656867679,-3.5529765169410608,-4.0637196885547135,0.0,0.27620592815717604,0.1,0.0035152435302734375,0.051415443420410156,0.05051424,0.37273622,-3.80662196038463,-0.12668232618729813,-0.037381998081718514,0.0,400,0.15671753883361816,0.002360616901185623,0.0014177690730937335,70400,-3.273291871334243,0.0
176,1.590059757232666,-3.703346703352275,0.09239607025928377,-3.517335456636292,-3.9115334413208065,0.0,0.29856705013872,0.1,0.00401759147644043,0.04534792900085449,0.049871806,0.3308154,-3.7962944346813945,-0.1266751047690989,-0.03714227982819108,0.0,400,0.14537477493286133,0.0025901607077989824,0.0016988439782847295,70800,-3.2665153735004147,0.0
177,1.588045597076416,-3.726418445047363,0.07952061573703212,-3.560565889118101,-3.937277756137094,0.0,0.2998932228606504,0.1,0.0025091171264648438,0.05011725425720215,0.049624838,0.34709877,-3.7893068357179915,-0.12765277520857096,-0.03737011036321594,0.0,400,0.15846490859985352,0.0023337325519717845,0.0015350231502708211,71200,-3.256864552660514,0.0
178,1.6095306873321533,-3.7437099027342926,0.09551178337406842,-3.5262096088711252,-3.927002238754264,0.0,0.3017168999519796,0.1,0.002249002456665039,0.05236172676086426,0.05008044,0.33430612,-3.7847471424196217,-0.12796599588854699,-0.037535617226476525,0.0,400,0.14833641052246094,0.0031796623554880507,0.001878393009729855,71600,-3.279203986006938,0.0
179,1.5915594100952148,-3.6973522464371853,0.0761153425592746,-3.5863912398694127,-3.894748693930588,0.0,0.2876884919525885,0.1,0.0025055408477783203,0.04786419868469238,0.049949255,0.34330842,-3.776007652821378,-0.12580726185766974,-0.0370836008567318,0.0,400,0.20510125160217285,0.002583966810034268,0.0015603157604736032,72000,-3.271509874878673,0.0
180,1.5585365295410156,-3.6938784254095003,0.06752209783775072,-3.5818669824508484,-3.9238438856409528,0.0,0.2929238516167172,0.1,0.0032618045806884766,0.04636263847351074,0.050217886,0.3749666,-3.7677947300801904,-0.1259759321578987,-0.037037923107363556,0.0,400,0.14619660377502441,0.002228186005237633,0.0014414175358423902,72400,-3.2882175383465198,0.0
181,1.6307463645935059,-3.73869228080463,0.1048873423841868,-3.57062331411111,-3.9758725729790165,0.0,0.2712013937879123,0.1,0.0037496089935302734,0.04838442802429199,0.050328307,0.3679767,-3.7648844851526344,-0.12699289895455904,-0.0375007291200341,0.0,400,0.15374016761779785,0.002850985446740291,0.002136501735511945,72800,-3.2869929777362756,0.0
182,1.6043286323547363,-3.7192610383077,0.08545093015607241,-3.581795455083302,-3.9160595300732566,0.0,0.28058477799499365,0.1,0.0022482872009277344,0.05667567253112793,0.04975517,0.41978425,-3.760322140468141,-0.12693686777946625,-0.03730421901155859,0.0,400,0.17446327209472656,0.0031007960890627735,0.0019123095232274428,73200,-3.2806059580181897,0.0
183,1.6401362419128418,-3.709350510999676,0.09215176208924235,-3.549481578979819,-3.9078454992485896,0.0,0.2864903685805464,0.1,0.0022678375244140625,0.04534149169921875,0.050325755,0.36418754,-3.7552249775212947,-0.12694989161692294,-0.03719855132138291,0.0,400,0.1485881805419922,0.0029731609168894093,0.0018252609614388946,73600,-3.3040296397675264,0.0
184,1.5735032558441162,-3.7280656819466196,0.09752913615289664,-3.59593498890975,-4.009286207403837,0.0,0.2911545175967851,0.1,0.003000020980834961,0.05389761924743652,0.05035899,0.32737517,-3.7525090479638274,-0.12683617902004954,-0.03738753485251833,0.0,400,0.2707853317260742,0.002905818550219116,0.0016634742480775807,74000,-3.2752811809598805,0.0
185,1.5870184898376465,-3.6933857157794487,0.08204044346702838,-3.499493313175601,-3.84771407717635,0.0,0.2954140411511067,0.1,0.002254962921142578,0.048621416091918945,0.050185155,0.3901046,-3.74659671474539,-0.1257396154661091,-0.03704158230689048,0.0,400,0.15315556526184082,0.002391949039915795,0.001626934485937326,74400,-3.2631468064077525,0.0
186,1.59279203414917,-3.7061677054575215,0.08502216898424274,-3.5460332402668673,-3.9094707818656507,0.0,0.28287412891142033,0.1,0.0032722949981689453,0.04911351203918457,0.050179042,0.37423122,-3.742553813816603,-0.12662397546125492,-0.037169242353300457,0.0,400,0.15967655181884766,0.0024069903132349483,0.0015046212390573096,74800,-3.2297331051781546,0.0
187,1.5471913814544678,-3.6660441790866622,0.07187656157788513,-3.556792208915501,-3.7797318438574954,0.0,0.28763657700569795,0.1,0.0030002593994140625,0.048655033111572266,0.050146524,0.3596285,-3.734902850343609,-0.12572244082279518,-0.03677291412981918,0.0,400,0.15236353874206543,0.0022757924755243916,0.0012465002605680478,75200,-3.249395277111178,0.0
188,1.586313247680664,-3.7165641248158896,0.09770277322214478,-3.5073028920742013,-3.9242111748971724,0.0,0.294168339395761,0.1,0.002250194549560547,0.051256418228149414,0.05033025,0.36480027,-3.733068977790837,-0.1274582962808206,-0.03727530122355753,0.0,400,0.15318036079406738,0.003201838360372326,0.0020094131442790625,75600,-3.22585691144445,0.0
189,1.5954406261444092,-3.6849780821373876,0.09128400403095757,-3.505688370837885,-3.95165539346778,0.0,0.2962533394698325,0.1,0.0025038719177246094,0.04613184928894043,0.050220434,0.3493812,-3.7282598882254923,-0.12637559362740247,-0.03695767433016609,0.0,400,0.14843368530273438,0.00273019699836206,0.0014105356223949475,76000,-3.211476409538121,0.0
190,1.5721824169158936,-3.7147634097809163,0.123311291768802,-3.5703487245580083,-4.101624590727454,0.0,0.2915337492642366,0.1,0.0030045509338378906,0.048227548599243164,0.050352387,0.31767917,-3.7269102403810344,-0.12778696278082902,-0.03725708539733021,0.0,400,0.15744876861572266,0.004290408964899196,0.0036016317668143413,76400,-3.216099457766119,0.0
191,1.5871665477752686,-3.708914593813175,0.0879507101311996,-3.554196006183812,-3.8986482434639087,0.0,0.30451658122307174,0.1,0.0030045509338378906,0.0510861873626709,0.050252046,0.35064873,-3.725110675724249,-0.12698664476143687,-0.03719377746751216,0.0,400,0.22882604598999023,0.003089243612807603,0.0018537659744764048,76800,-3.226045103413255,0.0
192,1.618049144744873,-3.6713670358262425,0.10089691962781198,-3.55334007422624,-3.9733795736437028,0.0,0.2896653373754327,0.1,0.0025038719177246094,0.046593427658081055,0.050258365,0.3547446,-3.719736311734448,-0.12456282868824603,-0.03682447284714883,0.0,400,0.1479499340057373,0.0029675847764388955,0.002108375660311789,77200,-3.1992159835696192,0.0
193,1.6635947227478027,-3.6547042638706944,0.10717290243483737,-3.491699322806616,-4.00211434031077,0.0,0.29157221495571045,0.1,0.0032634735107421875,0.048346757888793945,0.050253883,0.34100014,-3.713233106948073,-0.12555422112445547,-0.03666227365296013,0.0,400,0.1499173641204834,0.0022567319815105175,0.0018664120109459232,77600,-3.196203300914887,0.0
194,1.5552189350128174,-3.6806645109987746,0.1001151549201521,-3.5091285740482694,-3.987636532258417,0.0,0.27966449296093604,0.1,0.0022547245025634766,0.04859423637390137,0.0506787,0.33528283,-3.7099762473531435,-0.12558754304964728,-0.03691888987846055,0.0,400,0.1538105010986328,0.002852241434898511,0.0017082602676103658,78000,-3.188930915691535,0.0
195,1.556478500366211,-3.6803284251169,0.07848774434859736,-3.5499387523684076,-3.8779562333963224,0.0,0.2881192234447299,0.1,0.0022499561309814453,0.052611589431762695,0.05039034,0.4111425,-3.7070114651295194,-0.12542736125225373,-0.036907761237474086,0.0,400,0.1522836685180664,0.002413670559600896,0.0014180463498049457,78400,-3.1732150524021234,0.0
196,1.6037847995758057,-3.652943401848195,0.09952258177419525,-3.4879797641155266,-3.8807968801923707,0.0,0.30053361712728394,0.1,0.0030117034912109375,0.05008101463317871,0.049702164,0.32947555,-3.701604658801387,-0.12535059457215228,-0.03662660263053126,0.0,400,0.15505385398864746,0.0027714285203516323,0.0016951445940267952,78800,-3.1756733213686075,0.0
197,1.5887629985809326,-3.6550585936539983,0.12542411327357894,-3.478236795053075,-4.051046840339496,0.0,0.2972677422257744,0.1,0.002998828887939453,0.04936838150024414,0.050287593,0.31431785,-3.696950052286648,-0.12490730340927252,-0.03666016966526005,0.0,400,0.1938769817352295,0.00367942379337809,0.002277113909153706,79200,-3.1714080836255176,0.0
198,1.5708348751068115,-3.605701124890174,0.07761951331269562,-3.474760637698325,-3.7599120447874217,0.0,0.2938873615035835,0.1,0.002263307571411133,0.05134105682373047,0.05042347,0.34801987,-3.6878251595470006,-0.12296360619068275,-0.036163749362041,0.0,400,0.1635725498199463,0.0029126035841646305,0.0018323217365125146,79600,-3.173927587694622,0.0
199,1.6078083515167236,-3.615908041474123,0.08558423488539836,-3.4640895598046004,-3.7849955699358206,0.0,0.2996250482279017,0.1,0.0025103092193603516,0.04596972465515137,0.050265055,0.33220032,-3.680633447739713,-0.12374852992869095,-0.03627049979013316,0.0,400,0.15134978294372559,0.00239266558197484,0.0015693559279464115,80000,-3.160130324060192,0.0
200,1.606860637664795,-3.6375032533156313,0.11441255258360977,-3.4082045621046877,-3.854251099136055,0.0,0.2819893702008788,0.1,0.0022499561309814453,0.05140113830566406,0.05008072,0.4715831,-3.6763204282973048,-0.12413325362827536,-0.03648519806112821,0.0,400,0.15940523147583008,0.003263366961151317,0.0027603977181149234,80400,-3.1565011584150033,0.0
201,1.6258563995361328,-3.595455188610109,0.08804919919957388,-3.4522593306545986,-3.8233127609607425,0.0,0.2872383685722751,0.1,0.003003835678100586,0.05146479606628418,0.050474558,0.35338664,-3.668233904328585,-0.12366137031863904,-0.03606677150488641,0.0,400,0.15638995170593262,0.003035277539218871,0.0018227055833640762,80800,-3.185673587670283,0.0
202,1.603687047958374,-3.610764939718322,0.09438994983411801,-3.443450779940848,-3.816970092697015,0.0,0.29957180084083845,0.1,0.002515077590942383,0.056416988372802734,0.05003943,0.32596225,-3.6624870078675587,-0.12402038320250047,-0.03622142384868558,0.0,400,0.1820383071899414,0.002447335557488785,0.001763606739907138,81200,-3.1526860066894224,0.0
203,1.6303138732910156,-3.627213851678726,0.07571627091938199,-3.4763336340060804,-3.832829010051103,0.0,0.29714418738365944,0.1,0.0029997825622558594,0.05388808250427246,0.050505977,0.35067227,-3.6589596922486756,-0.12482766594905258,-0.036374670485963156,0.0,400,0.14860200881958008,0.0017882870827388051,0.0012401427840184416,81600,-3.1619084136358184,0.0
204,1.6020283699035645,-3.554885012909034,0.05552322917118993,-3.461918853877237,-3.700264803973316,0.0,0.305085041060929,0.1,0.0030126571655273438,0.05313301086425781,0.050691806,0.31369224,-3.6485522243147113,-0.12177347007231899,-0.03565834818598332,0.0,400,0.1589372158050537,0.0033153093359639583,0.00124669186892814,82000,-3.167296504098317,0.0
205,1.581658124923706,-3.5793000525221204,0.08517031637369317,-3.4362557770238364,-3.7657910466092654,0.0,0.3079681838017226,0.1,0.00208282470703125,0.05398678779602051,0.050506897,0.33569434,-3.6416270071354524,-0.12356258324248329,-0.035906381420665864,0.0,400,0.17019963264465332,0.002544855311104975,0.0014547747694770635,82400,-3.1503297090779805,0.0
206,1.622734546661377,-3.5919245362143437,0.12237031727383212,-3.4256076976878536,-3.990637391436275,0.0,0.29154334948955285,0.1,0.0032896995544433594,0.0501103401184082,0.050196573,0.3265647,-3.6366567600433415,-0.12304149867079586,-0.036031071098563905,0.0,400,0.15464997291564941,0.00375332126381453,0.0026882525339300785,82800,-3.1673686555203373,0.0
207,1.601480484008789,-3.572151342919528,0.07386571787078809,-3.4215687514523023,-3.7168169515101335,0.0,0.30833538871451044,0.1,0.0030007362365722656,0.0478672981262207,0.05046113,0.3047867,-3.6302062183309602,-0.1226994783300713,-0.03583502788638091,0.0,400,0.14513111114501953,0.001597863096380205,0.0011658962400580254,83200,-3.167122012539564,0.0
208,1.6254897117614746,-3.5977278798772643,0.10591231096055552,-3.4525067886977245,-3.857349752699281,0.0,0.2913438303986254,0.1,0.003004312515258789,0.050368547439575195,0.050311446,0.32701787,-3.626958384485591,-0.12375758053519284,-0.036094873137145995,0.0,400,0.14996576309204102,0.003374496314633896,0.0018057618705795858,83600,-3.1544329579258803,0.0
209,1.5931758880615234,-3.583530514170393,0.1052332743361864,-3.4659144031741285,-3.969229101083734,0.0,0.29184237589845335,0.1,0.0030052661895751953,0.050365447998046875,0.0506366,0.31137258,-3.6226155974540712,-0.12279706113738686,-0.03594213656419726,0.0,400,0.15225648880004883,0.003933812358484296,0.002604929546366089,84000,-3.1483271972819713,0.0
210,1.61202073097229,-3.5268964528401887,0.0492961185085028,-3.445796832725525,-3.643912493974457,0.0,0.3187895590251427,0.1,0.0029993057250976562,0.04711794853210449,0.04994322,0.3204462,-3.613043682992683,-0.12141889975921524,-0.03537570753644964,0.0,400,0.1584608554840088,0.0024484902052213297,0.0009990179518128805,84400,-3.1377095860812996,0.0
211,1.8393630981445312,-3.565560146556869,0.09416512711053772,-3.436787588787868,-3.8430172841250716,0.0,0.3043234093156541,0.1,0.002249002456665039,0.053931474685668945,0.050213207,0.29828694,-3.608295329349102,-0.12317632890078613,-0.035776361684375126,0.0,400,0.15566277503967285,0.003552715651693004,0.0020958630461167557,84800,-3.1251484633009174,0.0
212,1.6016969680786133,-3.52052116817805,0.06471601290515087,-3.3815575603662955,-3.6372239704182276,0.0,0.32103603517514306,0.1,0.0032699108123779297,0.051416873931884766,0.049834434,0.36064595,-3.5995179132319963,-0.12107634693231153,-0.03532682219982285,0.0,400,0.16145873069763184,0.002804967816439677,0.001444490595180257,85200,-3.1325087362368778,0.0
213,1.574023962020874,-3.5401837601572854,0.0758873128601646,-3.4175261281928293,-3.7204237475685327,0.0,0.28211621212192606,0.1,0.0025086402893066406,0.04607963562011719,0.050005518,0.36892387,-3.5935844979245255,-0.12211816864359802,-0.03550881788478243,0.0,400,0.1514127254486084,0.002618093009955686,0.0019407036365642323,85600,-3.1100113737979678,0.0
214,1.747028112411499,-3.5436336792219136,0.10433875751413689,-3.3820994418390655,-3.8677637856248106,0.0,0.28488249130152016,0.1,0.0022497177124023438,0.04834294319152832,0.050216585,0.30827075,-3.5885894160542646,-0.12122889554465731,-0.035550360487139776,0.0,400,0.1606290340423584,0.0032880394033849474,0.0024143999692535696,86000,-3.1360245993182163,0.0
215,1.5884044170379639,-3.5144575361723414,0.1022706997880931,-3.3863988362417494,-3.8480034943453396,0.0,0.3080491894539604,0.1,0.0032548904418945312,0.06291890144348145,0.04996187,0.33978954,-3.581176228066073,-0.12081417731027339,-0.03525575649035564,0.0,400,0.1693892478942871,0.003418079100103222,0.001398371779816939,86400,-3.1066851666719595,0.0
216,1.5999672412872314,-3.5341503558462004,0.09079250415505274,-3.367347769533585,-3.8489967790248674,0.0,0.28376281464523084,0.1,0.0030095577239990234,0.049108028411865234,0.050353494,0.41095895,-3.576473640844086,-0.12238554522724318,-0.035447218469009174,0.0,400,0.1630098819732666,0.0027072233802951776,0.0016551648072416038,86800,-3.105782179570126,0.0
217,1.5959680080413818,-3.5109176053086624,0.06833026329549685,-3.394072434022911,-3.684254750000349,0.0,0.31813896908983275,0.1,0.0030159950256347656,0.05362129211425781,0.050201826,0.3182526,-3.5699180372905435,-0.1212102034300416,-0.035220709921269425,0.0,400,0.17618322372436523,0.002172936010493966,0.0015790754136314207,87200,-3.094799291211401,0.0
218,1.5833330154418945,-3.529108087205777,0.13026884504354333,-3.4081527366078657,-4.0283162321814645,0.0,0.2797249932400021,0.1,0.002997875213623047,0.046600341796875,0.050370604,0.258981,-3.565837042282067,-0.12227951755900472,-0.03539839583928956,0.0,400,0.15236473083496094,0.004270990745843199,0.003209714427073972,87600,-3.0956702273254195,0.0
219,1.5551824569702148,-3.5113315412638353,0.07255363572930858,-3.3845335934139262,-3.6875922847944866,0.0,0.2990251686222336,0.1,0.0022602081298828125,0.046846628189086914,0.050276946,0.34698892,-3.560386492180244,-0.12127396911958158,-0.03522327597278445,0.0,400,0.1614835262298584,0.0029840678383023823,0.001537274819908455,88000,-3.1102050386339615,0.0
220,1.6094295978546143,-3.507684504850709,0.06339061004710625,-3.3614860126391917,-3.6558598419388573,0.0,0.3088731220518886,0.1,0.0015032291412353516,0.05111217498779297,0.050220117,0.37690887,-3.5551162934472904,-0.12128722963666042,-0.03517827175402758,0.0,400,0.1616678237915039,0.0019166173383201172,0.0011526989652661775,88400,-3.10999040831076,0.0
221,1.6053438186645508,-3.448080762224663,0.16666259950519519,-2.6889030268696033,-3.6479508310699766,0.0,0.29939712707862765,0.1,0.002544403076171875,0.05586385726928711,0.049778603,0.64710206,-3.5444127403250274,-0.12025227688755623,-0.03489611621216879,0.0,400,0.15914392471313477,0.00974453344924458,0.0055001236053338265,88800,-3.0969184114452624,0.0
222,1.5523405075073242,-3.500767974184095,0.07528794804750918,-3.3337507864897424,-3.6442743558253676,0.0,0.29696299910015284,0.1,0.002510547637939453,0.049861907958984375,0.05018732,0.36106128,-3.5400482637109345,-0.12095879129105024,-0.035122851886708585,0.0,400,0.19402694702148438,0.004691611825702143,0.0013811906650204747,89200,-3.0935576830538962,0.0
223,1.598487377166748,0.7002770412294792,1.7668550057460601,1.8744134988703887,-3.496677950181388,0.0,0.2888071923469163,0.1,0.0032515525817871094,0.05090069770812988,0.05057096,0.33142814,-3.116015733216893,-0.12059123120915277,0.00667887256413892,0.0,400,0.16045093536376953,3.557498543965276,0.5808490270894188,89600,-3.086868996986869,0.0
224,1.6029384136199951,-3.5430683691975706,0.11352540046220033,-3.34898732069366,-3.793257184355068,0.0,0.27880187625254454,0.1,0.0022602081298828125,0.04786515235900879,0.050356444,0.30476943,-3.158720996814961,-0.12235007469405695,-0.0355447272666595,0.0,400,0.15526437759399414,1.925268350354701,0.005432075530436388,90000,-3.0758044369849022,0.0
225,1.641577959060669,-3.5200330458320095,0.09102912240405642,-3.3970589725669305,-3.7995285241814476,0.0,0.3072813500622303,0.1,0.003032207489013672,0.04457592964172363,0.049850985,0.34672433,-3.1948522017166656,-0.12164640022827516,-0.0353120516298107,0.0,400,0.15239191055297852,0.005280190799576596,0.0037682458915710634,90400,-3.073718004586497,0.0
226,1.633958101272583,-3.485792315710488,0.05742751812241076,-3.3862910195297715,-3.5912036483707714,0.0,0.31202517478065017,0.1,0.0029997825622558594,0.05642890930175781,0.04980978,0.34487274,-3.223946213116048,-0.1205939913254675,-0.03496616073545196,0.0,400,0.15062904357910156,0.002898242643160355,0.001971443233758303,90800,-3.064907659912507,0.0
227,1.694732427597046,-3.5120492921347464,0.09842678238577796,-3.3583653670832354,-3.870545974477911,0.0,0.3256598692382317,0.1,0.003002166748046875,0.0508265495300293,0.049427725,0.32470244,-3.252756521017918,-0.12160200394425807,-0.03524304987583966,0.0,400,0.1569197177886963,0.004184578860310759,0.0034489943007291078,91200,-3.07264370964355,0.0
228,1.6098313331604004,-3.5153484759583673,0.05891666476744058,-3.405102039302359,-3.6720412661341855,0.0,0.3021713891212734,0.1,0.003263235092163086,0.06619405746459961,0.05019651,0.33030736,-3.279015716511963,-0.12181644682482347,-0.03526645296982949,0.0,400,0.16008591651916504,0.0028617622685945723,0.0021913174660653932,91600,-3.0774032039380623,0.0
229,1.5934233665466309,-3.50501400791172,0.099986338890925,-3.390057555683482,-3.8805623452593623,0.0,0.2951876158903873,0.1,0.002248525619506836,0.04736518859863281,0.049965814,0.32873702,-3.3016155456519387,-0.12122287132649343,-0.03516368946197526,0.0,400,0.2085249423980713,0.00295790730140561,0.0021820619955807675,92000,-3.0696774730851955,0.0
230,1.595271348953247,-3.4740326051832087,0.045520299373178245,-3.391818324148406,-3.564913212318324,0.0,0.3093838968357608,0.1,0.0030088424682617188,0.051614999771118164,0.05036087,0.33696052,-3.318857251605066,-0.12075482784764249,-0.03484429017780839,0.0,400,0.17384791374206543,0.0021565628305151227,0.0014567952450391425,92400,-3.0894243183585397,0.0
231,1.5891249179840088,-3.49072562565761,0.10943981109423002,-3.3110505926511733,-3.7952203458629077,0.0,0.294523952616106,0.1,0.0025157928466796875,0.053847551345825195,0.050498586,0.32608283,-3.3360440890103207,-0.12109999671894268,-0.0350237614832111,0.0,400,0.16024470329284668,0.00348685244308731,0.0029761577950672695,92800,-3.084260380232302,0.0
232,1.7920019626617432,-3.481253454229523,0.10506579412937508,-3.3725466121330623,-3.9069322650280243,0.0,0.2965790971788967,0.1,0.002251148223876953,0.052356719970703125,0.050293297,0.33668616,-3.3505650255322412,-0.12062539304156696,-0.03492559477689,0.0,400,0.19373774528503418,0.0027832758736927123,0.002451616752969313,93200,-3.093533320966909,0.0
233,1.6029372215270996,-3.479060251875598,0.061643687861020854,-3.3517818520868325,-3.614261349443522,0.0,0.3083140921802951,0.1,0.0022563934326171875,0.047838449478149414,0.050231017,0.38444912,-3.3634145481665767,-0.12125489394910755,-0.03490542044891262,0.0,400,0.15532326698303223,0.0017272470747369364,0.001379442176980715,93600,-3.080323838774113,0.0
234,1.5669288635253906,-3.4225971274597895,0.04430252601844399,-3.3276386424617246,-3.5408208079914982,0.0,0.3123533761508832,0.1,0.002250194549560547,0.04858136177062988,0.049996663,0.30803147,-3.369332806095898,-0.11883965642549041,-0.034341129923467724,0.0,400,0.15443873405456543,0.0014699006542583553,0.000989980095500954,94000,-3.08079147187931,0.0
235,1.5715830326080322,-3.4797722137906124,0.054541911266069616,-3.3949124291876482,-3.5818101862697116,0.0,0.29842360255113476,0.1,0.003004789352416992,0.06064414978027344,0.050278455,0.35202065,-3.3803767468653696,-0.11997601513229889,-0.03491895086050694,0.0,400,0.18526077270507812,0.0025059682575519,0.0015709619331093097,94400,-3.083087619940673,0.0
236,1.5278093814849854,-3.4540926181279175,0.07521146899874707,-3.3228483404296854,-3.6192261018047756,0.0,0.30443257822765296,0.1,0.0030014514923095703,0.06462335586547852,0.050454747,0.35028493,-3.387748333991625,-0.11987248164888392,-0.034656087537588476,0.0,400,0.17347955703735352,0.002605460427498749,0.0020226324794421153,94800,-3.1026182030615814,0.0
237,1.5680348873138428,-3.4734106297790026,0.06823904905981917,-3.3678654516295032,-3.5868251453655975,0.0,0.29585374839720896,0.1,0.0022535324096679688,0.05014991760253906,0.05047602,0.37311083,-3.3963145635703627,-0.12087389053342984,-0.03482513864073246,0.0,400,0.1524183750152588,0.001882379155637329,0.0015651148866642772,95200,-3.077801868121284,0.0
238,1.5890285968780518,-3.4742985069480268,0.09501542806918606,-3.3409333013010465,-3.746530679801753,0.0,0.3131773061186833,0.1,0.0030341148376464844,0.04696321487426758,0.050338544,0.28734925,-3.404112957908129,-0.1212227657520804,-0.03486236104282204,0.0,400,0.14920735359191895,0.0032958102649679067,0.0027479409205387394,95600,-3.0832278133472615,0.0
239,1.5543549060821533,-3.4584571382664704,0.06149312913733456,-3.3219416182625423,-3.589125416984665,0.0,0.3020141310537625,0.1,0.0032596588134765625,0.049149513244628906,0.050165147,0.3534891,-3.409547375943963,-0.11913322939724785,-0.034695433038085845,0.0,400,0.1493673324584961,0.001970273043209747,0.0015556147257554606,96000,-3.0552632272754736,0.0
240,1.592116117477417,-2.8545385969910386,1.5589701010628212,1.662937602877514,-3.6789379653851646,0.0,0.2822713055179116,0.1,0.004021644592285156,0.05909085273742676,0.04950201,0.69924796,-3.3540464980486706,-0.11970911906473886,-0.02888956642789728,0.0,400,0.1646251678466797,0.29060881529553023,0.23885874928167564,96400,-3.0667804997011947,0.0
241,1.8074326515197754,-3.454667280443923,0.06628724313177542,-3.3573195053669345,-3.5826926905267262,0.0,0.3102687537671225,0.1,0.002249479293823242,0.044391632080078125,0.050346732,0.35738236,-3.364108576288196,-0.11991330699222821,-0.0346598797495914,0.0,400,0.1855146884918213,0.039916317459075805,0.0019059844110318276,96800,-3.0664397054159536,0.0
242,1.560730218887329,-3.4294037265993627,0.04857871433366658,-3.3471992565546618,-3.521630889145422,0.0,0.31138723148903125,0.1,0.002998828887939453,0.05667853355407715,0.05027279,0.33398017,-3.370638091319313,-0.11847295707782254,-0.03441716046001525,0.0,400,0.17444539070129395,0.001935093599795057,0.001403830718864165,97200,-3.054718006969338,0.0
243,1.6018023490905762,-3.432596169753905,0.05084840584531309,-3.3445690193979027,-3.538643535951614,0.0,0.303751804693229,0.1,0.0031681060791015625,0.05491185188293457,0.049986415,0.34093702,-3.376833899162772,-0.11821119829024454,-0.03444554389041873,0.0,400,0.1494903564453125,0.001976050955861858,0.0015233481955472048,97600,-3.0620168850011296,0.0
244,1.6457455158233643,-3.4549640885793194,0.06466353419070127,-3.345732094150192,-3.6332766275668518,0.0,0.32481184714086603,0.1,0.0022487640380859375,0.0506134033203125,0.049969215,0.31879434,-3.384646918104427,-0.1205542000532505,-0.03466526455939928,0.0,400,0.14890193939208984,0.0025978253457853754,0.001744115498270284,98000,-3.0788858474481025,0.0
245,1.6134240627288818,-3.443253351924686,0.06316047616857823,-3.330929500051491,-3.5761752343840554,0.0,0.30183466101030454,0.1,0.001501321792602539,0.052625179290771484,0.050421122,0.3560298,-3.3905075614864533,-0.11880772691035575,-0.03455014289258365,0.0,400,0.1613936424255371,0.0019942730945133715,0.0016763325772982446,98400,-3.060796896603411,0.0
246,1.6730124950408936,-3.4391715644237864,0.043740710092015994,-3.3656427186937248,-3.5354990918220524,0.0,0.3037710001256245,0.1,0.002251148223876953,0.04837632179260254,0.050205585,0.32043433,-3.3953739617801864,-0.11908250021900997,-0.034513333368734,0.0,400,0.15317106246948242,0.0014560630764591691,0.001244592496448809,98800,-3.072965856250286,0.0
247,1.617032527923584,-0.8161015197195078,2.469394031067658,1.8458180889552982,-3.5902562175709583,0.0,0.292736094130444,0.1,0.0022504329681396484,0.047632455825805664,0.05022246,0.4119281,-3.137446717574119,-0.11911506863693296,-0.008583439588294016,0.0,400,0.15517163276672363,1.7877556833392267,0.8360694437037098,99200,-3.0671049466697298,0.0
248,1.6869990825653076,-3.448049415336184,0.08778659550459979,-3.2851272391683195,-3.692885403753566,0.0,0.30001880762995997,0.1,0.004498720169067383,0.04958987236022949,0.05056818,0.2761225,-3.1685069873503258,-0.12039989091165568,-0.03460185601281902,0.0,400,0.15085506439208984,0.6850942615197002,0.0020964907611198133,99600,-3.047639333130411,0.0
249,1.6973259449005127,-3.4319239924875755,0.07228742317573265,-3.294447484149775,-3.6508239725231175,0.0,0.3117273595832327,0.1,0.003749847412109375,0.06245279312133789,0.049991775,0.33183327,-3.1948486878640505,-0.11971405166123723,-0.03443058010655175,0.0,400,0.17280220985412598,0.0024276608456040073,0.002108271575390769,100000,-3.075469209905377,0.0
250,1.5455515384674072,1.4457845383994923,0.959698600720155,2.3391161212604024,-2.694262829787861,0.0,0.30990562269632227,0.1,0.0014979839324951172,0.05240488052368164,0.049825042,0.34202242,-2.730785365237696,-0.119612157891755,0.014068000473527534,0.0,400,0.14934134483337402,4.045519650508696,0.24188301662291575,100400,-3.067717233407887,0.0
251,1.6297383308410645,-3.457591409505986,0.08433886893537228,-3.3566689966347245,-3.7303637753809484,0.0,0.2839631584371339,0.1,0.003000020980834961,0.05087780952453613,0.050146934,0.32796973,-2.803465969664525,-0.1200477428712929,-0.034700549813729886,0.0,400,0.16271495819091797,2.4650932464905417,0.010086993192041203,100800,-3.0570673089545792,0.0
252,1.7797772884368896,-3.423470696073116,0.07401607636488775,-3.2947246692700762,-3.5860305105375807,0.0,0.29534123111201066,0.1,0.01477956771850586,0.06817317008972168,0.05019175,0.2951105,-2.8654664423053844,-0.11923319012594183,-0.03435364433725322,0.0,400,0.22472047805786133,0.011276782828175824,0.003222893176194459,101200,-3.085272974569051,0.0
253,1.6940855979919434,-3.4335126613218905,0.07898747626421221,-3.3127539237223544,-3.673531998689273,0.0,0.3075501182806118,0.1,0.0025222301483154297,0.05236458778381348,0.05022519,0.33688205,-2.922271064207035,-0.1192996760272776,-0.03445417793090366,0.0,400,0.1793067455291748,0.0032924187809637933,0.0025280929618315398,101600,-3.0659752172678396,0.0
254,1.5779237747192383,-3.418915042210845,0.0771952472709359,-3.309034474174563,-3.605138360892771,0.0,0.31442710256354517,0.1,0.002998828887939453,0.046350955963134766,0.050437227,0.3185859,-2.971935462007416,-0.11916851401991727,-0.03431317189975285,0.0,400,0.15335822105407715,0.002503987798746627,0.0021396431417085716,102000,-3.060416651435589,0.0
255,1.570671796798706,-3.411572658245266,0.06261632944074604,-3.3212880896526276,-3.6161284548274137,0.0,0.30155234097443595,0.1,0.0025026798248291016,0.050626277923583984,0.050163936,0.3395886,-3.0158991816312013,-0.11912197888268566,-0.03423443137457794,0.0,400,0.15637755393981934,0.0024218631604669733,0.0020840758572833636,102400,-3.034593873306709,0.0
256,1.577735185623169,-3.4280069549775827,0.061893543425138565,-3.32327917334194,-3.5464910465199297,0.0,0.31281252660603803,0.1,0.0037393569946289062,0.04834175109863281,0.050165653,0.3915467,-3.0571099589658397,-0.1196713605780082,-0.034392324168560334,0.0,400,0.1705188751220703,0.002599173566002773,0.0019688419984773492,102800,-3.0408019622165425,0.0
257,1.6057469844818115,-3.4253077382098795,0.06669416137895745,-3.3071577562296453,-3.591275206447996,0.0,0.3059380991258295,0.1,0.0014977455139160156,0.0506131649017334,0.04994361,0.31454274,-3.093929736890244,-0.1195105748212631,-0.03436706353068424,0.0,400,0.15143632888793945,0.0019509110767448649,0.0015114504519631634,103200,-3.0374633738627494,0.0
258,1.5809004306793213,-3.421784184199065,0.0591176931946905,-3.2913572284964,-3.535184400031099,0.0,0.3016757513166985,0.1,0.003003835678100586,0.0474088191986084,0.05005477,0.35696176,-3.126715181621126,-0.12009859124608938,-0.034322431898454644,0.0,400,0.15367889404296875,0.0022664759900187055,0.0017535886220368137,103600,-3.042517941025268,0.0
259,1.568976640701294,-1.4192717932903154,2.4066341400704734,1.9443155609434872,-3.5814359193674905,0.0,0.2932631784554698,0.1,0.0022482872009277344,0.051390886306762695,0.050221443,0.4225566,-2.955970842788045,-0.11971920051947048,-0.01460721316536564,0.0,400,0.15616941452026367,1.31913480387688,0.7676289678411022,104000,-3.0389428144752832,0.0
260,1.573734998703003,-3.404180040325612,0.0545301698905719,-3.3130929611419626,-3.541239297303318,0.0,0.33335160697088256,0.1,0.0055162906646728516,0.046869754791259766,0.049890313,0.29431826,-3.0007917625418017,-0.11859481063356164,-0.03414666698040791,0.0,400,0.15952801704406738,0.39754339621388024,0.001964890637199205,104400,-3.042403519223776,0.0
261,1.597118854522705,-3.4275703066946113,0.08794474807288277,-3.2829893431505575,-3.6869640341754177,0.0,0.30852154987013564,0.1,0.0025179386138916016,0.0663144588470459,0.050147496,0.31501797,-3.0434696169570827,-0.1196725314431436,-0.0343927692248897,0.0,400,0.16863632202148438,0.003865789901807798,0.0032195980502372156,104800,-3.0602563015600888,0.0
262,1.6287612915039062,-3.387528242442274,0.0711179505368538,-3.2882418816293733,-3.6390178831141737,0.0,0.3088386499275315,0.1,0.0022492408752441406,0.04986739158630371,0.05045504,0.31608468,-3.077875479505602,-0.11800699286271725,-0.033999880383860856,0.0,400,0.1571798324584961,0.0022876726839866023,0.0019456760675861376,105200,-3.050937657745092,0.0
263,1.5909812450408936,-1.7669219735147783,2.3153292218929895,2.256247429007734,-3.5881776807093813,0.0,0.29907028020249304,0.1,0.0030069351196289062,0.06343579292297363,0.05007203,0.45900086,-2.9467801289065196,-0.11914320307619843,-0.018081355991933154,0.0,400,0.2297496795654297,1.022632245736641,0.6765948335279639,105600,-3.0505310917592565,0.0
264,1.5591657161712646,-3.4009962880498494,0.05561644687871744,-3.326333629442163,-3.5186393615730913,0.0,0.2858121751984244,0.1,0.001499176025390625,0.04912161827087402,0.04978485,0.36662728,-2.9922017448208527,-0.11783361561695832,-0.034130535854881884,0.0,400,0.15544581413269043,0.3025457275872041,0.0021702253441549467,106000,-3.0465410101928327,0.0
265,1.5751953125,-3.4075929402828304,0.08281918431306455,-3.298625838182878,-3.625632159532995,0.0,0.3412637605362168,0.1,0.0030002593994140625,0.05084562301635742,0.04993206,0.31018043,-3.0337408643670507,-0.11869906928568388,-0.03417988491304833,0.0,400,0.15281271934509277,0.003859868433388057,0.0028966117326726477,106400,-3.058551371151444,0.0
266,1.6152524948120117,-3.4218002504397957,0.07922583237659876,-3.285762380793512,-3.629291729969619,0.0,0.29660554952120877,0.1,0.002515077590942383,0.04735112190246582,0.050195307,0.34345478,-3.0725468029743253,-0.11924674074380198,-0.03433337974542718,0.0,400,0.1495530605316162,0.0026220065626007165,0.00235136640183236,106800,-3.0614907098738215,0.0
267,1.6871826648712158,-3.4097505177898886,0.05672128301920782,-3.3234417224405775,-3.6112620321572084,0.0,0.2980464974590968,0.1,0.0030007362365722656,0.05235409736633301,0.050005823,0.31971508,-3.1062671744558816,-0.11935930802859802,-0.03421125234638771,0.0,400,0.15262627601623535,0.001769349198568198,0.0015849619496261743,107200,-3.0436336753668094,0.0
268,1.5914533138275146,-3.450811467707626,0.10886596880126072,-3.3354193299143624,-3.8518192967135927,0.0,0.31479221144519043,0.1,0.00225067138671875,0.047611236572265625,0.050151955,0.27876332,-3.1407216037810564,-0.12022934631830981,-0.034611887061373164,0.0,400,0.1593317985534668,0.004102210212042993,0.0035211474096819746,107600,-3.033230367100707,0.0
269,1.615673303604126,-3.3911931728942655,0.043561138408062694,-3.287544220402294,-3.509048017649831,0.0,0.3135174991954321,0.1,0.0022487640380859375,0.04759716987609863,0.049853414,0.3921236,-3.1657687606923774,-0.11761037255244325,-0.0340338761023822,0.0,400,0.15295624732971191,0.0021169092297662387,0.0014523140769694737,108000,-3.036567385657583,0.0
270,1.5445873737335205,-3.3977160474659382,0.05282706686974499,-3.30737443805889,-3.4998274770895326,0.0,0.30651074457161986,0.1,0.0022482872009277344,0.0478520393371582,0.04984081,0.34854263,-3.188963489369734,-0.11889451757015465,-0.034090910219241766,0.0,400,0.1609041690826416,0.0019661749796179634,0.0017644748438630405,108400,-3.034807917676713,0.0
271,1.584482192993164,-3.404250383458113,0.053575670889602196,-3.3133618652633565,-3.524496784116383,0.0,0.31319872917248576,0.1,0.0025091171264648438,0.04607963562011719,0.050022144,0.33070964,-3.210492178778572,-0.11906712519781751,-0.03415097509352847,0.0,400,0.15366578102111816,0.0020607307563994975,0.0018191564642162938,108800,-3.042339065316143,0.0
272,1.6100621223449707,-3.401579240319945,0.07589178308269742,-3.2672165517758893,-3.546440999584967,0.0,0.3281908946531078,0.1,0.002254486083984375,0.05085492134094238,0.05016251,0.3061491,-3.2296008849327094,-0.11860843857983461,-0.034136235511599985,0.0,400,0.1518397331237793,0.0027011611194964775,0.002313927636560194,109200,-3.0404025023387873,0.0
273,1.8404302597045898,-2.4035260028816396,1.9528701523029566,1.8873910624845358,-3.540578901092148,0.0,0.2944971550496062,0.1,0.0030059814453125,0.1533961296081543,0.050075356,0.7809379,-3.146993396727602,-0.11838067824354592,-0.024401394041723146,0.0,400,0.24189972877502441,0.5972377123146774,0.44512810906666034,109600,-3.0471820480238283,0.0
274,1.5955281257629395,-3.3872604643772752,0.0828831829873688,-3.2822858937549197,-3.713769763517853,0.0,0.2993564724431767,0.1,0.002249002456665039,0.054677486419677734,0.050025396,0.2805385,-3.1710201034925696,-0.1187729433037714,-0.03399566663693946,0.0,400,0.15660357475280762,0.10254001601712502,0.002512971067474266,110000,-3.0413587533141317,0.0
275,1.5647437572479248,-3.4178785994660292,0.08372780120604503,-3.2883558591338615,-3.623943085606173,0.0,0.3164452490607061,0.1,0.0022530555725097656,0.049111366271972656,0.05012074,0.30622286,-3.1957059530899157,-0.11989196490709174,-0.0342880421880352,0.0,400,0.16620373725891113,0.004294942124082481,0.0035575329454624388,110400,-3.0350768110477864,0.0
276,1.6112854480743408,-3.4010742079011997,0.06585899927074869,-3.253865459777779,-3.517444723647928,0.0,0.3032161047022564,0.1,0.0022606849670410156,0.05562543869018555,0.05023568,0.39906982,-3.2162427785710443,-0.11864333309792997,-0.03412963430016128,0.0,400,0.15212798118591309,0.0023243803569132377,0.002022838656380515,110800,-3.0480803946722603,0.0
277,1.5327494144439697,-3.4040554478246765,0.06680983831275684,-3.282085155481326,-3.6299169836711727,0.0,0.3059587363384417,0.1,0.0022475719451904297,0.04939723014831543,0.04995012,0.33032268,-3.2350240454964077,-0.11850814920055482,-0.03415037437183232,0.0,400,0.1660909652709961,0.0023007209915699186,0.0018376119046312396,111200,-3.045596300243921,0.0
278,1.6145884990692139,-3.4268444999051395,0.060752997981990804,-3.321629077753538,-3.542419874917301,0.0,0.3115102548749812,0.1,0.003267526626586914,0.048107147216796875,0.0501177,0.3100959,-3.2542060909372807,-0.11891290257727491,-0.03439110092603734,0.0,400,0.15996146202087402,0.0023202679571402035,0.0017904044632546738,111600,-3.0537477397308317,0.0
279,1.6078226566314697,0.9222301003550925,1.8258379940861442,2.229308794543684,-3.490274953644705,0.0,0.29738808080356416,0.1,0.002513408660888672,0.047902822494506836,0.05001194,0.389104,-2.836562471808043,-0.11789856291343398,0.008783992321792448,0.0,400,0.15765666961669922,3.36896654703447,0.5404480581431169,112000,-3.0785785447190124,0.0
280,1.6080214977264404,-3.3936562730579896,0.06758602056081245,-3.277254874917203,-3.543439183224473,0.0,0.28028115027817807,0.1,0.0030083656311035156,0.045350074768066406,0.050066814,0.2896743,-2.892271851933038,-0.11902006922456974,-0.034052437704576964,0.0,400,0.1555633544921875,2.0887695810271776,0.007870233693233336,112400,-3.071983875339531,0.0
281,1.5930390357971191,-3.425177482583943,0.09560888356683764,-3.328123210318984,-3.755088458219383,0.0,0.27585685375953845,0.1,0.0030145645141601562,0.053144216537475586,0.050421678,0.2721674,-2.9455624149981285,-0.11983768663549553,-0.03437660394703957,0.0,400,0.15938973426818848,0.00919753669157882,0.0029053397787578285,112800,-3.052598694533593,0.0
282,1.5800678730010986,-3.3939689177123205,0.07208952473655493,-3.2979551580786155,-3.537901661363614,0.0,0.3308840924151922,0.1,0.002504587173461914,0.047907352447509766,0.050060034,0.32672423,-2.990403065269548,-0.11930743028417509,-0.034056693478003004,0.0,400,0.1540234088897705,0.002514953614346075,0.0020424840677028423,113200,-3.0630242439702435,0.0
283,1.5702757835388184,-3.3903679344235034,0.06447860281361023,-3.271370742385513,-3.5240733487228524,0.0,0.3253604983267626,0.1,0.0030002593994140625,0.054642677307128906,0.050035745,0.32634723,-3.030399552184944,-0.11936888799085464,-0.034011523604875554,0.0,400,0.14866042137145996,0.0022330904633507953,0.0019865956608004476,113600,-3.0392896282910877,0.0
284,1.5784943103790283,-3.189662537259325,1.0011675966533498,1.626541726225644,-3.674578968233412,0.0,0.2816095889697594,0.1,0.0030105113983154297,0.045085906982421875,0.049506806,2.4334881,-3.0463258506923823,-0.11963085287591944,-0.03222459603408664,0.0,400,0.15562820434570312,0.1233914583205472,0.11441370365299149,114000,-3.0478144309013713,0.0
285,1.55782151222229,-3.3875745769167627,0.06458812208876946,-3.2824267456870504,-3.5440402810565024,0.0,0.3137034399698034,0.1,0.0029981136322021484,0.06773543357849121,0.05006093,0.32186505,-3.0804507233148204,-0.11833607962139943,-0.03399304041790871,0.0,400,0.16248726844787598,0.006458274603072412,0.002254692882049085,114400,-3.0400200422845494,0.0
286,1.7245724201202393,-3.3802459504518203,0.06097585668825334,-3.2869372791640354,-3.574233260401046,0.0,0.3206840425820461,0.1,0.0029959678649902344,0.0613861083984375,0.05030074,0.34482253,-3.1104302460285203,-0.11890109299695314,-0.03392138497003248,0.0,400,0.16141986846923828,0.0024894893655751514,0.0021362328956696457,114800,-3.04037919658174,0.0
287,1.6369504928588867,-3.3832889664363135,0.0658558239015829,-3.246185115650434,-3.4738350062008805,0.0,0.30964236857801747,0.1,0.0037500858306884766,0.05062985420227051,0.050177064,0.33745253,-3.1377161180693,-0.118209418836563,-0.03394952523611519,0.0,400,0.16227197647094727,0.001918905411650259,0.0017262093537678492,115200,-3.039729628477082,0.0
288,1.5592396259307861,-3.374517586300267,0.05277430057896557,-3.2898473024867694,-3.4496429429994477,0.0,0.3124277855486728,0.1,0.0029990673065185547,0.04737973213195801,0.0497954,0.3690311,-3.161396264892397,-0.11772062615598554,-0.03386232615370216,0.0,400,0.1878659725189209,0.0016648604244297878,0.001441638036595085,115600,-3.0496953152509003,0.0
289,1.5462069511413574,-3.3683247437886314,0.06254230074486608,-3.278583318652871,-3.487915944104083,0.0,0.31902498220278414,0.1,0.0022497177124023438,0.045850515365600586,0.05029196,0.32430947,-3.18208911278202,-0.11804982187745644,-0.03380602234322642,0.0,400,0.15123820304870605,0.0016579619311244706,0.001574169431416787,116000,-3.0398413365833354,0.0
290,1.586258888244629,-3.362900444703632,0.05855370684059197,-3.2520675806437893,-3.4655784142681423,0.0,0.31169428752540446,0.1,0.0025115013122558594,0.05086636543273926,0.050167657,0.33499786,-3.2001702459741814,-0.11791808273825305,-0.03374878541223613,0.0,400,0.14990019798278809,0.0016056154234829379,0.0013977888653105097,116400,-3.030570521349688,0.0
291,1.5829157829284668,-3.3832495143019123,0.07732810120497166,-3.2371959780218673,-3.6354481022772944,0.0,0.31514193479951674,0.1,0.0022542476654052734,0.0498814582824707,0.050422214,0.29325303,-3.2184781728069547,-0.11871766229078431,-0.03394596145503675,0.0,400,0.15466928482055664,0.0024925615385335193,0.002051767493791883,116800,-3.048198800285667,0.0
292,1.521418571472168,-3.3564515583211336,0.07764919292325141,-3.236081007798347,-3.52326869751417,0.0,0.3378177706127208,0.1,0.003000974655151367,0.049152374267578125,0.05007839,0.31298658,-3.2322755113583725,-0.11809377532678791,-0.033673469301361836,0.0,400,0.19532132148742676,0.003073151720191212,0.002393637931518156,117200,-3.0490403198198637,0.0
293,1.6154162883758545,-3.3891816095193845,0.10110449504075898,-3.2769559017784733,-3.6963838492084253,0.0,0.3138858778409675,0.1,0.003000020980834961,0.049352407455444336,0.050110925,0.27976108,-3.247966121174474,-0.11942617640927616,-0.034018782136547625,0.0,400,0.15440106391906738,0.004160399511010667,0.0035973008691745152,117600,-3.054933141739609,0.0
294,1.6785049438476562,1.2133551501754136,1.2870485263016462,2.3085764159389495,-3.288939058850267,0.0,0.3031931434480491,0.1,0.001499176025390625,0.05438947677612305,0.049913865,0.34322166,-2.801833994039485,-0.11916028734515778,0.011720349661596881,0.0,400,0.14787769317626953,3.8446505593499403,0.33960398755630716,118000,-3.0518973782988668,0.0
295,1.5624539852142334,-3.368616557425471,0.06635333288696939,-3.2624705785145487,-3.6080153321543778,0.0,0.30718833474447793,0.1,0.0040111541748046875,0.04936408996582031,0.049882323,0.296815,-2.8585122503780838,-0.11874766765018928,-0.03380218596739663,0.0,400,0.15567636489868164,2.334268104628928,0.011218275706822264,118400,-3.059574052071379,0.0
296,1.6244146823883057,-3.3595815626924734,0.07587977665889481,-3.219084463769014,-3.5384604562651187,0.0,0.3011982763349637,0.1,0.0022537708282470703,0.04461669921875,0.050520644,0.28054425,-2.908619181609523,-0.11803698951715122,-0.033713341540292485,0.0,400,0.16068220138549805,0.011908157950232236,0.0033206243778603943,118800,-3.0504781772064113,0.0
297,1.5955004692077637,-2.0930756944615623,2.1512634963298294,2.392632698731162,-3.4439143411296236,0.0,0.30784551694398377,0.1,0.0030019283294677734,0.04863858222961426,0.05010371,0.49440956,-2.827064832894727,-0.11782529080310908,-0.021317780521615436,0.0,400,0.14901328086853027,0.7932585214857888,0.580731770639205,119200,-3.053743893515487,0.0
298,1.5860652923583984,-3.370316395660704,0.06652810995387401,-3.270573146023587,-3.524804570811833,0.0,0.29459983244026117,0.1,0.002508401870727539,0.045604705810546875,0.05033336,0.39363587,-2.881389989171325,-0.11801316440157375,-0.033809286852782026,0.0,400,0.15689849853515625,0.19629815451411214,0.0027883871910529333,119600,-3.062334395593395,0.0
299,1.654153823852539,-3.3965647760128825,0.07945125043859091,-3.2675553099443486,-3.5424727709295403,0.0,0.3332399963560466,0.1,0.0022492408752441406,0.06425809860229492,0.050106872,0.2835159,-2.9329074678554807,-0.11938290619394616,-0.03408754839903026,0.0,400,0.1461644172668457,0.00376104186297485,0.003149858475270911,120000,-3.0668863432651903,0.0
300,1.580575704574585,-3.336523359495861,0.06193242974968183,-3.2437499695156844,-3.491675281508576,0.0,0.3321464005600935,0.1,0.0025131702423095703,0.04836559295654297,0.049673654,0.3038867,-2.973269057019519,-0.11724849958823925,-0.03346800204393615,0.0,400,0.15868234634399414,0.0023938885278835726,0.0017871146905813144,120400,-3.060744331543842,0.0
301,1.5593302249908447,-3.361353264028501,0.10918264686216467,-3.2110426003771155,-3.670770041143902,0.0,0.30012049121960926,0.1,0.001505136489868164,0.056366920471191406,0.050386757,0.32028213,-3.0120774777204176,-0.1189332501434352,-0.0337312563189798,0.0,400,0.14909744262695312,0.0042531718995572525,0.0039186089327458385,120800,-3.0341473911499373,0.0
302,1.5670912265777588,-3.35281425499483,0.09265753108374467,-3.22869475297373,-3.645026792644745,0.0,0.30039319852512236,0.1,0.003009319305419922,0.04837989807128906,0.050059415,0.34546304,-3.0461511554478586,-0.11822715674954931,-0.03364371664221837,0.0,400,0.16007137298583984,0.0031279052582972467,0.0028735984805675742,121200,-3.029103349764317,0.0
303,1.6062061786651611,-3.3531788976744785,0.060334407663482637,-3.229250928036482,-3.447563088642927,0.0,0.31898956195584743,0.1,0.0030002593994140625,0.047608375549316406,0.050052814,0.37238953,-3.076853929670521,-0.1180337653283568,-0.033645507069032334,0.0,400,0.15548491477966309,0.0021948539374001793,0.002079384264980448,121600,-3.0231859654358972,0.0
304,1.6027696132659912,-3.3494889945095507,0.05990313279213773,-3.2381618517768413,-3.5170740185682896,0.0,0.31199318444727026,0.1,0.002254009246826172,0.047086477279663086,0.050086316,0.3336965,-3.104117436154424,-0.11878223761040524,-0.03360779171320814,0.0,400,0.15376710891723633,0.0016852169540517146,0.0015451437990338344,122000,-3.0206622575689375,0.0
305,1.6009202003479004,-3.360142983470346,0.07564615831890319,-3.2388791772300403,-3.5584939668465823,0.0,0.3056413617147641,0.1,0.0025093555450439453,0.05033087730407715,0.0501852,0.31180793,-3.1297199908860165,-0.11813590382866222,-0.03371890581230407,0.0,400,0.14909672737121582,0.0025462351255641693,0.00223262414668426,122400,-3.0230624730490505,0.0
306,1.5668609142303467,-3.3617006729970744,0.07944415413731543,-3.2623035105587124,-3.5777000940627723,0.0,0.31755316734539757,0.1,0.0025026798248291016,0.048334598541259766,0.04976441,0.30941632,-3.1529180590971224,-0.11873683774612832,-0.0337430033179317,0.0,400,0.18532395362854004,0.0023465626444160266,0.0022189921015855676,122800,-3.0230190875630614,0.0
307,1.5884191989898682,-3.355946143172085,0.06946447114004403,-3.2022932412957803,-3.5380424272996454,0.0,0.3054761798356003,0.1,0.0022492408752441406,0.052343130111694336,0.05001751,0.38510025,-3.173220867504619,-0.1170080268586483,-0.033680746187050616,0.0,400,0.15489506721496582,0.002304052855588854,0.0020378510668388828,123200,-3.0329029605381086,0.0
308,1.6109867095947266,-3.319948714050364,0.05260316707643345,-3.2317965885301914,-3.4658806838669634,0.0,0.3367902579091133,0.1,0.002627849578857422,0.05115938186645508,0.050187208,0.324065,-3.1878936521591936,-0.11682900207359187,-0.03331898122431121,0.0,400,0.15918755531311035,0.0023128496584328526,0.0019024051942410625,123600,-3.0139375456056845,0.0
309,1.6686499118804932,-2.2766412458792566,2.0462087893745697,2.1411017629444746,-3.4805389132545574,0.0,0.3044793744434517,0.1,0.0025053024291992188,0.05914759635925293,0.050021857,0.57027256,-3.0967684115311997,-0.1170814370702984,-0.023188722699662816,0.0,400,0.15837740898132324,0.6416842737869313,0.5010818442242809,124000,-3.013976942279391,0.0
310,1.604527473449707,-3.330434603672312,0.046547916744810146,-3.2289147782711853,-3.4188695978646066,0.0,0.30446697521394234,0.1,0.0022499561309814453,0.050124168395996094,0.049972616,0.34312415,-3.1201350307453106,-0.11765446227077542,-0.03342519580419172,0.0,400,0.17075300216674805,0.10946145761255861,0.001755917560994834,124400,-3.0159007466342795,0.0
311,1.601099967956543,-3.344906377443113,0.06376222361381408,-3.2451292722725893,-3.5336005034586666,0.0,0.3015572607505606,0.1,0.0022513866424560547,0.04686856269836426,0.05007575,0.3363996,-3.142612165415091,-0.11783532670639284,-0.03356895696564957,0.0,400,0.15066003799438477,0.0023668631002678004,0.0019498002872278277,124800,-3.0053837447659233,0.0
312,1.6539039611816406,-3.355609009135859,0.04506747467682393,-3.2761468777887095,-3.4510119186353068,0.0,0.3081383329211558,0.1,0.0029997825622558594,0.05089902877807617,0.050138026,0.32739937,-3.1639118497871683,-0.11833045855792164,-0.03368507963194113,0.0,400,0.15284013748168945,0.001889436667164337,0.0017181880678425756,125200,-3.012336331594804,0.0
313,1.5440537929534912,-3.3337884434766125,0.04429160754968396,-3.2459296716702304,-3.4099659885863765,0.0,0.313052828165072,0.1,0.002252817153930664,0.050907135009765625,0.050257754,0.35834467,-3.180899509156113,-0.11765229893219217,-0.03345926055806337,0.0,400,0.20092129707336426,0.0014817113105178464,0.0013537631317157657,125600,-2.9949109787069332,0.0
314,1.5836880207061768,-3.330989144755918,0.07642589565175054,-3.221117130904388,-3.510962655038949,0.0,0.2939284314093662,0.1,0.0030050277709960938,0.05302715301513672,0.05013474,0.34574622,-3.1959084727160936,-0.11772764553054482,-0.03342498036690866,0.0,400,0.14992070198059082,0.002477076309936564,0.002277680839413314,126000,-2.9984109928388234,0.0
315,2.138402223587036,-3.336319854756818,0.05589641984290746,-3.2584031460359446,-3.4770592988543694,0.0,0.31044329955034006,0.1,0.006769895553588867,0.3547823429107666,0.05015825,0.3105142,-3.2099496109201664,-0.1171492390035176,-0.033482011324487096,0.0,400,0.9776666164398193,0.001811414335172072,0.0016191652365948194,126400,-2.9871643045410545,0.0
316,1.8140344619750977,-3.327545858416035,0.074441722800378,-3.2378064448094808,-3.5663446355002044,0.0,0.3104395546659714,0.1,0.003282785415649414,0.062404632568359375,0.050000448,0.28996438,-3.2217092356697536,-0.11771226884577755,-0.03339511933429748,0.0,400,0.2014453411102295,0.002518276920175518,0.0022611779044261386,126800,-2.988205798843191,0.0
317,1.7389812469482422,-3.3098809257076467,0.05087122585295957,-3.2444226655419324,-3.5065150038831807,0.0,0.3423513451092078,0.1,0.00400853157043457,0.11338305473327637,0.04992719,0.27264482,-3.230526404673543,-0.11704464639348716,-0.03322360174735648,0.0,400,0.24421334266662598,0.0014342073376510517,0.0011279493730629773,127200,-2.9776476176098696,0.0
318,1.6939034461975098,-1.153756959686838,2.4334745359604986,2.626631618302941,-3.493881267717443,0.0,0.29626846647473765,0.1,0.0029997825622558594,0.06020498275756836,0.049739297,0.42284325,-3.0228494601748723,-0.11843974253729357,-0.011974016646900329,0.0,400,0.1752772331237793,1.4489136532591769,0.8123888948035753,127600,-2.97528412808535,0.0
319,1.604658842086792,-3.3431421995263566,0.12693997563858608,-3.2359689616943497,-3.8810508301507274,0.0,0.2966987100087506,0.1,0.0022492408752441406,0.054129600524902344,0.050034944,0.2999003,-3.0548787341100208,-0.11887333071311154,-0.03354758111144222,0.0,400,0.14912772178649902,0.5681434816341945,0.004953925678348012,128000,-2.973687546353303,0.0
320,1.601550579071045,0.2638440115597306,2.204635043485942,2.242203210271098,-3.4370395980138495,0.0,0.29184848020032844,0.1,0.0017042160034179688,0.0744314193725586,0.04979447,0.39280984,-2.7230064595430457,-0.11756860991854998,0.002301582616536861,0.0,400,0.17198896408081055,2.6909937671119133,0.7710387876139057,128400,-2.9868099934312693,0.0
321,1.5900321006774902,-3.323368736341286,0.04847565529131414,-3.2474396856193763,-3.480839417859265,0.0,0.28677377655913333,0.1,0.002251148223876953,0.046108245849609375,0.0500563,0.32105836,-2.7830426872228697,-0.11751998727053425,-0.03335237751807162,0.0,400,0.1489856243133545,1.5487853783989851,0.004215483905057524,128800,-2.9847697814561878,0.0
322,1.6161787509918213,-3.3513030354011146,0.10035957661238298,-3.2139107400739846,-3.7474664885701072,0.0,0.3024214035427385,0.1,0.003024578094482422,0.04668116569519043,0.050275307,0.3090086,-2.8398687220406944,-0.11912063887506578,-0.0336243654618604,0.0,400,0.16869044303894043,0.00609387067796446,0.0035789725384363104,129200,-2.9768375396976934,0.0
323,1.606449842453003,-3.3052340635289523,0.06369911264409032,-3.181886818145728,-3.52037455708791,0.0,0.3208687299336283,0.1,0.0030052661895751953,0.05190920829772949,0.050337054,0.28475884,-2.88640525618952,-0.11717974961321628,-0.03316183982105168,0.0,400,0.15541434288024902,0.00266981272753547,0.002066963159904071,129600,-2.9812953638033677,0.0
324,1.619924783706665,-3.3054176814471052,0.042524239946403156,-3.2266270528456404,-3.38074320200028,0.0,0.30648436698751363,0.1,0.0017552375793457031,0.051021575927734375,0.04978519,0.37081155,-2.928306498715279,-0.11721478227914613,-0.03317377368768623,0.0,400,0.16265344619750977,0.001855471330656847,0.0017096872468719704,130000,-2.9854451650449016,0.0
325,1.6658337116241455,-0.7408654237372789,2.416785563794584,2.049252384015271,-3.4612004801577396,0.0,0.30570879355772906,0.1,0.003010272979736328,0.04621171951293945,0.049856063,0.3521497,-2.7095623912174793,-0.11757690106414319,-0.007829594049613264,0.0,400,0.15715456008911133,1.7705942016168483,0.8463358509519626,130400,-2.9912512001778127,0.0
326,1.575068473815918,-3.316317055554109,0.049263496621119965,-3.2547896778185197,-3.430954148003162,0.0,0.3182272335608698,0.1,0.003008604049682617,0.04937911033630371,0.049909104,0.32654032,-2.7702378576511424,-0.1169433353369451,-0.03328112375757163,0.0,400,0.1584000587463379,0.8210622417514059,0.002240974083310159,130800,-2.9808797511066496,0.0
327,1.6162738800048828,-0.10712958765911143,2.347105464243782,2.0967818093113895,-3.356176477246827,0.0,0.3096237192743411,0.1,0.0025942325592041016,0.05187106132507324,0.050267637,0.3429567,-2.5039270306519392,-0.11733042382956343,-0.0014506746747910654,0.0,399,0.1490335464477539,2.3021264505179557,0.8319874761942514,131199,-2.9979432884723454,0.0
328,1.592076301574707,-3.317484544926716,0.07190334316833558,-3.1762944169401557,-3.462977289303606,0.0,0.3036787984059446,0.1,0.003760814666748047,0.04911971092224121,0.049953267,0.33873874,-2.585282782079417,-0.11665654089981736,-0.033287883829406485,0.0,400,0.1636505126953125,1.251072364062518,0.005368688459028357,131599,-2.9927611395416003,0.0
329,1.5667991638183594,-3.3395535685141424,0.05623270870041055,-3.2516937831097326,-3.485263981678156,0.0,0.31132735717545457,0.1,0.002999544143676758,0.05236196517944336,0.05001003,0.30120194,-2.6607098607228896,-0.11745650608051605,-0.03349934210035233,0.0,400,0.16420769691467285,0.004635968682859866,0.0020235861166620953,131999,-2.9975425974292578,0.0
330,1.6196348667144775,-3.3039993560096117,0.044091599725982575,-3.1956344100740397,-3.3826785687958574,0.0,0.31192932373972887,0.1,0.0032629966735839844,0.05135750770568848,0.050445024,0.3565849,-2.725038810251562,-0.11693349656236547,-0.033158516978142386,0.0,400,0.18078041076660156,0.0021251422378171206,0.0016439001956854798,132399,-2.9843398827064958,0.0
331,1.5793113708496094,-3.3404967509212007,0.07674359425048759,-3.2530174348907535,-3.540318098746423,0.0,0.31727700080412985,0.1,0.002249479293823242,0.04961729049682617,0.04989084,0.32661057,-2.786584604318526,-0.11800814947852839,-0.033533422121827326,0.0,400,0.15021657943725586,0.003008581268308691,0.0025809307315053623,132799,-2.9982832707091513,0.0
332,1.6324474811553955,-3.345974714910576,0.06594718227001749,-3.2492664937620646,-3.503886102300255,0.0,0.31996276040782395,0.1,0.0037517547607421875,0.05163979530334473,0.050018396,0.35085526,-2.842523615377731,-0.1181132995944251,-0.03358836877331318,0.0,400,0.15287423133850098,0.0021001176647416973,0.0019254780054672712,133199,-2.984639418803553,0.0
333,1.6234350204467773,-0.5147401621547384,2.4526574078805097,2.2383579138655763,-3.4425567774376256,0.0,0.28707862817971763,0.1,0.003003835678100586,0.044851064682006836,0.04996624,0.43817937,-2.6097452700554316,-0.11724969683073867,-0.005537924841929946,0.0,400,0.15341901779174805,1.9790694694811473,0.8664126085958218,133599,-2.987751664186999,0.0
334,1.554166316986084,-2.37194229389433,1.8526582202804784,1.7019414835504219,-3.4114232387831276,0.0,0.3079097378133186,0.1,0.0037679672241210938,0.06340527534484863,0.04998558,0.46794835,-2.585964972439321,-0.11723307119430086,-0.024173166370736215,0.0,399,0.15950584411621094,0.9302474285401716,0.4674983687205732,133998,-2.9925519134664045,0.0
335,1.6041169166564941,-2.9335896620801374,1.1170272591857564,1.0442243207979431,-3.4018562463307904,0.0,0.2998374062345937,0.1,0.0014998912811279297,0.04787898063659668,0.049824115,0.6718637,-2.6207274414034027,-0.11653928447632168,-0.029716863535085635,0.0,399,0.15647673606872559,0.20351335867931414,0.15295050850165398,134397,-2.9892641817496637,0.0
336,1.6285972595214844,-0.627017863607267,2.358410072640572,1.8883755302558796,-3.5273748905125872,0.0,0.29841539730792377,0.1,0.003761768341064453,0.04770946502685547,0.049780656,0.35522574,-2.4213564836237893,-0.11754613191793274,-0.00664228593027848,0.0,400,0.14883804321289062,1.616458919349641,0.856630036350352,134797,-2.98987498215251,0.0
337,1.5606539249420166,-2.53967453417616,1.7321660480877359,1.7205479491814073,-3.500142184027498,0.0,0.3122222217199848,0.1,0.0030112266540527344,0.05286431312561035,0.04967526,0.42070264,-2.433188288679027,-0.11677558526838894,-0.02581753055708481,0.0,399,0.16158485412597656,0.8508275695602816,0.3946767125401562,135196,-2.9966038974326823,0.0
338,1.5817182064056396,-1.2091570833413592,2.4308495965665684,1.996134825852569,-3.5667433012050354,0.0,0.3108512140909001,0.1,0.003000497817993164,0.05084061622619629,0.05005274,0.36080986,-2.31078516814526,-0.11742388998804375,-0.01249131333947684,0.0,400,0.1516258716583252,1.0551351573223209,0.8261420109014456,135596,-2.9902656810780086,0.0
339,1.7774269580841064,0.842590189375409,1.7890712855310256,2.0163720963911445,-3.448165410975358,0.0,0.2943624102792987,0.1,0.008527755737304688,0.1137237548828125,0.05036928,0.31762254,-1.9954476323931931,-0.1161404161134142,0.008040725026240087,0.0,399,0.23860669136047363,1.2106424078017821,0.5522591617834606,135995,-2.998259486130627,0.0
340,1.6091578006744385,-3.3376654953990204,0.09027429095652625,-3.23457866409121,-3.606918562999234,0.0,0.2928583910863051,0.1,0.002247333526611328,0.05185842514038086,0.0502678,0.3003268,-2.129669418693776,-0.11717433992540992,-0.033498664974310484,0.0,400,0.1593003273010254,1.9585666032925033,0.012742232793107997,136395,-2.994256772625833,0.0
341,1.6460888385772705,-3.350173036199826,0.09998292094046111,-3.2239875847079285,-3.6806684971459607,0.0,0.2641965009830605,0.1,0.0037539005279541016,0.04939126968383789,0.05043704,0.25436497,-2.2517197804443807,-0.11764668626246948,-0.03362686415603776,0.0,400,0.15118026733398438,0.012370911809501147,0.00461707789159449,136795,-2.9976803838875066,0.0
342,1.5504024028778076,-1.2171299945146956,2.3151622503268863,2.231843146406387,-3.396856970996127,0.0,0.30547084488469073,0.1,0.0022628307342529297,0.04636693000793457,0.049604964,0.3770835,-2.1482608018514124,-0.1162432493475301,-0.01252990559430483,0.0,400,0.15517973899841309,1.4699293593531575,0.7896791198748518,137195,-2.9947245170397743,0.0
343,1.7506217956542969,-3.3255789554446635,0.0736057258500573,-3.1946143280016965,-3.533335345227427,0.0,0.315408705976223,0.1,0.0037615299224853516,0.0629122257232666,0.049925756,0.3039517,-2.2659926172107374,-0.11735617970106256,-0.03336803552399291,0.0,400,0.18797063827514648,0.48203382785518056,0.005146445968749506,137595,-2.9883387706782956,0.0
344,1.6680936813354492,0.6256631966846771,1.6906647874119087,2.4464316820326006,-3.350410998977586,0.0,0.29209070902777534,0.1,0.0022590160369873047,0.04932117462158203,0.050035182,0.3212139,-1.9768270358211963,-0.11647540122869283,0.005850785905603189,0.0,400,0.1644425392150879,3.4285337923075008,0.5987858541907054,137995,-2.9908375920019847,0.0
345,1.6135668754577637,0.922072562594862,1.4909726585284875,2.029552284266563,-3.2841904161853774,0.0,0.2971347268321397,0.1,0.002249479293823242,0.049622535705566406,0.050053608,0.32953912,-1.6869370759795905,-0.11659767773404603,0.008866951332433773,0.0,399,0.15835833549499512,0.49267008038169663,0.45892071357227987,138394,-3.0074717441222143,0.0
346,1.5597450733184814,-2.7292234620679783,1.5746814759121472,1.7426514994411648,-3.594602856765666,0.0,0.2791353229901311,0.1,0.0029976367950439453,0.048365116119384766,0.050322812,0.5428947,-1.7911657145884292,-0.11897153981492427,-0.02768134146596778,0.0,399,0.1619572639465332,1.8242699191666614,0.32057455913168503,138793,-3.0057815570721997,0.0
347,1.5999948978424072,0.05622067195130726,2.2579081093994002,2.086421596948603,-3.3607921417150504,0.0,0.3025013928054447,0.1,0.0025098323822021484,0.044113874435424805,0.05001794,0.3201929,-1.6064270759344554,-0.11770456917868607,0.00020280025983411914,0.0,400,0.2076268196105957,1.9709922423348205,0.8087286744699167,139193,-3.0029919758356405,0.0
348,1.5998618602752686,-3.3243575719584406,0.0540545761032789,-3.24281275874082,-3.469007367053834,0.0,0.3144878565573581,0.1,0.003000020980834961,0.052260398864746094,0.049823727,0.30171528,-1.778220125536854,-0.11706325920926862,-0.03336899415564425,0.0,400,0.14588499069213867,1.320594256178149,0.010878614071218335,139593,-3.000000865209965,0.0
349,1.5843331813812256,0.9586516578065999,1.5392842357203464,2.0977368678343318,-3.3051830620290055,0.0,0.31324263270061486,0.1,0.0022509098052978516,0.04837489128112793,0.05002335,0.2661685,-1.5045329472025086,-0.11758725322662053,0.009148399459572305,0.0,400,0.17250442504882812,3.493540866256889,0.46361899491471176,139993,-3.0094169362556284,0.0
350,1.6129310131072998,1.330140127668154,0.8568094915683041,2.082423597769952,-2.529588399312593,0.0,0.30123905064129186,0.1,0.0022504329681396484,0.050393104553222656,0.050065037,0.36886907,-1.2210656397154425,-0.11711908937336055,0.012876616930400063,0.0,399,0.1604456901550293,0.26117506682155467,0.22368898903743129,140392,-3.0030847020939646,0.0
351,1.735609769821167,-0.3318280016310785,2.411034472407775,2.1241791070598666,-3.444308276693948,0.0,0.29307619354843395,0.1,0.0029990673065185547,0.05839991569519043,0.049804226,0.32420993,-1.132141875907006,-0.11708686432787836,-0.003720884527774764,0.0,400,0.17631864547729492,1.199284381749587,0.8654273885181494,140792,-3.000206621151303,0.0
352,1.5905358791351318,-1.9464239735115154,2.1661983610750686,1.9481839810352337,-3.591603720595551,0.0,0.2856317827585918,0.1,0.003753662109375,0.048618316650390625,0.05017263,0.4248033,-1.213570085667457,-0.1161682659942877,-0.019867844187528898,0.0,400,0.1591486930847168,1.017155548953673,0.6289784589507941,141192,-3.022127845836327,0.0
353,1.5652756690979004,-3.304314574464779,0.04832188405445251,-3.217690424340586,-3.412039083459055,0.0,0.2664341333559355,0.1,0.003010988235473633,0.05011391639709473,0.050223712,0.3047855,-1.4226445345471892,-0.1171926003014503,-0.03316185993625681,0.0,400,0.15099477767944336,0.21076851431842544,0.004231192751118402,141592,-3.0116812839757605,0.0
354,1.5773937702178955,-3.3193903155643856,0.05991588012964351,-3.207537454638343,-3.4170390780737643,0.0,0.30735937449882894,0.1,0.001758575439453125,0.05639767646789551,0.05022166,0.3373127,-1.612319112648909,-0.11744546454678102,-0.03329769966758655,0.0,400,0.1472001075744629,0.0049168288408505305,0.0029069214897236885,141992,-3.009581704804341,0.0
355,1.7808163166046143,0.23486257378740547,2.1502713221868013,2.2348150830762243,-3.314232561441001,0.0,0.2947615219524786,0.1,0.003756999969482422,0.11904335021972656,0.050149374,0.35229263,-1.4276009440052775,-0.11739959467574689,0.0019796066289640294,0.0,400,0.21068215370178223,2.7230133993980496,0.7650106973667875,142392,-2.9969442414788494,0.0
356,1.573258399963379,1.2216719070044477,1.2443631107539688,2.124637414323422,-3.304218944251188,0.0,0.2849253181933871,0.1,0.0022487640380859375,0.050397634506225586,0.050094593,0.30394804,-1.1626736589043052,-0.11622945188358123,0.011760562521713867,0.0,399,0.15517497062683105,0.5197276155587629,0.31697505298236395,142791,-3.0064494565283857,0.0
357,1.5612964630126953,0.6497047221180972,1.9354943413398815,2.087942732674715,-3.4392818728831207,0.0,0.30175796716287884,0.1,0.003751039505004883,0.05790424346923828,0.049998883,0.29025245,-0.9814358208020649,-0.11701629801556233,0.006053298683131902,0.0,400,0.16473603248596191,0.6699485246572858,0.6198980263261495,143191,-3.004452914603011,0.0
358,1.5969257354736328,-3.1284857701457414,1.0237994420631316,1.8120745185896223,-3.818782541174329,0.0,0.30247795020251655,0.1,0.0030057430267333984,0.053862810134887695,0.05021444,0.5592397,-1.1961408157364326,-0.11822873480843044,-0.03172771469499232,0.0,400,0.1559889316558838,1.7788393839100762,0.1371866943509991,143591,-3.005069655910005,0.0
359,1.624582290649414,-3.3280961607540553,0.08894136801506612,-3.203454515996553,-3.572658157671503,0.0,0.28886408252175133,0.1,0.003011941909790039,0.04835009574890137,0.05072912,0.25872302,-1.4093363502381948,-0.11835718718145291,-0.03339546426932762,0.0,400,0.1604452133178711,0.02161192576102364,0.005817286445544564,143991,-3.0034699456223253,0.0
360,1.5520517826080322,-3.309504251091649,0.05504942694932978,-3.228066756045346,-3.435242166671724,0.0,0.29423103858384553,0.1,0.0029981136322021484,0.050101280212402344,0.05018492,0.32035854,-1.5993531403235401,-0.11649376991851962,-0.03321453278042495,0.0,400,0.15090608596801758,0.004612414676789675,0.003015204951361513,144391,-2.991421912561905,0.0
361,1.5797412395477295,-3.2786288466043563,0.15367359949556045,-2.5988748800286596,-3.4711382894103524,0.0,0.32194442566097803,0.1,0.0014998912811279297,0.04986429214477539,0.049773254,0.50392425,-1.7672807109516218,-0.11768463125038282,-0.03315319252187239,0.0,400,0.15242648124694824,0.0077849503544908565,0.007121745535336545,144791,-2.9838718945870433,0.0
362,1.6420142650604248,-3.3275303848174667,0.08354358744803739,-3.199955267285443,-3.645404447951941,0.0,0.3187809276050233,0.1,0.003011465072631836,0.05237460136413574,0.050077878,0.32721215,-1.9233056783382063,-0.11763027460890926,-0.03338188320154646,0.0,400,0.1568584442138672,0.0038737907270457823,0.0031588724536209412,145191,-2.980067161167888,0.0
363,1.5907351970672607,0.005380243300824752,2.251302878424281,2.1835088418335085,-3.591253412589151,0.0,0.3041713402672603,0.1,0.002029895782470703,0.05188798904418945,0.049980834,0.3553243,-1.7304370861743033,-0.11776074754296097,-0.0003805502816187317,0.0,399,0.15937185287475586,2.441032520901813,0.8024642108011756,145590,-2.9861364163364996,0.0
364,1.5593228340148926,-3.333658853147213,0.059155421541726344,-3.249629952924688,-3.472932187080972,0.0,0.2897726855753001,0.1,0.002258777618408203,0.04964184761047363,0.05017598,0.328699,-1.8907592628715943,-0.11785477642084247,-0.033461019124047725,0.0,400,0.1819291114807129,1.2864906631994977,0.005114122276466443,145990,-2.9990809570135197,0.0
365,1.5957567691802979,-3.3127437295351188,0.053118189023923734,-3.211935926692233,-3.433738524627322,0.0,0.3045414101570477,0.1,0.0029985904693603516,0.04863429069519043,0.05033726,0.31514934,-2.032957709537947,-0.11716506231289961,-0.03324532331061649,0.0,400,0.1473400592803955,0.00527287205222454,0.0030721831482481534,146390,-2.9881091964437148,0.0
366,1.6440110206604004,1.2319702949153453,1.24068221721452,2.0740789066373004,-3.2604696708889738,0.0,0.28015705472524605,0.1,0.0022535324096679688,0.04939603805541992,0.050028794,0.36940566,-1.706464909092618,-0.11649399239958264,0.011875938661263945,0.0,399,0.15003228187561035,3.7530000993052326,0.3259461745968164,146789,-3.0102560547105894,0.0
367,1.574554443359375,-3.2974260558318385,0.04722447661738545,-3.216822683340061,-3.4117113826707675,0.0,0.2783820755307499,0.1,0.0022499561309814453,0.047866106033325195,0.050068118,0.32966408,-1.86556102376654,-0.1167901780484923,-0.03309614887787177,0.0,400,0.14994144439697266,2.347144760194381,0.016664583921224968,147189,-3.013173581573754,0.0
368,1.5750181674957275,-3.3145671794435057,0.05032559777580002,-3.242024442288396,-3.4078830697541265,0.0,0.27422539526767953,0.1,0.0037484169006347656,0.0653524398803711,0.050441924,0.2720642,-2.0104616393342365,-0.11741128032607806,-0.033255548906037935,0.0,400,0.1602177619934082,0.01698540883955245,0.0033823283190052024,147589,-3.0202280579339638,0.0
369,1.6063592433929443,-3.3367024167117636,0.06887930361002435,-3.229428674337632,-3.55596281354741,0.0,0.3202134653607713,0.1,0.0035276412963867188,0.04646611213684082,0.05016727,0.3028693,-2.1430857170719895,-0.11812666506044416,-0.03348708225646846,0.0,400,0.14634108543395996,0.004835010775362733,0.003935815471304968,147989,-3.018550516940402,0.0
370,1.5630061626434326,-0.347844000674687,2.3617872235577257,1.9587638405248646,-3.378638506203398,0.0,0.3034936301642071,0.1,0.003003358840942383,0.04911375045776367,0.04962244,0.33322468,-1.9635615454322592,-0.11665676968038052,-0.003919888785184592,0.0,400,0.15586447715759277,2.1762811351602593,0.8635444228971529,148389,-3.021037804698101,0.0
371,1.5462744235992432,0.6574762275930428,1.9497990359829884,2.3858134531396127,-3.3772420841939006,0.0,0.28655946220410045,0.1,0.0030035972595214844,0.04584312438964844,0.050074827,0.29482776,-1.701457768129729,-0.11815985357525462,0.006141315350637005,0.0,400,0.1588609218597412,0.8418613240323628,0.6214893434614168,148789,-3.0188651814850394,0.0
372,1.5984783172607422,-3.3099588962153206,0.057496641936200764,-3.185534483520758,-3.4635273358833327,0.0,0.2891967454062227,0.1,0.0030012130737304688,0.050553321838378906,0.050182853,0.3139373,-1.8623078809382883,-0.11805595164009945,-0.033222020432845854,0.0,400,0.15613389015197754,1.784903341522322,0.006428346997628811,149189,-3.005336416774719,0.0
373,1.6200551986694336,-3.3145820414157363,0.05693365876492712,-3.2205460723827493,-3.472113919688102,0.0,0.2810842655055706,0.1,0.0037543773651123047,0.061684370040893555,0.04972463,0.2840351,-2.007535296986033,-0.1177264722953198,-0.03325636249060528,0.0,400,0.15529513359069824,0.005379376388142858,0.0027831233309494954,149589,-3.0058435380558954,0.0
374,1.6607158184051514,-3.3076942085848096,0.05915389008760982,-3.225826378829972,-3.492101373541882,0.0,0.3081996661470006,0.1,0.0032591819763183594,0.04859209060668945,0.05015847,0.30764544,-2.1375511881459106,-0.11718771318470775,-0.03319803239175892,0.0,400,0.16962504386901855,0.003319302250105284,0.002901422052248839,149989,-2.992616201886031,0.0
375,1.588913917541504,1.0173089877782948,1.5573211086324728,2.1343354141543687,-3.444030583381086,0.0,0.28953452415331277,0.1,0.003004312515258789,0.04634976387023926,0.049756903,0.35064566,-1.8220651705534903,-0.11766491156550525,0.009737078010244126,0.0,400,0.15532946586608887,3.4554784523614113,0.46165054993723337,150389,-3.0053454586965094,0.0
376,1.6316814422607422,0.11069243451787948,2.278228279582016,2.220405978543443,-3.347719249251862,0.0,0.2988638904602828,0.1,0.0025081634521484375,0.05084848403930664,0.04965559,0.33714584,-1.6287894100463531,-0.11773691954618971,0.0006834850876291198,0.0,400,0.15982580184936523,0.8694805318079553,0.7765089608623577,150789,-3.0105796830383453,0.0
377,1.5854191780090332,-3.3074918358642473,0.07538401321581448,-3.1895669343873863,-3.50032916379777,0.0,0.3116083530198942,0.1,0.003000497817993164,0.0500950813293457,0.050233092,0.27787706,-1.7966596526281426,-0.11704650832573969,-0.03319200035159446,0.0,400,0.1468064785003662,1.4316154484339083,0.009554366024927942,151189,-3.0019291516250988,0.0
378,1.6937282085418701,-3.3028264906375107,0.05698536565899091,-3.2135083219198304,-3.430480388211324,0.0,0.26393870786927864,0.1,0.0022537708282470703,0.04859805107116699,0.05038716,0.27513796,-1.9472763364290795,-0.11644973176863033,-0.03314721218812226,0.0,400,0.1538863182067871,0.008376381708882163,0.0033253528098636798,151589,-2.996769960217967,0.0
379,1.5536394119262695,-3.306033791897655,0.06605725424967333,-3.2212279304599396,-3.482627600628994,0.0,0.2995407342825285,0.1,0.0030045509338378906,0.0627896785736084,0.049678497,0.3211863,-2.083152081975937,-0.11738463611178107,-0.0331807172250906,0.0,400,0.15607261657714844,0.0040827229292466904,0.003175734220378119,151989,-3.000995347194997,0.0
380,1.577528476715088,-3.297620300197374,0.05702367218022236,-3.2052219836982743,-3.47332023006743,0.0,0.33078016155993484,0.1,0.0030040740966796875,0.04712080955505371,0.05003202,0.3263438,-2.2045989037980807,-0.1170763049647895,-0.03310274181040212,0.0,400,0.1591808795928955,0.0029040816551522118,0.0026492417781156133,152389,-2.9846497763318744,0.0
381,1.6687586307525635,-3.0831117859664277,0.9901713729282279,1.6963552510287947,-3.4823331565703497,0.0,0.29798575950904443,0.1,0.007279396057128906,0.10210680961608887,0.04944036,1.4365262,-2.2924501920149156,-0.11714670192231873,-0.03125662967395581,0.0,400,0.36258912086486816,0.13605935043783804,0.1279998020466839,152789,-2.987567603978775,0.0
382,1.5975816249847412,-3.321310207374793,0.06264640113335637,-3.2236923799880493,-3.4869736115944465,0.0,0.3085861598179589,0.1,0.0022585391998291016,0.0649099349975586,0.05023799,0.35083085,-2.395336193550903,-0.11720778051765456,-0.03333951936165517,0.0,400,0.17287635803222656,0.012656593856071591,0.0030766514016738146,153189,-2.977525005969624,0.0
383,1.6179072856903076,-3.3094133810953257,0.06726526789889721,-3.1859955646266407,-3.440281732157545,0.0,0.33145801654365536,0.1,0.0022504329681396484,0.04687976837158203,0.04994063,0.33684948,-2.4867439123053456,-0.1174084180715289,-0.03321633829891236,0.0,400,0.18855595588684082,0.002486435285714989,0.0022265527382369817,153589,-2.972855260006887,0.0
384,1.576117753982544,-3.3130289057601097,0.0746678556659938,-3.1763014387640434,-3.442503084534454,0.0,0.33607380000925596,0.1,0.002511739730834961,0.049878835678100586,0.04984863,0.30674604,-2.5693724116508223,-0.11688649498485676,-0.03325304848054994,0.0,400,0.16500449180603027,0.003172812410728584,0.00286956938631271,153989,-2.96734160214801,0.0
385,1.5428760051727295,-3.3141914541264685,0.05334392959600646,-3.233661571904234,-3.484579143194966,0.0,0.3222388747913019,0.1,0.003762483596801758,0.05013322830200195,0.05012176,0.32332313,-2.6438543158983867,-0.11793418641911532,-0.03325395330439852,0.0,400,0.14747214317321777,0.002126027563826037,0.0019029477364049096,154389,-2.97448364276359,0.0
386,1.5955173969268799,-3.2957656263640764,0.057600147108642606,-3.1681848473459553,-3.4178490928101755,0.0,0.3146875658462804,0.1,0.0030045509338378906,0.050368309020996094,0.05015676,0.32430133,-2.709045446944956,-0.11688045542736404,-0.03308493348958959,0.0,400,0.15191316604614258,0.002318115295073289,0.002079547169515029,154789,-2.9783718724350488,0.0
387,1.6352779865264893,1.3702005153991614,1.2956402817055508,2.237142151765941,-3.272046225128821,0.0,0.304769075541921,0.1,0.0037598609924316406,0.04634690284729004,0.049936987,0.32260713,-2.3011208507105443,-0.11611036698700605,0.013292448053582134,0.0,400,0.18025684356689453,3.479593771094804,0.30835044261130923,155189,-2.963081622119179,0.0
388,1.5529990196228027,-0.08958578428905625,2.381982438484482,2.0354821695401757,-3.5843942739479386,0.0,0.31751261600724134,0.1,0.0022487640380859375,0.04539084434509277,0.049989473,0.2823713,-2.0799673440683955,-0.1161045107466118,-0.0013106351571289603,0.0,400,0.14864373207092285,1.0918442665342605,0.833297757400451,155589,-2.9651114002523746,0.0
389,1.5671412944793701,-3.3003412499401295,0.06117742510813355,-3.17275033609773,-3.4334773029393015,0.0,0.2665717511840616,0.1,0.002999544143676758,0.04914402961730957,0.050167136,0.30781507,-2.202004734655569,-0.11654930270541959,-0.03312787207525239,0.0,400,0.19011521339416504,1.306465964389718,0.008245178039905243,155989,-2.96615173958791,0.0
390,1.5870749950408936,1.461964111576776,1.3096642103249059,2.274483280445615,-3.3219431193102746,0.0,0.3119751568801882,0.1,0.0022530555725097656,0.051656246185302734,0.050054073,0.29653233,-1.8356078500323343,-0.1161657266170392,0.01423000440394128,0.0,400,0.14990806579589844,3.251705580345185,0.29380524114019857,156389,-2.9762247362318854,0.0
391,1.6800808906555176,-2.693238603370012,1.5890873097840787,2.085959185262685,-3.505182435591591,0.0,0.3029496634111846,0.1,0.002252340316772461,0.05063128471374512,0.04938296,0.81755126,-1.921370925366102,-0.11724787513135368,-0.027351239652270508,0.0,399,0.15220141410827637,2.406352249566292,0.39654137914071286,156788,-2.9651272271682325,0.0
392,1.5855412483215332,1.1834499819731443,1.576038546432427,2.4040338805297004,-3.2908020876077764,0.0,0.31562140074990935,0.1,0.003003835678100586,0.04813718795776367,0.050035913,0.26712495,-1.6108888346321775,-0.11642656630570586,0.0113810145656973,0.0,399,0.1566483974456787,1.9212070225026696,0.41898363278520123,157187,-2.9739474707264235,0.0
393,1.591472864151001,-3.3317084421530465,0.10382231354949042,-3.2139185608968526,-3.6905166355025774,0.0,0.30781298698242443,0.1,0.003000497817993164,0.050370216369628906,0.05037194,0.31862313,-1.7829707953842644,-0.1179008895821056,-0.03344050343561123,0.0,400,0.15771794319152832,2.2736626978712673,0.03162065450324146,157587,-2.9621070919219616,0.0
394,1.6993067264556885,-3.271202981747554,0.05526462149421075,-3.1657736638790706,-3.435267720066309,0.0,0.26992750043973474,0.1,0.003004789352416992,0.05138587951660156,0.049824454,0.29173332,-1.9317940140205934,-0.11586039203419965,-0.03282486403951595,0.0,400,0.17725825309753418,0.03419461049141198,0.003066855450026619,157987,-2.971088529400358,0.0
395,1.6079909801483154,1.3240362144894149,1.3206084481567515,2.329452770415568,-3.3523159010207437,0.0,0.3053802953119787,0.1,0.00299835205078125,0.04959750175476074,0.04980202,0.31184512,-1.6062109911695925,-0.11780479736834776,0.01282075749447619,0.0,400,0.1571342945098877,3.4146521094856346,0.35074132472135805,158387,-2.9573791399708407,0.0
396,1.6004114151000977,-1.8759618001875062,2.242144246972811,1.9066875538137598,-3.489845166566779,0.0,0.3022332092867662,0.1,0.0035123825073242188,0.06238961219787598,0.049946412,0.46703655,-1.633186072071384,-0.11712672682588711,-0.019173255915958164,0.0,400,0.17981219291687012,1.8459720714689192,0.6754363194380497,158787,-2.9651555107132803,0.0
397,1.7601490020751953,-3.2911497407010337,0.06782776505648691,-3.1825354479848533,-3.4358812269302086,0.0,0.29199308036148286,0.1,0.003751039505004883,0.04862403869628906,0.05023711,0.26477474,-1.798982438934349,-0.11663730611949308,-0.033033331922418634,0.0,400,0.15897703170776367,0.24837663976228508,0.010191757865079054,159187,-2.9532612369146714,0.0
398,1.6500318050384521,0.13094960054988614,2.302929493568412,2.1532453897593893,-3.413065663760668,0.0,0.3213573968445585,0.1,0.0025055408477783203,0.054897308349609375,0.04988802,0.30906612,-1.6059892349859255,-0.11624277324661916,0.0008604176939079091,0.0,400,0.1499025821685791,2.403864707298616,0.7850300116626211,159587,-2.949034899415497,0.0
399,1.7653396129608154,-3.297536927996853,0.08374001982740796,-3.192270860614975,-3.6128272808824287,0.0,0.3241698068455762,0.1,0.003014087677001953,0.05796074867248535,0.050442405,0.3122415,-1.7751440042870184,-0.11739078618187195,-0.033093320528618665,0.0,400,0.15262293815612793,1.423085221494249,0.009889135819879573,159987,-2.9371599970790347,0.0
400,1.7306253910064697,-2.6503287476060033,1.663327348612718,2.1526181657682755,-3.450682495604285,0.0,0.30064633686102893,0.1,0.003256082534790039,0.057402610778808594,0.049818058,0.598923,-1.862662478618917,-0.11734470880803462,-0.026935793835941416,0.0,400,0.2582426071166992,0.4020393460116158,0.3496333938339937,160387,-2.939906682799736,0.0
401,1.7141461372375488,-3.281618748115652,0.05929543103191848,-3.160798608867365,-3.399432019954915,0.0,0.2900730412197515,0.1,0.0022482872009277344,0.04861569404602051,0.050035372,0.37266552,-2.0045581055685906,-0.11680312302032705,-0.0329394971735617,0.0,400,0.18769168853759766,0.05133188994988168,0.0040007259536788,160787,-2.9314169518171687,0.0
402,1.6205625534057617,-0.232841261948727,2.4253758361124467,2.3007470382699533,-3.3450833655978576,0.0,0.3148024195591285,0.1,0.0022470951080322266,0.04940009117126465,0.050358556,0.32426178,-1.8273864212066042,-0.11600184966898158,-0.0027465217609667523,0.0,400,0.15303754806518555,2.1439936874611325,0.8451715441193139,161187,-2.9483242107807834,0.0
403,1.6300368309020996,-3.275592076670668,0.05631347266163948,-3.1922382455205236,-3.3920607272324594,0.0,0.30118526397149614,0.1,0.0017616748809814453,0.0482640266418457,0.050146133,0.33502212,-1.9722069867530105,-0.11673379588754691,-0.03288391790803678,0.0,400,0.15418457984924316,1.21342719558447,0.005517089213867132,161587,-2.947048279045771,0.0
404,1.618896722793579,-3.2581435193915764,0.04506095937685015,-3.188673672179077,-3.375558133892812,0.0,0.2877947078773278,0.1,0.003000974655151367,0.06568264961242676,0.05020933,0.2915714,-2.100800640016867,-0.11556162423317672,-0.03269752799592933,0.0,400,0.16851592063903809,0.005343902201564575,0.002735590114129278,161987,-2.9438456209911017,0.0
405,1.6049704551696777,-2.450285585081658,1.8742589748153,1.9939041665239963,-3.4418179836884706,0.0,0.3129108196717747,0.1,0.0022499561309814453,0.04912066459655762,0.049985986,0.50391394,-2.1357491345233464,-0.11647155597600695,-0.024971693481984976,0.0,400,0.16115093231201172,0.5624843532098913,0.4815436064000215,162387,-2.9338822585709883,0.0
406,1.7994401454925537,-3.2874647517866786,0.0651113742815987,-3.2109731078702315,-3.4297532179538734,0.0,0.3389928516262963,0.1,0.0022516250610351562,0.05211520195007324,0.05001746,0.32359102,-2.2509206962496795,-0.11660778811916966,-0.03300026466755843,0.0,400,0.15869808197021484,0.0878363994103218,0.0037900440564293736,162787,-2.944217032315824,0.0
407,1.5780045986175537,-2.440735126632673,1.7962242724716122,2.075641525880811,-3.361942987999736,0.0,0.29879125091856146,0.1,0.0037627220153808594,0.04787778854370117,0.04975631,0.68298227,-2.2699021392879786,-0.1158411920032393,-0.024802339908435275,0.0,400,0.1490941047668457,0.5302869103843981,0.4251524493178345,163187,-2.9440856193914757,0.0
408,1.6676428318023682,-3.271730567010714,0.05703874842359622,-3.1878393275456784,-3.382927036487241,0.0,0.31089614369780244,0.1,0.00225067138671875,0.050119638442993164,0.04985109,0.38083965,-2.3700849820602525,-0.11633928021116191,-0.03284401862631169,0.0,400,0.1509108543395996,0.09523080385972453,0.0035659557263941952,163587,-2.938204266574887,0.0
409,1.622964859008789,-0.6312561350095336,2.5036791005071186,2.029577216736007,-3.407069027602306,0.0,0.3158266585331025,0.1,0.0030045509338378906,0.04935503005981445,0.0500021,0.36207783,-2.196202097355181,-0.11631232539449775,-0.006721675610296493,0.0,400,0.15156888961791992,1.8202655208383467,0.8687332594704681,163987,-2.944980873724077,0.0
410,1.6338598728179932,1.0742238333634981,1.573591426862982,2.49617769511612,-3.277879565950268,0.0,0.3039822061790912,0.1,0.0022509098052978516,0.0501093864440918,0.050273076,0.31219825,-1.869159504283313,-0.11741390723280866,0.01032849165617602,0.0,400,0.15440964698791504,0.8630878306697313,0.42693416698172154,164387,-2.934063147067185,0.0
411,1.6783709526062012,-3.3004000042222903,0.07233623922182632,-3.177132762124431,-3.4716248532939016,0.0,0.3253319458007061,0.1,0.004513978958129883,0.06425714492797852,0.04999481,0.29475152,-2.012283554277211,-0.1169373918893276,-0.0331244188161507,0.0,400,0.1766202449798584,2.3592647339619486,0.010098343745881663,164787,-2.9441226897986836,0.0
412,1.643721103668213,1.4397798962186854,1.314424689924423,2.2134456847084447,-3.242602633359968,0.0,0.30045989908642234,0.1,0.0029976367950439453,0.04687380790710449,0.050267015,0.297211,-1.6670772092276214,-0.11600725062656375,0.013989037219205486,0.0,400,0.1492929458618164,3.142449707415351,0.2888374056186422,165187,-2.939974244642474,0.0
413,1.6303677558898926,-3.2856130223113187,0.0601000308079335,-3.2005137247837787,-3.50852687500137,0.0,0.32483042585495703,0.1,0.002263784408569336,0.07314324378967285,0.049933057,0.3227756,-1.828930790535991,-0.11599459883201298,-0.03298041450532705,0.0,400,0.15565896034240723,2.8138567898505396,0.023304627910280155,165587,-2.943949916604936,0.0
414,1.5691540241241455,-1.2079314756752804,2.518700599366942,2.12143301113734,-3.4445457673405295,0.0,0.31634782481994944,0.1,0.003052949905395508,0.04909324645996094,0.05017372,0.34795737,-1.7668308590499202,-0.11716901786220181,-0.012519782409414742,0.0,399,0.16511011123657227,1.460539506896279,0.8361939439503899,165986,-2.948155196392075,0.0
415,1.7308759689331055,1.1257186898043472,1.901185410832361,2.6181619709797572,-3.4235616134905476,0.0,0.30592792714821254,0.1,0.0025064945220947266,0.05036139488220215,0.049915522,0.282111,-1.4775759041644936,-0.11717200360738309,0.010877790189206225,0.0,400,0.1722545623779297,1.17524273226147,0.4962484184382894,166386,-2.9480633967964573,0.0
416,1.6154963970184326,-1.5884284298915872,2.4518902036963506,2.3283453172146604,-3.5135571770589453,0.0,0.2893409895760009,0.1,0.0030057430267333984,0.04912924766540527,0.04986577,0.52331984,-1.4886611567372028,-0.11671055429513412,-0.016358776941525245,0.0,400,0.1594984531402588,1.6767733457467175,0.7862633397843778,166786,-2.945282724008856,0.0
417,1.6920454502105713,1.4962617390673056,1.3216984275068204,2.213536592678407,-3.2060134381050154,0.0,0.32250316939691637,0.1,0.002254009246826172,0.047869205474853516,0.049958676,0.26928842,-1.1901688671567519,-0.11663770247926411,0.014589462186909298,0.0,400,0.1731860637664795,1.3946921629274864,0.28365167120875384,167186,-2.945189867632891,0.0
418,1.6016154289245605,-3.307121641007848,0.07491757544984444,-3.1932738442384543,-3.456748386195476,0.0,0.30745819266074,0.1,0.002266407012939453,0.06416106224060059,0.050303265,0.32180864,-1.4018641445418616,-0.1170537797228989,-0.0331780902814969,0.0,400,0.158416748046875,2.845362156601988,0.026090102249347328,167586,-2.939472444573697,0.0
419,1.699202537536621,0.11921078949784895,2.536387503774007,2.4402394927118913,-3.406273112674796,0.0,0.2861293109024856,0.1,0.0022611618041992188,0.05923342704772949,0.049843486,0.3360791,-1.2497566511378904,-0.11876556252995003,0.0007343245747922664,0.0,400,0.17745137214660645,2.3102672865842804,0.8382935377485123,167986,-2.940372150555171,0.0
420,1.609959363937378,-0.1502959986616541,2.5441381291191982,2.266841026148197,-3.414607050935231,0.0,0.315256726648444,0.1,0.0025277137756347656,0.04842948913574219,0.04964914,0.2999457,-1.1398105858902667,-0.11776077665868033,-0.0018979280071254531,0.0,400,0.14937782287597656,0.8661802964363096,0.8602277640835693,168386,-2.9507778685901473,0.0
421,1.6173219680786133,1.3584612989301421,1.65435786768053,2.4631268704778955,-3.34881723033673,0.0,0.3386618563249106,0.1,0.002999544143676758,0.05290675163269043,0.050169673,0.22890311,-0.8899833974082259,-0.1169264531734163,0.013124861615046774,0.0,400,0.15467405319213867,0.6737802223218101,0.38351171645227844,168786,-2.9505180470636825,0.0
422,1.6093027591705322,0.45174755858251925,2.295927868408492,2.4205062619500195,-3.3849123339196834,0.0,0.28955009199730763,0.1,0.0022542476654052734,0.0456089973449707,0.05007921,0.36466634,-0.7558103018091513,-0.11876922953321517,0.00411324655303305,0.0,400,0.1636793613433838,0.7610224684358299,0.6942653439044375,169186,-2.9496725227608893,0.0
423,1.5909497737884521,-3.365559595197452,0.13333184660429231,-3.208484935618346,-3.747672240620777,0.0,0.30824120374166647,0.1,0.002506732940673828,0.04888319969177246,0.0499435,0.31836775,-1.0167852311479815,-0.11953170947418129,-0.03377959621577256,0.0,400,0.1560823917388916,1.88234930506368,0.02763487348881973,169586,-2.947599877564923,0.0
424,1.5459702014923096,-3.363372779564494,0.12882836455212499,-3.184754062606097,-3.6970266356703716,0.0,0.26363866789033724,0.1,0.0037622451782226562,0.04836130142211914,0.049941808,0.24126135,-1.2514439859896327,-0.11876863275149789,-0.03374902428501343,0.0,400,0.17277812957763672,0.026072912673249342,0.010322430411058606,169986,-2.940690339449003,0.0
425,1.622138500213623,-3.3245236892721692,0.07374287747593898,-3.186369336069858,-3.4511095749685037,0.0,0.3167898006521226,0.1,0.003000974655151367,0.06371760368347168,0.0499649,0.2920001,-1.4587519563178863,-0.11799200040148726,-0.03337247779844698,0.0,400,0.19480037689208984,0.008830436560204494,0.00580720360799756,170386,-2.9333792433494423,0.0
426,1.5995149612426758,-3.3431469324944696,0.08527955400754848,-3.246388876302843,-3.6000291376868967,0.0,0.3163774833838782,0.1,0.003014087677001953,0.05236649513244629,0.050427943,0.29585353,-1.6471914539355448,-0.1185357583751709,-0.03355465304546774,0.0,400,0.1520979404449463,0.005947980423063206,0.005102454423347193,170786,-2.944513619906954,0.0
427,1.5794813632965088,1.1217861747104905,1.8609595220842303,2.605868952904684,-3.357156668691779,0.0,0.3200944069961389,0.1,0.003003835678100586,0.05040454864501953,0.049951337,0.30256677,-1.3702936910709413,-0.11707596694093728,0.010802482701399668,0.0,399,0.1523604393005371,3.0092180714281023,0.4859915157384357,171185,-2.9444502318127532,0.0
428,1.6139795780181885,1.535851460891402,1.3274575163569373,2.4088492247861026,-3.3981042243539528,0.0,0.3061706585247796,0.1,0.003262042999267578,0.050615549087524414,0.05020268,0.27820414,-1.079679175874707,-0.11720792964506867,0.014927035313980425,0.0,399,0.15674304962158203,0.305427238328294,0.2701996041791226,171584,-2.937651703986446,0.0
429,1.6048765182495117,-2.8431158416769775,1.454816518170833,2.390770202667743,-3.443747868888811,0.0,0.3119733470561166,0.1,0.003013134002685547,0.04785418510437012,0.049756683,0.4639428,-1.256022842454934,-0.1165637904129263,-0.028799849393383856,0.0,400,0.15840959548950195,2.7396732149425205,0.28342055489488394,171984,-2.9392991208063783,0.0
430,1.5719313621520996,0.8030737313426899,2.280848045336693,2.6063606146310745,-3.599949735002704,0.0,0.3071894923791364,0.1,0.002259492874145508,0.05012989044189453,0.049960084,0.268321,-1.0501131850751717,-0.11805937807167187,0.007601980337913813,0.0,400,0.15295910835266113,2.2240353809183753,0.6459206688303233,172384,-2.933979024520299,0.0
431,1.5756323337554932,0.8987750010653116,2.055430001113645,2.5390827735459967,-3.3854071017858707,0.0,0.29502197977000594,0.1,0.003000497817993164,0.048957109451293945,0.050027013,0.2929622,-0.8552243664611234,-0.11769143721180907,0.008554078893212757,0.0,400,0.14659452438354492,0.5895204975633335,0.5836518520778643,172784,-2.9314893495471765,0.0
432,1.6329975128173828,-3.323671648483621,0.059162712373462614,-3.2170561326125626,-3.437096647490469,0.0,0.3222842471712462,0.1,0.002248525619506836,0.051629066467285156,0.049847208,0.3189887,-1.1020690946633733,-0.11697646966950712,-0.033360553594106626,0.0,400,0.16148996353149414,2.205133325274699,0.021839447109349517,173184,-2.9310491332880573,0.0
433,1.6907618045806885,-0.3671972424777459,2.5561720310852127,2.4495107366586533,-3.4268859871270383,0.0,0.2984129897202062,0.1,0.0022461414337158203,0.0498509407043457,0.05026026,0.32814255,-1.0285819094448105,-0.11792847191884831,-0.004039018437057317,0.0,400,0.1679091453552246,2.02064856785378,0.868857865855106,173584,-2.9377973209438992,0.0
434,1.5559396743774414,0.9192201392590695,2.045817508389822,2.3790981193450316,-3.3584341641391187,0.0,0.2992234291849026,0.1,0.002254009246826172,0.05364060401916504,0.05030952,0.29043272,-0.8338017045744226,-0.11667683269542359,0.008757019851562296,0.0,400,0.15334439277648926,0.8134608140086153,0.5635202043318972,173984,-2.9342903026542295,0.0
435,1.5455899238586426,-3.3289161858691494,0.10087910145511177,-3.22390183756987,-3.6997735540773835,0.0,0.32608163052811123,0.1,0.003754854202270508,0.0621182918548584,0.05027992,0.28089145,-1.0833131527038953,-0.11758821040027784,-0.03341462510003551,0.0,400,0.16177630424499512,2.192629174046762,0.015798344372154074,174384,-2.946327016237937,0.0
436,1.655263900756836,-0.4250670862124318,2.498813152690236,2.2549187668352797,-3.4115198547116736,0.0,0.30202672565510186,0.1,0.0022547245025634766,0.052236080169677734,0.049899187,0.32177272,-1.017488546054749,-0.11587658225967332,-0.004602810595713461,0.0,400,0.1564326286315918,2.0804372457535814,0.8756205299831336,174784,-2.9403314102064675,0.0
437,1.5653493404388428,1.2600234225294422,1.9307480843981126,2.6615860164413134,-3.3728386127121817,0.0,0.2911037328090013,0.1,0.003263235092163086,0.05688953399658203,0.050163,0.31147054,-0.7897373491963298,-0.11636302452423167,0.012213984671157672,0.0,399,0.2722809314727783,0.9189896093563679,0.48026535095366457,175183,-2.950756439975291,0.0
438,1.5621147155761719,-3.294985510182016,0.06809563547461701,-3.203238691090955,-3.4632558745972064,0.0,0.3196705095929623,0.1,0.002509593963623047,0.047441959381103516,0.049797624,0.2954236,-1.0402621652948985,-0.11628422200215344,-0.03307802964017615,0.0,400,0.18540549278259277,2.473442822306721,0.02823460280787937,175583,-2.9614910129644345,0.0
439,1.5766417980194092,-3.307347142350421,0.1191102900562252,-3.1804978012374345,-3.7319401927987013,0.0,0.2623620507608413,0.1,0.0025043487548828125,0.04837608337402344,0.05043742,0.27304336,-1.2669706630004507,-0.11729345857449043,-0.033197512806512376,0.0,400,0.16645479202270508,0.03224556563311905,0.009663802675280608,175983,-2.952166340708657,0.0
440,1.5890083312988281,-3.2740216509297375,0.06199758178576322,-3.1704828718288756,-3.462714350170599,0.0,0.3028602439409107,0.1,0.003011465072631836,0.04737353324890137,0.050459184,0.33616054,-1.4676757617933793,-0.11612051376810158,-0.032870194782649846,0.0,400,0.1870408058166504,0.007394579726448801,0.004541212468093505,176383,-2.965862311029618,0.0
441,1.6106483936309814,-3.3069098169621225,0.052024214179472464,-3.2339194562759888,-3.4428027334489717,0.0,0.33419778840251185,0.1,0.0030057430267333984,0.0516207218170166,0.05034851,0.3112736,-1.6515991673102537,-0.11723108547594656,-0.03318827088620629,0.0,400,0.15291595458984375,0.005362304327754297,0.004335504186249875,176783,-2.94905638002641,0.0
442,1.610558032989502,1.686399315506718,1.4236468193549543,2.738160069535411,-3.3814808911309155,0.0,0.31182495822120815,0.1,0.0030052661895751953,0.04483771324157715,0.04988709,0.32226428,-1.3177993190285564,-0.11694586596086717,0.016401615491447835,0.0,400,0.1462109088897705,3.234671871294735,0.31066950377122293,177183,-2.961172013452903,0.0
443,1.5806100368499756,1.5220085996328152,1.7414121724833684,2.6653882756586746,-3.416218068376915,0.0,0.30975856909658495,0.1,0.0015041828155517578,0.04789257049560547,0.049964048,0.28048247,-1.0338185271624192,-0.1168595451166736,0.014815534334513101,0.0,400,0.14611363410949707,0.39446655108479284,0.3793457699485466,177583,-2.9548539172217434,0.0
444,1.5896880626678467,-3.2888840111566497,0.07516356816927193,-3.1649447744807833,-3.4636626057874738,0.0,0.29365372414688884,0.1,0.001499176025390625,0.06114482879638672,0.0502837,0.29710445,-1.2593250755618421,-0.11628566272978492,-0.03301694654948523,0.0,400,0.14794182777404785,2.790743256167476,0.031661316739931326,177983,-2.969587571425156,0.0
445,1.5597813129425049,-3.3197387415035347,0.07707303543709093,-3.195872239158505,-3.521136110475998,0.0,0.2712976650349239,0.1,0.0022492408752441406,0.05063009262084961,0.050378464,0.25907895,-1.4653664421560115,-0.11813769528430279,-0.03332490912658262,0.0,400,0.1694316864013672,0.033583394568967154,0.006842933889558445,178383,-2.959704539892705,0.0
446,1.584303855895996,-3.3380176235890997,0.12475554829439554,-3.173920657013687,-3.684838680559496,0.0,0.32350392902524283,0.1,0.0037660598754882812,0.050084829330444336,0.05017753,0.3119999,-1.6526315602993205,-0.1185388247266052,-0.03349867261835776,0.0,400,0.18587327003479004,0.007360935075772517,0.005553199621856479,178783,-2.94491745477425,0.0
447,1.613539695739746,-3.2914776922846705,0.06350235514969761,-3.1788806492107806,-3.4338910846047863,0.0,0.33146826191773476,0.1,0.0029990673065185547,0.05438852310180664,0.050168395,0.30413055,-1.8165161734978554,-0.11776637666882347,-0.033036805790799095,0.0,400,0.2267286777496338,0.004993072979266513,0.004172661405966332,179183,-2.9402087208350274,0.0
448,1.5838208198547363,0.25903216265356704,2.605335462347056,2.464005512636968,-3.378101995919015,0.0,0.29809119906409204,0.1,0.0030002593994140625,0.053359270095825195,0.04998554,0.33625886,-1.6089613398827132,-0.11680820334712912,0.002213158516637592,0.0,400,0.1546783447265625,2.2529483666081496,0.8092490904407271,179583,-2.935297580575404,0.0
449,1.5665900707244873,0.4865011126147122,2.5395122004691233,2.7731381827573216,-3.3975967123312185,0.0,0.30562873490975834,0.1,0.002253293991088867,0.0465855598449707,0.050023574,0.30998802,-1.3994150946329706,-0.11677669073284741,0.004472238902870645,0.0,400,0.15116643905639648,0.7698276559321805,0.7568488521957287,179983,-2.935552008768629,0.0
450,1.6105148792266846,-3.2808648521359385,0.06166277071535094,-3.1833703825697337,-3.4360879168253256,0.0,0.31492367266475013,0.1,0.003271818161010742,0.052605390548706055,0.05010865,0.31251568,-1.5875600703832675,-0.11682606742849808,-0.032921625339590206,0.0,400,0.16362547874450684,1.74408714329475,0.013273951923424909,180383,-2.9236945333403446,0.0
451,1.6397266387939453,-3.2701402485101934,0.06041236002897982,-3.1589077763477227,-3.417742520597712,0.0,0.2682708686479261,0.1,0.00251007080078125,0.04911208152770996,0.050514545,0.2687488,-1.7558180881959602,-0.11700924682111603,-0.03282955337811146,0.0,400,0.1545569896697998,0.014296679544115095,0.005338582010967009,180783,-2.9248438890074064,0.0
452,1.626239538192749,0.7153465571140836,2.4230623895629684,2.7436381431423174,-3.3883086761011185,0.0,0.298969038797774,0.1,0.0015037059783935547,0.04485750198364258,0.050011963,0.36349595,-1.508701623664956,-0.11640515768142701,0.006722090066096261,0.0,399,0.15174293518066406,2.436771714743861,0.6932714223373747,181182,-2.937147854362442,0.0
453,1.614046573638916,-3.2737485987593744,0.040757744609357036,-3.1918680941146875,-3.3384995322141284,0.0,0.32364957477643724,0.1,0.0030231475830078125,0.044591665267944336,0.049917527,0.34182122,-1.6852063211743977,-0.11691663823797714,-0.0328617132925342,0.0,400,0.17763924598693848,1.9676236513705196,0.009065290033462263,181582,-2.9266012846377407,0.0
454,1.5884432792663574,1.3282246844652,1.944673721726991,2.586104594690061,-3.3181084986258322,0.0,0.29650702287089964,0.1,0.005016803741455078,0.04837369918823242,0.050012354,0.32565612,-1.383863220610438,-0.11661030730386139,0.012847135621031425,0.0,400,0.15570735931396484,2.874976800314652,0.48655686626554845,181982,-2.9461132501713614,0.0
455,1.6214406490325928,-3.2816966884448697,0.09393258929227846,-3.1615858674343817,-3.6787894438836535,0.0,0.3251259890644786,0.1,0.003000020980834961,0.04939079284667969,0.0501577,0.30497584,-1.5736465673938813,-0.11651242984454462,-0.032935389671746675,0.0,400,0.23158836364746094,2.447450984490239,0.10741460414657207,182382,-2.9313373522732187,0.0
456,2.0307230949401855,-3.305376010404321,0.06727499655095207,-3.2119518561941978,-3.509803416602147,0.0,0.2946590261910177,0.1,0.005261898040771484,0.1208949089050293,0.05012493,0.31362018,-1.7468195116949254,-0.11789038139092271,-0.03317136784586322,0.0,400,0.22591662406921387,0.11249283662917005,0.008221205095282175,182782,-2.927911547825221,0.0
457,1.742239236831665,1.0424029417186258,2.1345584051456727,2.418500853711251,-3.44213961315332,0.0,0.3092228323164708,0.1,0.0022542476654052734,0.047628164291381836,0.0503309,0.28374776,-1.4678972663535703,-0.11682630816706617,0.010005586736682615,0.0,400,0.15222644805908203,2.785566732948782,0.6094095596674134,183182,-2.927614048954878,0.0
458,1.826220989227295,-0.6515638446399421,2.673500601780779,2.475635379110904,-3.48136288447563,0.0,0.3030961556699034,0.1,0.0045011043548583984,0.05690765380859375,0.0496063,0.41555294,-1.3862639241822075,-0.11708821866055014,-0.006899551110867161,0.0,400,0.17178964614868164,1.066203562570237,0.8865797618032133,183582,-2.9420587794192925,0.0
459,1.550658941268921,-1.7253845357833026,2.4489329851945043,2.4579132914106263,-3.3757057647245046,0.0,0.30036964495023666,0.1,0.00251007080078125,0.04785752296447754,0.05032556,0.3870963,-1.420175985342317,-0.11756981715971467,-0.01770443224425409,0.0,400,0.1461784839630127,0.9275236390568113,0.7475952902130307,183982,-2.9505751790419685,0.0
460,1.5962600708007812,-2.785303051964958,1.4826430579437164,2.335544293666664,-3.4448401224515184,0.0,0.31983185137710163,0.1,0.0022547245025634766,0.04535698890686035,0.05003272,0.60929155,-1.5566886920045813,-0.11554211203053608,-0.028273170376786717,0.0,400,0.15212750434875488,0.4874388335436025,0.3100744435175994,184382,-2.935595015158177,0.0
461,1.6529791355133057,0.03561158931505066,2.646621273591136,2.4854940284509937,-3.4442719140363343,0.0,0.300235295260259,0.1,0.0025207996368408203,0.05512285232543945,0.04999946,0.33916587,-1.397458663872618,-0.11600347743290645,-9.303318283279891e-05,0.0,399,0.18083930015563965,1.7277075240172852,0.8538786546751674,184781,-2.937049242130203,0.0
462,1.609600305557251,-3.2798319478017577,0.09069550322079352,-3.168035347178807,-3.6126733219763896,0.0,0.30493919667162517,0.1,0.002255678176879883,0.05214118957519531,0.049610432,0.2891897,-1.5856959922655323,-0.11802935982324024,-0.03291466305806873,0.0,400,0.15295743942260742,1.289449731898864,0.012416389524355184,185181,-2.9151830726439405,0.0
463,1.5815794467926025,-3.2851421797433162,0.08505276418435023,-3.1569684284695883,-3.487100551437494,0.0,0.26875138511933416,0.1,0.0025093555450439453,0.05162239074707031,0.050511323,0.28458878,-1.7556406110133107,-0.11767255127513655,-0.03295259245446507,0.0,400,0.16595077514648438,0.010536073494104148,0.004993014663369687,185581,-2.922336166035918,0.0
464,1.5861270427703857,-0.3825214180979014,2.692675769981383,2.6233274026933193,-3.4042976728302228,0.0,0.30309980700689215,0.1,0.0030007362365722656,0.05542492866516113,0.05031152,0.41953254,-1.6183286917217699,-0.11635355211574709,-0.004268728394817426,0.0,399,0.17237257957458496,1.875477089845253,0.8916456406132008,185980,-2.9432159407385177,0.0
465,1.6349029541015625,0.840513016754634,2.283513701781796,2.7479170512707274,-3.6429603122690026,0.0,0.3219613031887096,0.1,0.0032515525817871094,0.04888415336608887,0.050157275,0.29871312,-1.3724445208741296,-0.11675344025669128,0.00802963132090764,0.0,400,0.14759588241577148,0.8794921763538819,0.6603613799188266,186380,-2.9633418354265575,0.0
466,1.601165771484375,1.468760343014268,1.6686609953596057,2.5558737932439937,-3.2677494406461443,0.0,0.3092486188766866,0.1,0.0020453929901123047,0.047849178314208984,0.049840212,0.2668949,-1.0883240344852898,-0.11597221390033115,0.0142663166018341,0.0,400,0.1479167938232422,0.46029317226866734,0.38202869562079145,186780,-2.9379857722254856,0.0
467,1.6898882389068604,-3.2792336806878133,0.07833077948775932,-3.1784873514571093,-3.571337759586023,0.0,0.3071533354348768,0.1,0.0029997825622558594,0.05112719535827637,0.05012211,0.32059628,-1.3074149991055422,-0.11688557584394471,-0.03292247967230887,0.0,400,0.15212106704711914,2.667823065176838,0.029291105221012526,187180,-2.9405202948579516,0.0
468,1.6385307312011719,0.2845580086244548,2.5900579523128315,2.637727213029976,-3.3432199072035136,0.0,0.2999909005728968,0.1,0.010794401168823242,0.04734492301940918,0.05018936,0.32524014,-1.1482176983325423,-0.1177409334154082,0.0024638755590734264,0.0,399,0.15108799934387207,2.174883387681381,0.7974176638952523,187579,-2.952041333089581,0.0
469,1.5618407726287842,-3.2661027848146604,0.06165745338101223,-3.1519114245279884,-3.3992326984752714,0.0,0.30801034195889326,0.1,0.0032625198364257812,0.04610443115234375,0.050015144,0.30669454,-1.3600062069807541,-0.11651448665887215,-0.03278153717717719,0.0,400,0.15094566345214844,1.5838717354601295,0.015345190469166452,187979,-2.9509489034757905,0.0
470,1.6100733280181885,0.029587271055656002,2.6728753433279486,2.500788516802993,-3.4170821015593935,0.0,0.29925271990091235,0.1,0.0030117034912109375,0.04669046401977539,0.05010076,0.3431067,-1.2210468591771133,-0.11735126070787183,-0.00012881968704448008,0.0,400,0.15392231941223145,2.129847992536887,0.8518341605500888,188379,-2.954345094742126,0.0
471,1.5816774368286133,1.1210915080356745,2.1431253824608603,2.610573384395038,-3.4290821106607163,0.0,0.30560901503932236,0.1,0.003259420394897461,0.058376312255859375,0.049907006,0.27128953,-0.9868330224558346,-0.11647405777386709,0.0107789751250649,0.0,399,0.18268179893493652,0.7698402163879332,0.5620013504696505,188778,-2.952314108598922,0.0
472,1.6173396110534668,0.9066032333024161,2.2890887353889755,2.529154769514636,-3.404038407142489,0.0,0.3048787587291082,0.1,0.0030052661895751953,0.05315232276916504,0.049846955,0.30182144,-0.7974893968800095,-0.11727144855933709,0.008673938615287941,0.0,399,0.1673731803894043,0.6603760932111296,0.6421824194165376,189177,-2.959117663983686,0.0
473,1.5884613990783691,-3.2884517864492158,0.07938748826709556,-3.1695718937337922,-3.502696154648663,0.0,0.30659665191109453,0.1,0.00400996208190918,0.055626630783081055,0.05047303,0.24051034,-1.04658563583693,-0.11748926895043636,-0.03300668147911725,0.0,400,0.19776391983032227,2.0245716648781857,0.03191899674669111,189577,-2.9575758573084627,0.0
474,1.5820670127868652,1.3147328500756663,1.9342700110962776,2.551313408889379,-3.280037784410549,0.0,0.30773661428214033,0.1,0.0022504329681396484,0.047149658203125,0.05019837,0.26980305,-0.8104537872456705,-0.11649967792495575,0.012721926031090054,0.0,400,0.155517578125,2.8957522327030736,0.5565020701211072,189977,-2.9724347277561582,0.0
475,1.5730488300323486,0.19160176048397942,2.5500987266198747,2.5006446555010196,-3.3573933548539925,0.0,0.31300149201863486,0.1,0.0022504329681396484,0.05264687538146973,0.05003502,0.27356312,-0.7102482324727055,-0.11720278981648846,0.0014626842649168297,0.0,400,0.1518564224243164,0.8137427016792523,0.8020081676398652,190377,-2.969115872316918,0.0
476,1.579603910446167,1.0745716549430582,2.1157547575209597,2.6252909742993555,-3.4034096419294855,0.0,0.29076414566083003,0.1,0.0022497177124023438,0.04735994338989258,0.049848843,0.29522163,-0.5317662437311291,-0.11619896917680339,0.01033938998926425,0.0,400,0.1526961326599121,0.6354601836851548,0.5616611357466097,190777,-2.972656940074994,0.0
477,1.5603032112121582,-1.7374868080151304,2.4108520125107007,2.3905315082531278,-3.459504649164381,0.0,0.2956500757891763,0.1,0.0022563934326171875,0.05038714408874512,0.05033925,0.45697147,-0.6523383001595293,-0.11707722567658159,-0.01784645129182211,0.0,400,0.14667701721191406,1.5711224002851694,0.7547140931060522,191177,-2.9903906565982736,0.0
478,1.5832622051239014,-1.9060490411844768,2.326674216161283,2.3728577924061307,-3.528763763651023,0.0,0.3168382936248933,0.1,0.002250194549560547,0.05602550506591797,0.049856015,0.36763054,-0.777709374262024,-0.11686970688120069,-0.019485682989484866,0.0,400,0.2255237102508545,0.7080750565818119,0.6507946713274096,191577,-2.9718189206672614,0.0
479,1.7373127937316895,-1.0461937488603497,2.6438128943416466,2.4465336825162556,-3.4203141084433573,0.0,0.29917768963055563,0.1,0.0022530555725097656,0.0511469841003418,0.049953703,0.34116632,-0.8045578117218567,-0.1171857701458715,-0.010818416385332666,0.0,399,0.16360831260681152,0.9410623397360118,0.8538166732745104,191976,-2.9874569436140916,0.0
480,1.5884180068969727,-1.0870655379714362,2.6066279131835985,2.3497520427955525,-3.6094617476428397,0.0,0.30053958746072135,0.1,0.0022482872009277344,0.05185699462890625,0.0497981,0.39181283,-0.8328085843468147,-0.11718557532244546,-0.01128099001959846,0.0,400,0.15329456329345703,0.8255048894171306,0.8175876182678595,192376,-2.9587006031622423,0.0
481,1.595520257949829,-1.017074199139319,2.686337966637019,2.5877716553965375,-3.3859239558575416,0.0,0.29957361161911455,0.1,0.002511262893676758,0.0478518009185791,0.049981408,0.3603931,-0.8512351458260652,-0.11706254033577494,-0.010598140049192888,0.0,399,0.15079116821289062,0.8660991474315607,0.862126038996459,192775,-2.964464667309223,0.0
482,1.6261701583862305,0.8018808207710034,2.2299376851041535,2.4241781604715493,-3.3130636165844,0.0,0.3080192773231978,0.1,0.002251148223876953,0.05616283416748047,0.049866065,0.31929386,-0.6859235491663583,-0.1177126711599153,0.007588106647280546,0.0,400,0.17925453186035156,1.0583183522866297,0.6572569847864242,193175,-2.971617462979377,0.0
483,1.5862767696380615,-3.2631695137131356,0.07226783413475227,-3.157142166382132,-3.4323715671211885,0.0,0.2970006405985899,0.1,0.0030100345611572266,0.04908466339111328,0.050144635,0.3349601,-0.943648145621036,-0.11755909852769827,-0.03275978305120368,0.0,400,0.1537942886352539,1.8657026864235424,0.014105363887738387,193575,-2.972390796793896,0.0
484,1.608250379562378,-3.256553915902208,0.07099886368749035,-3.1658593860794038,-3.4684641127520752,0.0,0.2768065393998552,0.1,0.003000020980834961,0.04938554763793945,0.050157398,0.24294373,-1.1749387226491534,-0.1171245930836806,-0.032679514858130296,0.0,400,0.14907407760620117,0.015323007804499656,0.007018486105226604,193975,-2.969965096080364,0.0
485,1.5461747646331787,-1.7113170728885063,2.412732195313934,2.6550429967632634,-3.357382793038519,0.0,0.2995754224302271,0.1,0.0032601356506347656,0.05810737609863281,0.049888596,0.5303129,-1.228576557673089,-0.11673600502913206,-0.017519929500640748,0.0,400,0.15833759307861328,0.9970829721610365,0.7154217631814019,194375,-2.973726871347657,0.0
486,1.6367838382720947,-3.2556338940753125,0.16281266382175238,-2.566795549476831,-3.5169795614181,0.0,0.3069016792704897,0.1,0.002249479293823242,0.04536890983581543,0.049832087,0.3735131,-1.4312822913133112,-0.11673565441157416,-0.032948604510702,0.0,400,0.19516277313232422,0.28799973710498666,0.014582344862154472,194775,2.380152987425221,0.0
487,1.5558524131774902,1.0042917998280527,2.0877875873376324,2.588263054222171,-3.3445516382397535,0.0,0.29034738262848436,0.1,0.0030145645141601562,0.049996137619018555,0.04980682,0.33197418,-1.1877248821991748,-0.11654099925929198,0.009641767965817402,0.0,400,0.14687800407409668,2.802667340865557,0.5971931125951561,195175,-2.993266637027296,0.0
488,1.5662815570831299,0.8627393233545066,2.2785968770161626,2.6515868307185912,-3.3387824905110755,0.0,0.31089073463880446,0.1,0.0014989376068115234,0.05216693878173828,0.049911648,0.31240463,-0.9826784616438067,-0.11786356147165108,0.008196275028295893,0.0,400,0.15689539909362793,0.6752174388424406,0.6564055404521978,195575,-2.981070254116818,0.0
489,1.6443276405334473,0.17805196385786703,2.5500170105175446,2.567317028324365,-3.3777489787747625,0.0,0.3096257008240224,0.1,0.00278472900390625,0.0506589412689209,0.050124697,0.3002204,-0.8666054190936393,-0.11841818151018046,0.001341078744514686,0.0,400,0.15555286407470703,0.8460877268249698,0.8029568787972474,195975,-2.980807885080762,0.0
490,1.607194185256958,-0.04757667609032069,2.590769208975532,2.5949954762144722,-3.365329830495749,0.0,0.28666879893156433,0.1,0.0017547607421875,0.05063199996948242,0.049755115,0.33100522,-0.7847025447933075,-0.11682882451582684,-0.0009201779643524671,0.0,400,0.15008974075317383,0.8802113191872919,0.8574800436513846,196375,-2.9763359257639586,0.0
491,1.6052274703979492,-0.6597432344670311,2.6861781087839627,2.507963924277724,-3.4226529642936905,0.0,0.30472779565261227,0.1,0.0025091171264648438,0.05311155319213867,0.049782254,0.32826114,-0.7722066137606798,-0.11751159385889136,-0.006992048149636052,0.0,400,0.17869925498962402,0.9213208781886838,0.8794842620681101,196775,-2.9890316326098443,0.0
492,1.611708164215088,1.1602754035729397,2.1642848472663094,2.809365799838038,-3.3946507619404107,0.0,0.3015449045606297,0.1,0.003000020980834961,0.04912090301513672,0.049898867,0.29999897,-0.5789584120273178,-0.11920761615994607,0.01119399949644589,0.0,400,0.17787957191467285,0.9078650206453565,0.5574717384519717,197175,-2.9838675368840226,0.0
493,1.628098964691162,1.5460918254089144,1.7108314889342273,2.606676522763319,-3.2356537787131923,0.0,0.3122856634928712,0.1,0.0022575855255126953,0.061422109603881836,0.050063543,0.30523416,-0.3664533882836946,-0.11746517866762186,0.015016567571985707,0.0,400,0.16840076446533203,0.4144415760814062,0.38232616431026484,197575,-2.971735466568839,0.0
494,1.5929548740386963,0.821214644751633,2.254905143647157,2.6748497272608405,-3.363237806429445,0.0,0.28832137182369794,0.1,0.0032606124877929688,0.04662203788757324,0.050234247,0.30761176,-0.24768658498016186,-0.11790759199787271,0.00784391296279306,0.0,400,0.15713167190551758,0.7129383984165247,0.6470549382619454,197975,-2.9770164262633942,0.0
495,1.5984885692596436,1.1483014906284212,2.1658540332872125,2.572819951944619,-3.3313123306641965,0.0,0.2856051733937029,0.1,0.002251863479614258,0.04864382743835449,0.0498723,0.28996667,-0.10808777741930355,-0.11853532959687203,0.01108621180179024,0.0,400,0.15663480758666992,0.5737651336267807,0.5580744560782115,198375,-2.975748414047254,0.0
496,1.5488536357879639,1.525211853974031,1.6926412164721265,2.645020771046976,-3.312270643739287,0.0,0.29182690943090467,0.1,0.004148960113525391,0.049126386642456055,0.05030607,0.26665914,0.055242185720029924,-0.11842070416945251,0.014817563220698332,0.0,400,0.15087461471557617,0.38761520742650807,0.36784012049842446,198775,-2.983194053972895,0.0
497,1.617126703262329,1.7226952402149442,1.3685954948990342,2.8885748974543235,-3.2320810439306578,0.0,0.3217984965777795,0.1,0.003752470016479492,0.05486464500427246,0.04975579,0.23965794,0.22198749116952135,-0.11757138052486513,0.016865689913231702,0.0,399,0.16866564750671387,0.27032801393360933,0.2549848739876772,199174,-2.9717091692350546,0.0
498,1.5665338039398193,-3.2869096554924715,0.06615868158551358,-3.1661034314048213,-3.4103515681138856,0.0,0.3111886887273909,0.1,0.001753091812133789,0.05140089988708496,0.05015377,0.3059566,-0.12890222349667793,-0.11882950924933887,-0.03299732233822083,0.0,400,0.15590286254882812,2.9292238096804395,0.01565947220807772,199574,-2.981385289215862,0.0
499,1.5697951316833496,1.5771144422837393,1.6980531076225733,2.6196082454493648,-3.266895301037941,0.0,0.2923460956901936,0.1,0.002256155014038086,0.0493922233581543,0.050218496,0.2924851,0.04169944308136379,-0.1170349523113744,0.015327460715562497,0.0,400,0.15221881866455078,2.90415113187542,0.35527316650698226,199974,-2.992850907527529,0.0
500,1.610903024673462,-0.21144048049255054,2.6614931551347065,2.5011079570611603,-3.348923868545148,0.0,0.30713383706082004,0.1,0.002248525619506836,0.04835987091064453,0.050152168,0.3513055,0.016385450723972357,-0.11721496957007088,-0.0025477392279329865,0.0,400,0.15638446807861328,1.2471044183433166,0.8691426069621846,200374,-2.990749738892602,0.0
501,1.7254230976104736,-3.2695125081170944,0.05653443865594937,-3.158771419946577,-3.36560229074557,0.0,0.302029763702242,0.1,0.002509593963623047,0.04920148849487305,0.04974347,0.28764927,-0.31220434516013434,-0.11713852650364964,-0.03278864950606344,0.0,400,0.1559128761291504,1.2190841202147558,0.024633013232735736,200774,-3.0023552971931466,0.0
502,1.5447285175323486,0.4336762705664329,2.4819669191456453,2.7125847010608264,-3.3623154867718967,0.0,0.30517471830952014,0.1,0.003262758255004883,0.048380136489868164,0.04987374,0.31436092,-0.23761628358747763,-0.11754359483006815,0.003921784892613694,0.0,400,0.14998984336853027,2.4211818245813235,0.7963988411242144,201174,-3.0111789330260623,0.0
503,1.586042881011963,0.43490836549383277,2.4980671131516354,2.8490592940891855,-3.4827191288043777,0.0,0.29045407445284027,0.1,0.003000974655151367,0.04864096641540527,0.049779847,0.3339284,-0.17036381867934658,-0.1187223844741314,0.003894831090563364,0.0,400,0.16027545928955078,0.7843628822641716,0.7573669728224811,201574,-2.9997836118803685,0.0
504,1.6199564933776855,-3.3051097014818134,0.06421641398188244,-3.1536040530309473,-3.432318820460958,0.0,0.2611925786708848,0.1,0.0022497177124023438,0.05063939094543457,0.04977497,0.33353412,-0.4838384069595933,-0.11939966363782752,-0.03317335633586669,0.0,400,0.1573488712310791,1.571686151350175,0.033740522904407814,201974,-2.997990961997325,0.0
505,1.574446439743042,-3.302362032910765,0.07598127881263221,-3.152906699585787,-3.4918000371491877,0.0,0.2839612886921534,0.1,0.003000020980834961,0.0458674430847168,0.049950622,0.27739698,-0.7656907695547105,-0.11807316617719868,-0.03314087442929759,0.0,400,0.15437746047973633,0.035869766879781745,0.011877605715739998,202374,-3.0074769367255643,0.0
506,1.554814100265503,-3.313147638724079,0.08067718547543909,-3.1777846465623316,-3.486255960158125,0.0,0.3021069608505826,0.1,0.0029993057250976562,0.048130035400390625,0.050239686,0.30496308,-1.0204364564716473,-0.11934963640822133,-0.03324716738000311,0.0,400,0.16876602172851562,0.009895222736835145,0.007653870127802405,202774,-3.0064855630163345,0.0
507,1.5787689685821533,-3.332287031747981,0.07316759000413683,-3.2366523937188627,-3.5805421676643823,0.0,0.31366920158916134,0.1,0.0022499561309814453,0.046887874603271484,0.04990486,0.3415085,-1.2516215139992806,-0.11907111664852056,-0.0334494389666413,0.0,400,0.15485668182373047,0.009466877901285546,0.006730040596379224,203174,-2.9955462444457837,0.0
508,1.5792295932769775,-3.303203842882399,0.1086121613464451,-3.1789444340946207,-3.7575410779599836,0.0,0.3282063293445799,0.1,0.004010915756225586,0.045868873596191406,0.04974205,0.30404764,-1.4567797468875925,-0.1187456191738046,-0.03315431119876645,0.0,400,0.1431276798248291,0.00866672229893177,0.007150183449083512,203574,-3.00031752443718,0.0
509,1.5857625007629395,-3.3495002280885156,0.08597018027316096,-3.2300987921750832,-3.521459220191127,0.0,0.32009799421381174,0.1,0.0022552013397216797,0.05160212516784668,0.050354622,0.3411123,-1.6460517950076847,-0.12166235501640173,-0.03360799520397324,0.0,400,0.15354132652282715,0.006403740731331329,0.0050978210088373065,203974,-3.0052932490131132,0.0
510,1.5509436130523682,-3.3020468963714746,0.08136310116509893,-3.167238440466837,-3.456291013045521,0.0,0.32420662564134073,0.1,0.003000020980834961,0.07119560241699219,0.0502601,0.33644938,-1.811651305144064,-0.11943263125263305,-0.033148501136769114,0.0,400,0.1697702407836914,0.005887021948090814,0.00470912746606236,204374,-3.0020423882119713,0.0
511,1.7505180835723877,-3.298854285169576,0.10035033544780121,-3.1719963707277286,-3.699928140542541,0.0,0.30886179397260405,0.1,0.003260374069213867,0.07391810417175293,0.050146125,0.3037891,-1.9603716031466152,-0.11914845011408193,-0.033113019819900884,0.0,400,0.28977060317993164,0.006012735667817213,0.005254623466750884,204774,-2.990092192310448,0.0
512,1.7826709747314453,1.7874398240579312,1.4397931570108073,2.840146334370452,-3.2736718836739858,0.0,0.30042183214132195,0.1,0.003751039505004883,0.07628560066223145,0.050081145,0.32644078,-1.5855904604261606,-0.11699414514378445,0.01744710529879635,0.0,400,0.28563594818115234,3.100653588057865,0.27793708302690767,205174,-3.005782608024909,0.0
513,1.8257832527160645,-3.290748916361197,0.08040806011527604,-3.186303846519373,-3.5433490287494043,0.0,0.31860759809108724,0.1,0.0037550926208496094,0.12628412246704102,0.050352503,0.28053027,-1.7561063060196642,-0.11835541873276664,-0.03303069998359675,0.0,400,0.23395323753356934,3.041190282779185,0.04579938395305338,205574,-2.9984011030133773,0.0
514,1.8189868927001953,-3.3211792330168053,0.11240414221966695,-3.17436409480421,-3.587983751376524,0.0,0.2927658089375218,0.1,0.003259897232055664,0.07986330986022949,0.049785085,0.3095685,-1.9126135987193784,-0.12016571214978815,-0.03333587707439316,0.0,400,0.46085548400878906,0.04564647128938737,0.009100110515319497,205974,-3.006914745685574,0.0
515,1.8149335384368896,1.2783363924725246,1.945000589575092,2.6963748887302432,-3.2890631421833736,0.0,0.2892244723528018,0.1,0.0030057430267333984,0.05337381362915039,0.050076306,0.33315298,-1.5935185996001882,-0.11737319791007757,0.012337540512087672,0.0,399,0.19695305824279785,3.0346996976939087,0.517081745796426,206373,-3.011216608351782,0.0
516,1.7409353256225586,-3.2841294426228553,0.05537835613863123,-3.1867386717524875,-3.3999859921851625,0.0,0.28956673326877075,0.1,0.004036664962768555,0.049848318099975586,0.049772076,0.3222529,-1.762579683902455,-0.11858962854277441,-0.032963882544006416,0.0,400,0.1726548671722412,2.336384417383363,0.029431616073151208,206773,-3.012510141189536,0.0
517,1.7423207759857178,-3.292896622366344,0.07351906143462372,-3.1870866353958562,-3.4991141445308926,0.0,0.29140743959860843,0.1,0.002247333526611328,0.05461907386779785,0.04990907,0.28134066,-1.915611377748844,-0.1191400094725209,-0.033038552653601234,0.0,400,0.17695283889770508,0.030851380564224137,0.007462402399027475,207173,-2.98741200162887,0.0
518,1.7207086086273193,-3.287103314668458,0.05720760883988886,-3.197694797241901,-3.4159581684898894,0.0,0.3386511492683065,0.1,0.003259420394897461,0.054845333099365234,0.049963478,0.2922903,-2.0527605714408055,-0.11741094972632161,-0.03299624505121607,0.0,400,0.16155648231506348,0.006970728275614145,0.005644098945436392,207573,-2.994791021641927,0.0
519,1.8740506172180176,2.0871402638488616,1.0083883280188817,2.6612820701122573,-2.6086920683996087,0.0,0.28903653814347313,0.1,0.0032596588134765625,0.05310249328613281,0.050220646,0.32616174,-1.6387704879118388,-0.11784537377774422,0.020513416692848153,0.0,400,0.17524409294128418,3.163188077085085,0.17431556372454263,207973,-2.990157062997743,0.0
520,1.7220866680145264,-3.2672925841084988,0.07345946588768293,-3.1618842428088563,-3.4476622181043246,0.0,0.30598665186799484,0.1,0.0025098323822021484,0.07190847396850586,0.050215445,0.3305593,-1.8016226975315048,-0.11688437480975439,-0.03280141822142014,0.0,400,0.23183369636535645,3.4545215323839114,0.0991632200411927,208373,-3.011010433344585,0.0
521,1.5904932022094727,-3.2855578897705247,0.08155341134785994,-3.135941969886748,-3.499764764876868,0.0,0.30013201242977855,0.1,0.0030100345611572266,0.049364566802978516,0.050092936,0.29718304,-1.950016216755407,-0.11828009855064434,-0.032982990363002784,0.0,400,0.1476302146911621,0.09882033011218448,0.009195841760519694,208773,-3.015841076620507,0.0
522,1.6040375232696533,-3.278587440140338,0.06881566026906515,-3.1510513640288758,-3.4232810073392006,0.0,0.3130558637850605,0.1,0.0022797584533691406,0.04685354232788086,0.049868237,0.36449438,-2.0828733390939003,-0.11865292204328623,-0.03290936971241366,0.0,400,0.18176555633544922,0.007385341113108947,0.005906186622736763,209173,-2.9917622891745372,0.0
523,1.7046551704406738,-3.2734038557384664,0.05300297855521034,-3.161116571024979,-3.3858762403207243,0.0,0.31377625908993284,0.1,0.0032591819763183594,0.06732511520385742,0.04990088,0.35320556,-2.201926390758357,-0.11825363195831098,-0.03285311114480145,0.0,400,0.19042420387268066,0.0061481427066216185,0.005533865965791846,209573,-2.98737241761375,0.0
524,1.6181640625,-3.2745580263226723,0.057949744932325346,-3.15298575724047,-3.413549011637423,0.0,0.32094010317850746,0.1,0.0029997825622558594,0.05161094665527344,0.049563,0.3501969,-2.3091895543147887,-0.11848732047124305,-0.03286034953249594,0.0,400,0.15756964683532715,0.004994781552629857,0.004528768116373549,209973,-2.9924597499215677,0.0
525,1.6022136211395264,-3.2577843966334137,0.05471003472752449,-3.162965253233203,-3.389772327448567,0.0,0.31594943785952884,0.1,0.0037555694580078125,0.05167746543884277,0.04997047,0.3593794,-2.4040490385466513,-0.11771146663392652,-0.03270279724610071,0.0,400,0.15176749229431152,0.004946105065418893,0.004401196988753131,210373,-2.985520850961941,0.0
526,1.592341661453247,-3.2569038083789525,0.05938439602206023,-3.1722869962126614,-3.405413161119762,0.0,0.3171164324342957,0.1,0.0025115013122558594,0.04736161231994629,0.05015637,0.3659219,-2.4893345155298814,-0.11735741224285076,-0.03269842413239353,0.0,400,0.14786958694458008,0.004732944312917099,0.004355155906527465,210773,-2.976176050625618,0.0
527,1.56964111328125,-3.2771010140906727,0.0633245823742901,-3.165859238507634,-3.4078317037368047,0.0,0.322075786347317,0.1,0.003264188766479492,0.04840373992919922,0.0497683,0.35578167,-2.568111165385961,-0.11832128962043158,-0.03288660446626098,0.0,400,0.1767439842224121,0.004657461410494164,0.004233957569556111,211173,-2.973361724902614,0.0
528,1.5856809616088867,-3.281257126773344,0.06392375761675344,-3.1825822022121115,-3.486532166165591,0.0,0.3350843039665098,0.1,0.002281665802001953,0.047118425369262695,0.050377153,0.28694612,-2.6394257615246994,-0.11771125821694586,-0.03293511488876169,0.0,400,0.15366911888122559,0.00562253302672789,0.005068753419198415,211573,-2.9816000827393805,0.0
529,1.671196699142456,-3.29259120023279,0.08896957557541156,-3.1340730365795038,-3.5658094961929154,0.0,0.3199603882157147,0.1,0.003282308578491211,0.04785585403442383,0.050179105,0.3330941,-2.7047423053955084,-0.11937702426344918,-0.03305512803116573,0.0,400,0.1529700756072998,0.004955656493777477,0.004628471155007117,211973,-2.9798259796104167,0.0
530,1.692049264907837,-0.6217834856367845,2.6940146597478734,2.4226314426006477,-3.7427385156700663,0.0,0.30336008858856506,0.1,0.0025103092193603516,0.1000356674194336,0.04994761,0.41942737,-2.4964464234196364,-0.11808159787214435,-0.00666519954762257,0.0,400,0.7888545989990234,1.7647396807084301,0.8939861048427181,212373,-2.9847511701974767,0.0
531,2.491753578186035,-1.8821374843086724,2.3778564046023902,2.7330972363272195,-3.373849628519562,0.0,0.29828192752816474,0.1,0.0030062198638916016,0.08446121215820312,0.049816586,0.46394634,-2.43501552950854,-0.11705936692091937,-0.01922870181120113,0.0,400,0.5801715850830078,0.8471556238688823,0.6787784773828186,212773,-2.979150522237738,0.0
532,2.2015445232391357,-3.258951968899633,0.05499102060686965,-3.1812621509498222,-3.4048899149283125,0.0,0.3097421482595358,0.1,0.04012727737426758,0.2886958122253418,0.049888436,0.29180944,-2.51740917344765,-0.11755147378421635,-0.03269181831352868,0.0,400,2.4962961673736572,0.23498389986133336,0.004506935175138704,213173,-2.980164658460528,0.0
533,2.773768663406372,0.07443248821037692,2.6615203567438352,2.722987057349714,-3.336929853830737,0.0,0.28913967290347875,0.1,0.0025110244750976562,0.04762005805969238,0.05012774,0.3829985,-2.258225007281847,-0.11677255988812453,0.0003117324716597973,0.0,400,0.1677708625793457,2.158254625107907,0.8528833836339165,213573,-2.981548089440058,0.0
534,1.5848276615142822,-3.27243970632138,0.07298672328001185,-3.152662374940656,-3.5036988009569066,0.0,0.32213726791795616,0.1,0.00225067138671875,0.04660487174987793,0.050185066,0.30509174,-2.3596464771858003,-0.11704758194357727,-0.03285453711596839,0.0,400,0.14580607414245605,1.2686467633375438,0.008085354471859613,213973,-2.986322814775257,0.0
535,1.5802395343780518,-3.2461057956486297,0.05660465563137712,-3.166912412324391,-3.428622189452728,0.0,0.29467429155547276,0.1,0.0030274391174316406,0.04683637619018555,0.050238933,0.31054467,-2.4482924090320832,-0.11684298076988747,-0.0325755571465614,0.0,400,0.15273141860961914,0.007662913759500062,0.004011159382347867,214373,-2.9851320052556325,0.0
536,1.6802308559417725,-2.3551711744987895,2.035934023107023,2.6851046673666987,-3.4597287920545794,0.0,0.3034651587007213,0.1,0.003253936767578125,0.05588030815124512,0.049860574,0.5791468,-2.438980285578754,-0.11766147237189088,-0.024009040041096625,0.0,400,0.15685772895812988,0.6101904629200295,0.5130350354971769,214773,-2.9841637882318457,0.0
537,1.619276523590088,-3.2978415453952747,0.09953580102646743,-3.1687922412978695,-3.6823938047213005,0.0,0.32952489403131735,0.1,0.003309488296508789,0.06791210174560547,0.05006405,0.35910764,-2.524866411560406,-0.11851916587746748,-0.03309828924561939,0.0,400,0.2143261432647705,0.12761694978147342,0.0043305350205428755,215173,-2.9804401445513378,0.0
538,1.6974809169769287,-3.2750048680331747,0.05539390001036242,-3.175290411897327,-3.3620484896931107,0.0,0.30195758150659996,0.1,0.0037431716918945312,0.05167388916015625,0.049954273,0.34047082,-2.599880257207683,-0.11700211516095893,-0.03287999726349465,0.0,400,0.16001152992248535,0.004688134943934824,0.003775961143852311,215573,-2.9817445131065403,0.0
539,1.6043977737426758,-3.260509283853212,0.04735613564972987,-3.1816807995228906,-3.361635510992321,0.0,0.3240838504010303,0.1,0.0022623538970947266,0.04735875129699707,0.049809944,0.34425598,-2.665943159872236,-0.11735286760650357,-0.03272978126016127,0.0,400,0.15948748588562012,0.0033619007053722278,0.0030118744435442745,215973,-2.9896546748030266,0.0
540,1.565136194229126,-3.2890513731006137,0.06461418465470523,-3.1712580164349555,-3.4758161915967376,0.0,0.30988543585831596,0.1,0.0030040740966796875,0.045916080474853516,0.049964238,0.34790447,-2.7282539811950737,-0.11787280083648585,-0.03300890125543807,0.0,400,0.18312478065490723,0.004498341459133461,0.004009830082969089,216373,-2.9954566845941586,0.0
541,1.6043546199798584,-0.8055301336134727,2.7734307427498592,2.6955350237589664,-3.589260692349195,0.0,0.30355488179390216,0.1,0.003760814666748047,0.06464719772338867,0.0499515,0.3817228,-2.5359815964369137,-0.11735339367202782,-0.008417917904756954,0.0,399,0.17830824851989746,1.593712437085792,0.884849834003573,216772,-2.9790183784871034,0.0
542,1.600914716720581,-0.7405551973267573,2.7930108093020434,2.902236226173886,-3.3654047815296164,0.0,0.2985282232646761,0.1,0.002539396286010742,0.047586679458618164,0.050109085,0.37780207,-2.356438956525898,-0.11721212156319297,-0.007836012693442383,0.0,400,0.1691734790802002,0.8850965470694653,0.8770081363530351,217172,-2.9867889739638143,0.0
543,1.5990381240844727,0.007420934672451196,2.6528782890538958,2.4777370601711763,-3.3800160105547303,0.0,0.2985319181441511,0.1,0.0030062198638916016,0.047858238220214844,0.050296903,0.3497774,-2.1200529674060626,-0.11792812498435679,-0.000326076127054144,0.0,400,0.14557671546936035,0.9119897527710502,0.8326689170124207,217572,-2.995862510310954,0.0
544,1.713913917541504,1.8904165099699117,1.4243472065863492,2.7049750440112925,-3.2479097011282247,0.0,0.3037416153853073,0.1,0.002248525619506836,0.049135446548461914,0.05003709,0.26167816,-1.7190060196684651,-0.11749626863602462,0.018458032624349908,0.0,400,0.15542912483215332,0.6298559116678877,0.2546139753784819,217972,-2.99052696627202,0.0
545,1.6570212841033936,-3.263757592168421,0.0647252143384763,-3.146320711188967,-3.4093715341390514,0.0,0.3295992997098588,0.1,0.003259420394897461,0.07269001007080078,0.049959745,0.2831675,-1.8734811769184607,-0.11751327114776247,-0.032767542665440776,0.0,400,0.2303178310394287,3.2539055140355884,0.011409432488244454,218372,-2.9893830949705142,0.0
546,1.5954527854919434,-2.5804747791510305,1.7380649157727945,2.380837355621159,-3.385731757527597,0.0,0.3005521764842672,0.1,0.0022516250610351562,0.045599937438964844,0.049949903,0.53134567,-1.9441805371417176,-0.11640159489858437,-0.02621378192231525,0.0,400,0.16169428825378418,0.4324640785455579,0.36656132952265247,218772,-3.003637458435473,0.0
547,1.6215217113494873,-3.289547716278037,0.05707174111949134,-3.16813758110092,-3.4113768223223664,0.0,0.3131693605651511,0.1,0.0032684803009033203,0.04833817481994629,0.04998594,0.3329841,-2.0787172550553494,-0.11769844742371002,-0.03301318251793991,0.0,400,0.15638279914855957,0.07561559691983455,0.006139092235771652,219172,-3.0095101387077117,0.0
548,1.602247953414917,1.8924079758314463,1.4101830076656385,2.7353647145531124,-3.29290238177248,0.0,0.30757562734333826,0.1,0.003000020980834961,0.04915022850036621,0.050155636,0.31207892,-1.6816047319666698,-0.11767808464209123,0.0185109433004976,0.0,400,0.18439912796020508,3.179243714635636,0.27535683810382655,219572,-2.986024160428741,0.0
549,1.6447579860687256,0.055079962934800906,2.6982832122959,2.6524070823782697,-3.4290345901577144,0.0,0.31192273903436657,0.1,0.00251007080078125,0.0536046028137207,0.050238706,0.30753377,-1.5079362624765227,-0.11813716041284404,0.0001136991864602488,0.0,400,0.16414475440979004,1.1856378658642093,0.8536316165425267,219972,-2.9807114620682995,0.0
550,1.5892493724822998,-0.6003654037086601,2.7364762948420576,2.7351649443218085,-3.415119206322587,0.0,0.30062074808621536,0.1,0.003751516342163086,0.059357643127441406,0.04997516,0.3427988,-1.4171791765997366,-0.1168523225942943,-0.00643808877629107,0.0,400,0.17113256454467773,0.9447309497380293,0.8850710280492832,220372,-2.980697619455138,0.0
551,1.6002957820892334,-3.2583562033486952,0.05786872858985341,-3.1206499082450203,-3.4076036181838596,0.0,0.3036827212387492,0.1,0.0025043487548828125,0.04882669448852539,0.049934197,0.2749556,-1.6012968792746325,-0.11737516640109093,-0.03270942810695089,0.0,400,0.16175007820129395,0.9348170838306216,0.015537671634981208,220772,-2.973631480273164,0.0
552,1.6248326301574707,2.0825619242778917,0.9657352101707164,2.968447416060956,-2.418306499227385,0.0,0.2931130215492145,0.1,0.00301361083984375,0.052855491638183594,0.04997306,0.33806548,-1.23291099891938,-0.11626084603637679,0.020376078923318,0.0,399,0.14831280708312988,3.176203000790466,0.17313369977673249,221171,-2.968013475935856,0.0
553,1.5484168529510498,-3.2429660820869604,0.044621944709474,-3.1674012138438066,-3.329582173313286,0.0,0.3298347747417585,0.1,0.003003835678100586,0.04683804512023926,0.050216883,0.31479594,-1.4339165072361382,-0.11616948166634916,-0.03255348265610089,0.0,400,0.19814300537109375,3.1624619192852177,0.04674776483869083,221571,-2.9828792580836203,0.0
554,1.604499340057373,-1.7012831039134106,2.429164453765446,2.5925382142882083,-3.3704902729584747,0.0,0.30495878715469843,0.1,0.002259492874145508,0.05335378646850586,0.050102144,0.36995953,-1.4606531669038656,-0.11690232547396974,-0.017443369550616733,0.0,400,0.15079641342163086,0.9943831986782862,0.7200362328781452,221971,-2.97628365320825,0.0
555,1.62923264503479,1.9605834381821778,1.4423512249592336,2.803399353053524,-3.2895276629236987,0.0,0.2984783637405124,0.1,0.0022516250610351562,0.04766726493835449,0.050057586,0.2812608,-1.1185295063952614,-0.11698819712767897,0.01916603017821118,0.0,400,0.14791107177734375,1.628398272432182,0.2702087342215358,222371,-2.9609653765691277,0.0
556,1.6048610210418701,-3.2745060260961383,0.07131414941838927,-3.1421258543884023,-3.471825195507443,0.0,0.3072672912234503,0.1,0.0030126571655273438,0.0516355037689209,0.049901105,0.3577823,-1.3341271583653491,-0.11628498940892115,-0.03287014279035208,0.0,400,0.15942955017089844,3.1579169333412684,0.03678429094011053,222771,-2.963790782827373,0.0
557,1.743661642074585,1.4066693681252858,1.955324269424117,2.720024961412621,-3.272079327047566,0.0,0.27886888881898336,0.1,0.0029976367950439453,0.05464434623718262,0.04997719,0.2938422,-1.0600475057162857,-0.1175417218411081,0.013644542191407873,0.0,399,0.17226505279541016,2.743111026834437,0.4860552939372977,223170,-2.97206994770431,0.0
558,1.5767109394073486,1.4757469031910486,1.9643545417859534,2.57805851184517,-3.274373959254764,0.0,0.3072312105156853,0.1,0.0022497177124023438,0.04561424255371094,0.049825802,0.263018,-0.8064680648255523,-0.11672354437913325,0.014322862099466807,0.0,400,0.16840839385986328,0.4808708827409042,0.4553386232300619,223570,-2.9613600112788783,0.0
559,1.6621410846710205,-3.277682832691964,0.07958627453313287,-3.1558089561295155,-3.423048176171365,0.0,0.29940842119516986,0.1,0.003000020980834961,0.05064702033996582,0.0500816,0.319678,-1.0535895416121934,-0.11714812433969131,-0.032899657752888875,0.0,400,0.148057222366333,2.615493396583873,0.07540894509546235,223970,-2.987414720652879,0.0
560,1.6296839714050293,0.5948528952745301,2.5901124314365696,2.9490612544843264,-3.3315202470094283,0.0,0.2907650247964587,0.1,0.0030264854431152344,0.0545504093170166,0.050079938,0.29711637,-0.8887452979235211,-0.11733945828569965,0.005542259279279513,0.0,400,0.18467473983764648,1.9644138490468748,0.7684881517599536,224370,-2.967258752285151,0.0
561,1.6037917137145996,-2.6111498870004253,1.7341456238362993,2.4732952378151185,-3.4791516047873863,0.0,0.291727265994066,0.1,0.0030019283294677734,0.05823850631713867,0.050029084,0.5160975,-1.0609857568312115,-0.11744324850530706,-0.026547196750278577,0.0,400,0.17500686645507812,1.3071999340463847,0.3862087975997015,224770,-2.972135727687042,0.0
562,1.6439869403839111,-3.2627590182241306,0.0591808612093471,-3.1672358330004005,-3.424164844447951,0.0,0.28965121386867587,0.1,0.003259420394897461,0.05592036247253418,0.050609685,0.2731891,-1.2811630829705036,-0.11674336682829564,-0.032750470331517276,0.0,400,0.18629693984985352,0.11369071470126911,0.010011229592526252,225170,-2.955987539963314,0.0
563,1.625593662261963,1.9599497675321431,1.4555382370333037,2.6949066766937957,-3.262534732215556,0.0,0.3125479157775844,0.1,0.0029990673065185547,0.048871517181396484,0.04989498,0.32930478,-0.9570517979202391,-0.11729230083411467,0.01917860375304075,0.0,400,0.17770600318908691,2.9021403142145834,0.28546155506983195,225570,-2.958450414506899,0.0
564,1.7077960968017578,-3.2816413402190916,0.08034531245222507,-3.1393312947780228,-3.5049043203154753,0.0,0.34118794479547593,0.1,0.0037500858306884766,0.05437803268432617,0.0499527,0.3001493,-1.1895107521501245,-0.11792395648143411,-0.03293955518064669,0.0,400,0.20562005043029785,3.226785685903827,0.17387979238129966,225970,-2.9497312683370978,0.0
565,1.5962584018707275,-0.6326688035795262,2.6782962110070647,2.8054602165925093,-3.4188986129005388,0.0,0.3005015225711259,0.1,0.0022575855255126953,0.04811811447143555,0.049725227,0.4031515,-1.1338265572930646,-0.117901604219133,-0.006748145438225724,0.0,400,0.15017390251159668,1.1782595277921641,0.8925271663336667,226370,-2.9670549756508864,0.0
566,1.567845344543457,-3.2496516175160792,0.057038499836521615,-3.173436518892765,-3.4128098881298445,0.0,0.32622299605195587,0.1,0.002248525619506836,0.050879478454589844,0.050103378,0.28623024,-1.345409063315366,-0.11637181841355916,-0.032627885468924485,0.0,400,0.1522693634033203,0.6906004814114964,0.019680747493530375,226770,-2.9764399323369046,0.0
567,1.6326816082000732,-3.2898375699766045,0.08699147508065039,-3.163549172039395,-3.617246683879092,0.0,0.288882287007132,0.1,0.0025119781494140625,0.049597978591918945,0.05052308,0.25192553,-1.5398519139814897,-0.11721560511555841,-0.03299676105840356,0.0,400,0.15374445915222168,0.021125459474697194,0.008800659051018232,227170,-2.9767621492484726,0.0
568,1.6056263446807861,-3.2360274643371247,0.03922702474343209,-3.1669262277594776,-3.321130875076655,0.0,0.33889717001333636,0.1,0.0027811527252197266,0.051155805587768555,0.050112635,0.27324128,-1.7094694690170533,-0.11682842163888252,-0.032478535520829015,0.0,400,0.1413438320159912,0.006610527775766141,0.004191645009533518,227570,-2.974240789183832,0.0
569,1.5781488418579102,-3.26715138351042,0.08232187568703296,-3.157240284080108,-3.4662613439514787,0.0,0.3260355341739208,0.1,0.003050565719604492,0.05538034439086914,0.049964465,0.30351505,-1.86523766046639,-0.11816504049974098,-0.032793357622657844,0.0,400,0.15692663192749023,0.008707099180754314,0.007471080149637322,227970,-2.9808288252659865,0.0
570,1.6331019401550293,-3.250092599768934,0.061125651829924584,-3.1984175115108973,-3.4993807344000274,0.0,0.33122483325281277,0.1,0.0030088424682617188,0.05613446235656738,0.050234232,0.3400277,-2.0037231543966447,-0.11697571060809973,-0.03261859616187284,0.0,400,0.1774742603302002,0.00554810345755192,0.004995106200403994,228370,-2.9801678587659017,0.0
571,1.6091561317443848,-0.6811101480029054,2.8524457246442076,2.808072197625904,-3.3406097844919085,0.0,0.294244779780671,0.1,0.003779888153076172,0.046323299407958984,0.05001416,0.44806325,-1.871461853757271,-0.11716287202195234,-0.007260427206907706,0.0,400,0.15461111068725586,1.6115023388356742,0.890692860901946,228770,-3.0047191873515082,0.0
572,1.5795798301696777,-0.7915053042690482,2.757644167530989,2.6322542385867282,-3.3900657329640578,0.0,0.2961966957866335,0.1,0.002249479293823242,0.0498964786529541,0.049695782,0.44010752,-1.7634661988084488,-0.11658698418483922,-0.008352110096113658,0.0,400,0.14838004112243652,0.890031931728192,0.8820181955587623,229170,-2.9968388228533316,0.0
573,1.6148827075958252,-3.26072236261712,0.0501568153558562,-3.183961104883433,-3.422873417398598,0.0,0.31274712226499995,0.1,0.0035295486450195312,0.049120187759399414,0.049811978,0.3190218,-1.913191815189316,-0.11731554819865726,-0.03273161675002432,0.0,400,0.16572141647338867,0.7147180677271157,0.0074447826816401745,229570,-2.995355663041038,0.0
574,1.5846571922302246,-3.2461928889407967,0.17696779053146075,-2.4776894638714078,-3.512243003360459,0.0,0.3101655298532416,0.1,0.003004789352416992,0.04763531684875488,0.0500099,0.3640355,-2.046491922564464,-0.11776439525329101,-0.032890438955846486,0.0,400,0.1553659439086914,0.018597838864441992,0.014973166375762539,229970,-2.9950097109312503,0.0
575,1.6377718448638916,-3.248168211217209,0.04030189674976641,-3.174499887765462,-3.35055119825042,0.0,0.34196428143764823,0.1,0.0022499561309814453,0.050386905670166016,0.049912527,0.3241515,-2.1666595514297384,-0.11659588958638352,-0.03260871257777435,0.0,400,0.15178942680358887,0.004285859271519028,0.003649737179758123,230370,-2.987064299251092,0.0
576,1.5790092945098877,-2.7894066187522246,1.5270430446618677,2.5567080211971245,-3.5321945396024343,0.0,0.3111307778710169,0.1,0.0022521018981933594,0.04935884475708008,0.05003543,0.77080584,-2.228934258161987,-0.11801488814822245,-0.028329911847603625,0.0,400,0.15340089797973633,0.30313991705128246,0.2744359229358465,230770,-2.9786990988304107,0.0
577,1.607614517211914,1.2509954584706944,2.2044466155665767,2.695061598103063,-3.3791622748376806,0.0,0.2918501248714323,0.1,0.0022535324096679688,0.04636645317077637,0.04984234,0.3110599,-1.880941286498719,-0.11716190031098175,0.012080269703396018,0.0,399,0.16046547889709473,2.2679639551419397,0.5464389584463416,231169,-2.9685629777258176,0.0
578,1.5842783451080322,-3.2423587001834018,0.056703598136771956,-3.1562212722489957,-3.3874553002968595,0.0,0.32484616765605245,0.1,0.003025531768798828,0.050451040267944336,0.050182372,0.30462837,-2.017083027867187,-0.11651534793011317,-0.032554149001028924,0.0,400,0.15192484855651855,2.399596464165596,0.023695918824809356,231569,-2.970069863526027,0.0
579,1.8333005905151367,1.2477408719218344,2.194683402479416,2.7379144384313046,-3.4403550903510722,0.0,0.32082229937626155,0.1,0.0030007362365722656,0.049379587173461914,0.049929004,0.29406235,-1.6906006378882852,-0.11699915954788728,0.012108445693952308,0.0,400,0.15140891075134277,2.687318147090065,0.5658801818334818,231969,-2.9700102949269107,0.0
580,1.6484830379486084,-3.2769219913150405,0.07070062375897708,-3.1748942590550255,-3.4463295649240773,0.0,0.2994222606300226,0.1,0.0032579898834228516,0.0466306209564209,0.04995215,0.33405092,-1.8492327732309608,-0.11814592773059034,-0.03289189525003823,0.0,400,0.1646573543548584,2.3388196633603635,0.05017332243425536,232369,-2.973735707411265,0.0
581,1.565424919128418,-3.2641947284476505,0.052618675102294635,-3.1722768295320343,-3.3728019759645855,0.0,0.30601981895898145,0.1,0.0022497177124023438,0.050743818283081055,0.050045494,0.26422915,-1.99072896875263,-0.11706769006323045,-0.03276018490192896,0.0,400,0.14839768409729004,0.049502631054144736,0.006117316785775425,232769,-2.9766916790724665,0.0
582,1.594773292541504,0.32883729974039283,2.6361242494241446,2.9321181199690134,-3.307656296749029,0.0,0.2930028040710855,0.1,0.003259897232055664,0.04666495323181152,0.049984783,0.39392054,-1.7587723419033279,-0.11742920743695531,0.002866298057128973,0.0,400,0.1517469882965088,2.2133613057273953,0.799667778009165,233169,-2.9671384521820117,0.0
583,1.600813865661621,-3.27323310190241,0.0704068566447382,-3.1460406880008294,-3.47211076543186,0.0,0.3268320374458441,0.1,0.0025081634521484375,0.05685710906982422,0.050020315,0.30660057,-1.9102184179032362,-0.1174474225789583,-0.03285272841969667,0.0,400,0.1726679801940918,1.5850072424213724,0.01432544427727822,233569,-2.9759752273901867,0.0
584,1.5641798973083496,-1.6965539594124655,2.4679570154086217,2.4862841497558623,-3.3817266807036663,0.0,0.3076509776904453,0.1,0.0030388832092285156,0.05794048309326172,0.049950827,0.42832986,-1.8888519720541592,-0.1178080057552083,-0.017418620150881473,0.0,400,0.16534066200256348,1.0454660548020858,0.7311531041514763,233969,-2.9815697270275505,0.0
585,1.6195957660675049,-3.2631102360159043,0.04501766781367104,-3.166011895682353,-3.3656465341798785,0.0,0.3104982579386865,0.1,0.0022563934326171875,0.049108028411865234,0.049800273,0.3267335,-2.0262777984503337,-0.11677322513056634,-0.03275866121181756,0.0,400,0.1622142791748047,0.2988843336682292,0.005567564904413642,234369,-2.9767905457939747,0.0
586,1.578691005706787,-1.9242795061593614,2.361356770348262,2.513984178418955,-3.4442864093337304,0.0,0.2992170259811224,0.1,0.002251148223876953,0.04610490798950195,0.04973757,0.5827009,-2.0160779692212367,-0.11767551952735887,-0.019672427416459467,0.0,400,0.14904427528381348,0.8770383799001203,0.6664856084707914,234769,-2.984774515100593,0.0
587,1.6077427864074707,-3.2743289153141495,0.09072838346276826,-3.136274704317336,-3.5823845292453367,0.0,0.30781265669364216,0.1,0.0032596588134765625,0.046610116958618164,0.050205827,0.2897359,-2.141903063830528,-0.1182628394540847,-0.03287179729352191,0.0,400,0.15631103515625,0.2116066245935219,0.0062225195250424775,235169,-2.96861691088647,0.0
588,1.6223299503326416,-3.2576376960169102,0.08021436318027539,-3.1325427822051335,-3.507075953667296,0.0,0.33032485786652105,0.1,0.002509593963623047,0.04758405685424805,0.0500272,0.3000714,-2.253476527049166,-0.11732275053486148,-0.03270397165023599,0.0,400,0.18204545974731445,0.007298708894868998,0.006028152920461495,235569,-2.96161064894479,0.0
589,1.6175811290740967,-3.2291282444502953,0.18655744432387222,-2.3700142024216744,-3.4050052396304644,0.0,0.332752412138998,0.1,0.002249479293823242,0.05147910118103027,0.049721308,0.42580017,-2.3510416987892793,-0.11735443607250144,-0.03276418752546675,0.0,400,0.16862106323242188,0.014561342940725985,0.013325467362465863,235969,-2.9609015759170547,0.0
590,1.5797755718231201,-3.2794765101854506,0.06571607506649058,-3.1579373486564095,-3.4781178977863254,0.0,0.3463964522849652,0.1,0.0032639503479003906,0.04936528205871582,0.050154272,0.31155255,-2.4438851799288965,-0.11781279778015818,-0.032916683232242276,0.0,400,0.1505422592163086,0.006544461894940836,0.004482703174529475,236369,-2.975267016941564,0.0
591,1.6308557987213135,-3.266017442693024,0.09190876886551264,-3.1444685534880796,-3.586072167511407,0.0,0.33137562142058175,0.1,0.0036077499389648438,0.05520272254943848,0.049975287,0.28383544,-2.526098406205309,-0.11745311243942759,-0.03278840012624259,0.0,400,0.15346384048461914,0.005214242409512341,0.004547324503295258,236769,-2.977680721674342,0.0
592,1.56925368309021,-3.256793375329728,0.07772482733740822,-3.1404304019905367,-3.4853670120593083,0.0,0.33741731967869343,0.1,0.002254962921142578,0.050879716873168945,0.049722947,0.31463003,-2.599167903117751,-0.11631298175414966,-0.03269038256052911,0.0,400,0.16267919540405273,0.004493793835424229,0.0039096673781782295,237169,-2.9731729284688213,0.0
593,1.54860258102417,-3.263264728127952,0.06022269405780319,-3.1807361234319704,-3.3675341443880717,0.0,0.3225025196202472,0.1,0.002254486083984375,0.04436850547790527,0.05004599,0.31499088,-2.665577585618771,-0.11763838798683982,-0.03276286211357497,0.0,400,0.15017342567443848,0.0030787099913421544,0.0027604186282373278,237569,-2.978278847298341,0.0
594,1.603534460067749,1.787950875808801,1.4104546244355531,2.9885661398096546,-3.292784611506154,0.0,0.3128567972150256,0.1,0.0022513866424560547,0.0682375431060791,0.049914032,0.33054182,-2.220224739476014,-0.11647841125423758,0.01748372089097046,0.0,399,0.15336227416992188,3.1884840501338583,0.2771481729673786,237968,-2.976500921439757,0.0
595,1.5953168869018555,-1.1314547993115482,2.615776351814871,2.323656172878527,-3.629634646214219,0.0,0.29151012198021337,0.1,0.0025141239166259766,0.04684591293334961,0.05016843,0.355243,-2.1113477454595677,-0.11728395893022704,-0.011734980944161826,0.0,400,0.14995384216308594,1.8958707044192709,0.8521145738556472,238368,-2.983770717398209,0.0
596,1.575843334197998,-3.2664848038162053,0.05182468759642094,-3.1666317765732224,-3.3756853075777,0.0,0.31365364072239965,0.1,0.002248525619506836,0.051439762115478516,0.050305385,0.2713031,-2.226861451295232,-0.11725610252229414,-0.03279266945964856,0.0,400,0.15841031074523926,0.5998838000689966,0.012533126445302096,238768,-2.9800686944036165,0.0
597,1.595414400100708,-0.14832211837729176,2.717747498364478,2.640777440442462,-3.402938842362418,0.0,0.30108578085275983,0.1,0.002249479293823242,0.049111127853393555,0.049898468,0.35785353,-2.019007518003438,-0.11654383760201409,-0.0018610568011201423,0.0,400,0.15612244606018066,1.9074264916915358,0.8654627164742632,239168,-2.9782745025713284,0.0
598,1.663762092590332,-3.280643677141843,0.08844281279771135,-3.1570061296831744,-3.4950027439833438,0.0,0.31781512122193223,0.1,0.004788398742675781,0.06410431861877441,0.049796425,0.31597862,-2.1451711339172785,-0.11733515310621531,-0.032929467678502,0.0,400,0.16638588905334473,1.1655639918119785,0.01150907992930655,239568,-2.97834236526851,0.0
599,1.6000089645385742,-3.2299455776545316,0.0476000802732258,-3.1482925043125847,-3.311177437959832,0.0,0.28790018812248147,0.1,0.002249002456665039,0.04988741874694824,0.05019353,0.28897873,-2.2536485782910036,-0.11583450265968943,-0.032426122661051375,0.0,400,0.15713834762573242,0.009848424989258099,0.004514492375653227,239968,-3.0076905963589478,0.0
600,1.5884449481964111,-1.4792666585586263,2.5279581763828682,2.618902310355362,-3.2871827134014624,0.0,0.2882500111891952,0.1,0.0025091171264648438,0.0486452579498291,0.050019667,0.48205337,-2.176210386317766,-0.11585351573943145,-0.015209711376837645,0.0,400,0.1565842628479004,1.1582625087317648,0.7887593979088093,240368,-3.0104342736533654,0.0
601,1.661254644393921,-3.2354918782102557,0.05495866502428667,-3.154522841574643,-3.3501202245302624,0.0,0.3168265782150039,0.1,0.004023551940917969,0.08645153045654297,0.05025608,0.31618533,-2.282138535507015,-0.1155700669582993,-0.0324640879665511,0.0,400,0.24846768379211426,0.3844752299419111,0.004247308285050754,240768,-2.996932955986309,0.0
602,1.5870940685272217,-1.0310701137236091,2.6791132877822945,2.8111149605807926,-3.346969401653899,0.0,0.302581561158284,0.1,0.0029981136322021484,0.04883694648742676,0.049710006,0.43998328,-2.1570316933286744,-0.11640252538276245,-0.010712208416747127,0.0,400,0.15422391891479492,1.4109689387401343,0.8534208514085169,241168,-2.9944348565733208,0.0
603,1.5894014835357666,-3.2548600903022282,0.05393765346714681,-3.1556474172739906,-3.394229061484525,0.0,0.33361526073852477,0.1,0.003002166748046875,0.05037331581115723,0.04999969,0.2963365,-2.2668145330260296,-0.11707781403396186,-0.03267799778011992,0.0,400,0.15929245948791504,0.5981080197179044,0.004918005901286529,241568,-2.9973973879392504,0.0
604,1.5735528469085693,-0.6865015639881618,2.6145507236925223,2.487930481716616,-3.3288334214793487,0.0,0.2986698209295979,0.1,0.0032689571380615234,0.0558619499206543,0.050154544,0.3478683,-2.108783236122243,-0.1163246308639347,-0.007305438817271176,0.0,399,0.16631507873535156,1.734613949311984,0.885896195883697,241967,-3.0062961112815545,0.0
605,1.6059727668762207,-3.238395929364351,0.059755778105206374,-3.1287285145517516,-3.3813243248705587,0.0,0.30610068116981914,0.1,0.003005504608154297,0.04587197303771973,0.04992958,0.3402541,-2.2217445054464537,-0.1161294215145729,-0.032502447487455004,0.0,400,0.14942049980163574,0.7787942324636102,0.0077457202367546855,242367,-2.9938106737651426,0.0
606,1.582808494567871,-3.2522649352823754,0.05864398299066036,-3.144096346190901,-3.3894673412475336,0.0,0.27838882670023807,0.1,0.0014994144439697266,0.05089211463928223,0.050027307,0.2994603,-2.324796548430046,-0.11608072964756826,-0.032641320986828454,0.0,400,0.1532132625579834,0.008157825683097702,0.004494195181277676,242767,-3.002272640072627,0.0
607,1.64764404296875,-3.2397954630006685,0.06698585167986057,-3.155591616803048,-3.382638395346205,0.0,0.3192789677522434,0.1,0.003003358840942383,0.05112957954406738,0.04991855,0.31478155,-2.4162964398871085,-0.11653949809442948,-0.032526955074603146,0.0,400,0.15407061576843262,0.005038937423797535,0.004058831705302263,243167,-2.9914698040516408,0.0
608,1.6284794807434082,1.2312506113520003,2.1865239343331746,3.005235180041187,-3.3447968005308444,0.0,0.30317874132943345,0.1,0.00299835205078125,0.0673065185546875,0.05008638,0.3458736,-2.0515417347631977,-0.11779159721243952,0.011864117441076884,0.0,400,0.1630415916442871,2.544752491583841,0.5405319438733238,243567,-2.9859027506846836,0.0
609,1.5999763011932373,1.4059818826115404,1.9862659209122973,2.796070002668089,-3.3334449067800165,0.0,0.29972589851522924,0.1,0.003003358840942383,0.06318831443786621,0.04979069,0.30072585,-1.7057893730257239,-0.11693556534663825,0.013613891775913824,0.0,400,0.17847323417663574,0.4828623362738119,0.4592932324891091,243967,-2.982212594310241,0.0
610,1.6600642204284668,-3.2394705184114025,0.06364681781037025,-3.1338816277117854,-3.398405712824332,0.0,0.28554414993898225,0.1,0.003748655319213867,0.06482911109924316,0.05003046,0.32297322,-1.8591574875642918,-0.11613244168273269,-0.032521580921696894,0.0,400,0.20934057235717773,2.7586633076127853,0.025421895027983192,244367,-2.9712411174924673,0.0
611,1.8607409000396729,-3.2418287271051813,0.05465424567276404,-3.1451179997323595,-3.3852924356492995,0.0,0.28632361709616555,0.1,0.007278919219970703,0.10624432563781738,0.0500074,0.27629805,-1.997424611518381,-0.11581896427797365,-0.03254354297745625,0.0,400,0.3122689723968506,0.025202661451143422,0.004973265612644844,244767,-2.985849092960277,0.0
612,2.169226884841919,-2.094266837350194,2.159959567888668,2.6211791031648506,-3.2670485171236083,0.0,0.31686375732239735,0.1,0.0044994354248046875,0.1320044994354248,0.04982168,0.55641246,-2.007108834101562,-0.11506630750763928,-0.02134802976857862,0.0,399,0.5571155548095703,0.8051702851364266,0.6089190441080614,245166,-2.9799071659100482,0.0
613,2.1157639026641846,-1.2589668930164377,2.6374185944698247,2.8764667655373835,-3.3334385705970395,0.0,0.3103834689494998,0.1,0.004500150680541992,0.09401917457580566,0.0498618,0.4363312,-1.9322946399930498,-0.11630040708385928,-0.01298584300395112,0.0,400,0.4408128261566162,0.9181696083949566,0.8441480813788473,245566,-2.9957294935566847,0.0
614,1.8255703449249268,-3.272262374780111,0.0830491642931522,-3.1694009488924704,-3.4589957058466143,0.0,0.3121149160774298,0.1,0.004544734954833984,0.05489325523376465,0.05028089,0.2940396,-2.066291413471756,-0.11690002691686162,-0.03285040459235626,0.0,400,0.1890428066253662,0.49314869183291715,0.006914976611089034,245966,-2.9846185185680447,0.0
615,1.8909459114074707,-1.2796540817858975,2.625224249185841,2.5725494754223175,-3.390367360486585,0.0,0.28791875156272145,0.1,0.004009723663330078,0.08288908004760742,0.050029974,0.4807055,-1.9876276803031703,-0.11655341859170042,-0.013238704707273022,0.0,400,0.22263216972351074,1.307858189506762,0.8419075880634423,246366,-2.98273285266961,0.0
616,1.800128698348999,-3.247076829393969,0.06952060413071388,-3.111002564463711,-3.400538093721078,0.0,0.3187190220626035,0.1,0.006013393402099609,0.09679555892944336,0.05005862,0.30148783,-2.11357259521225,-0.1162192902224813,-0.03258455704869325,0.0,400,0.26216816902160645,0.4787744797459004,0.005369763839612474,246766,-2.9897409180601313,0.0
617,1.7000882625579834,-0.5737175806239271,2.73770667358287,2.685045296340222,-3.360252490548736,0.0,0.2817099303580499,0.1,0.0032622814178466797,0.047885894775390625,0.050023176,0.4363243,-1.9595870937534179,-0.11672389990747503,-0.006200617907178394,0.0,400,0.17246007919311523,1.694120665476971,0.8717498880777107,247166,-2.9785797967404535,0.0
618,2.056896924972534,-3.2592025132684053,0.07192910003755516,-3.139734959360733,-3.4203303550417656,0.0,0.31832708760300926,0.1,0.0025093555450439453,0.05685877799987793,0.050006844,0.32668164,-2.089548635704917,-0.11595619032207218,-0.03272014882004836,0.0,400,0.18000316619873047,0.9702083158707503,0.006095902701294732,247566,-2.965006633886458,0.0
619,1.7314989566802979,0.08436355857741129,2.696092495594182,2.76672787103979,-3.576541186268395,0.0,0.29165111428904694,0.1,0.0030112266540527344,0.060704708099365234,0.04989062,0.34037536,-1.872157416276684,-0.11672287726796467,0.00044248738351446507,0.0,400,0.26364731788635254,2.0736672505099834,0.8470488338436164,247966,-2.9555629206283944,0.0
620,1.706700325012207,-3.230697588730311,0.06419610516581849,-3.1378270419871064,-3.422268739353216,0.0,0.29760697891643967,0.1,0.0037636756896972656,0.0656278133392334,0.049703937,0.3368277,-2.008011433522047,-0.11567609132212105,-0.03243082916364593,0.0,400,0.20216941833496094,1.3583321108598583,0.011888451811108518,248366,-2.9489495741299434,0.0
621,1.9107344150543213,-3.2783853996429957,0.07794300569314873,-3.164451086377583,-3.5502232121399095,0.0,0.3037850690630797,0.1,0.0030012130737304688,0.059098243713378906,0.050116252,0.26597947,-2.135048830134142,-0.11700218149123513,-0.0329008483492587,0.0,400,0.17290782928466797,0.012490583488463986,0.005379825263844292,248766,-2.9605661601920388,0.0
622,1.7219347953796387,-0.4949795448499831,2.843900433989678,3.0070387538863397,-3.4848501568879633,0.0,0.32352593744039004,0.1,0.0037720203399658203,0.05133461952209473,0.049926437,0.34223798,-1.9710419016057263,-0.11617607918657347,-0.005337326055775135,0.0,400,0.18487215042114258,1.7185831079557041,0.9019820363424603,249166,-2.9535942662744796,0.0
623,1.7448348999023438,1.49045126500638,2.023048604386946,2.9788888204509165,-3.3657098720387437,0.0,0.30759442938292825,0.1,0.0030007362365722656,0.07090115547180176,0.04993423,0.29621577,-1.6248925849445157,-0.11616531186378933,0.01444510117108125,0.0,400,0.26369524002075195,0.9214936807577606,0.45888919262483363,249566,-2.9663128969378496,0.0
624,1.9129490852355957,1.5313932686837441,2.0585245818015228,2.8187496772453553,-3.487449827124702,0.0,0.29459824751997155,0.1,0.0062639713287353516,0.1087644100189209,0.050370708,0.28264046,-1.3092639995816897,-0.1171793445437431,0.014871284107138845,0.0,400,0.23253774642944336,0.4634561104773872,0.44753755153288394,249966,-2.9554450045165583,0.0
625,2.087231159210205,-3.2900382782686766,0.08961760714692012,-3.1577043701851233,-3.501382720121872,0.0,0.3050618049326745,0.1,0.0032639503479003906,0.06791353225708008,0.05008231,0.33513483,-1.5073414274503885,-0.11738235905758108,-0.033021600008774986,0.0,400,0.21645331382751465,2.9462734322278643,0.027298432261682746,250366,-2.9602748822338225,0.0
626,1.764570713043213,-3.2750652621142073,0.10822628601639252,-3.1265836068607533,-3.6413380120620213,0.0,0.26513019642939517,0.1,0.004002094268798828,0.07098150253295898,0.04989572,0.27852803,-1.6841138109167704,-0.11736984728940987,-0.03287371076521614,0.0,400,0.19379639625549316,0.029061483237553414,0.008745535274543104,250766,-2.9397251802811994,0.0
627,1.7576420307159424,-3.2599398453530575,0.09396374465410022,-3.1515026868571683,-3.568595820080531,0.0,0.3433392996816781,0.1,0.0025115013122558594,0.056246042251586914,0.049794175,0.31441623,-1.841696414360399,-0.11673239522596698,-0.03272843385992271,0.0,400,0.19475650787353516,0.009776843656232605,0.007806959484279375,251166,-2.956858456020741,0.0
628,1.6393206119537354,1.8049559377416677,1.757318037483113,2.899083706148429,-3.2017243083780103,0.0,0.3160483477991,0.1,0.002503633499145508,0.04788470268249512,0.050111093,0.29944715,-1.4770311791501924,-0.11631125333541478,0.01760097727310738,0.0,399,0.1577761173248291,2.683373965973567,0.3284943297531756,251565,-2.965493923507929,0.0
629,1.6373331546783447,-3.266533941526652,0.07630781061795176,-3.163668359387416,-3.4199352854648533,0.0,0.3129617640667519,0.1,0.004517316818237305,0.05070209503173828,0.050194558,0.3051536,-1.6559814553878385,-0.11652749884435153,-0.0327803535642692,0.0,400,0.1752619743347168,3.355989982255395,0.03673933180988031,251965,-2.9705187605159,0.0
630,1.6300442218780518,-3.2808509847505043,0.06560990444996216,-3.1788150402629105,-3.454718856621429,0.0,0.28052404719594487,0.1,0.0025429725646972656,0.04611611366271973,0.04973498,0.257337,-1.8184684083241052,-0.11646159931536086,-0.032926165232152624,0.0,400,0.16529560089111328,0.03611224734669216,0.007338614558326471,252365,-2.959783822631252,0.0
631,1.6309702396392822,-3.3142945349479844,0.11069896935890326,-3.172194330755979,-3.7012868861810473,0.0,0.3246575087322895,0.1,0.003748655319213867,0.050868988037109375,0.04998568,0.31106186,-1.968051020986493,-0.11768830656608163,-0.03326401265396852,0.0,400,0.28095197677612305,0.010987649941590181,0.009141271204013998,252765,-2.9728585710443314,0.0
632,1.5893654823303223,0.8359271321252844,2.4805702083661116,2.9455820409744082,-3.304291633554372,0.0,0.30655811088397333,0.1,0.0030045509338378906,0.05038022994995117,0.049987536,0.34627998,-1.6876532056753153,-0.11658546424449243,0.007918676341072971,0.0,400,0.19512414932250977,2.540782183549491,0.6757404038073493,253165,-2.970153045079285,0.0
633,1.55745267868042,-0.7486874784103015,2.76758708813447,2.618468881712626,-3.413084087595762,0.0,0.3075450033590179,0.1,0.002249479293823242,0.05037522315979004,0.049974598,0.34150216,-1.593756632948814,-0.11655233293530987,-0.00789174261039891,0.0,400,0.16278076171875,1.1776217619916394,0.894172766681493,253565,-2.997687501330185,0.0
634,1.5347237586975098,-3.274998461878057,0.08234044935094097,-3.1615115405949266,-3.5376902078841326,0.0,0.28395734460671823,0.1,0.002502918243408203,0.04871320724487305,0.04972196,0.2551687,-1.7618808158417385,-0.11705494603757965,-0.032858609647064656,0.0,400,0.1576521396636963,0.8357623517596708,0.014255211992339872,253965,-2.99958926412785,0.0
635,1.5699880123138428,-3.2940289050454674,0.08039356327548215,-3.1785272274531127,-3.4643526302032353,0.0,0.2981549715329105,0.1,0.0029997825622558594,0.049118757247924805,0.05016053,0.28612232,-1.9150956247621114,-0.11712298728771663,-0.03306394299137869,0.0,400,0.16481351852416992,0.01405854746052433,0.0067138419494121365,254365,-2.9909823917020333,0.0
636,1.9418933391571045,1.4348992964237701,2.0203625950130095,2.870821021354721,-3.6100389100813324,0.0,0.3103202173612683,0.1,0.0030066967010498047,0.06167411804199219,0.050190683,0.3322093,-1.5800961326435232,-0.11720593994306254,0.013900871429651638,0.0,400,0.19151592254638672,2.700625497854897,0.47525247754887223,254765,-2.9816148184739903,0.0
637,1.54280424118042,1.0218133004675638,2.3859574368958607,2.889608342670884,-3.5576940960600947,0.0,0.31549634529646275,0.1,0.0022678375244140625,0.04990029335021973,0.050094,0.2959011,-1.3199051893324145,-0.1170304165713715,0.00980358181122703,0.0,399,0.17193841934204102,0.6912999043325028,0.6500270694274052,255164,-2.9898275581771996,0.0
638,1.5807013511657715,-0.20612532929108052,2.679803133403117,2.724713469270158,-3.369401492169053,0.0,0.32580574724830696,0.1,0.003258943557739258,0.0491483211517334,0.050139803,0.3018672,-1.2085272033282812,-0.11758081136392812,-0.0024999594545096547,0.0,400,0.15384364128112793,1.0570992090663982,0.8802908646699235,255564,-2.9998266251064547,0.0
639,1.60434889793396,1.82588241238141,1.5026705797925948,2.807717526849415,-3.7625869226202022,0.0,0.3361525618700576,0.1,0.0025055408477783203,0.04720497131347656,0.04973154,0.22911753,-0.9050862417573122,-0.11617958509222742,0.01784448112669149,0.0,400,0.1483302116394043,0.6991281866476204,0.2780106676262736,255964,-2.997180760390321,0.0
640,1.5614488124847412,-2.569061102426247,1.8669591700235972,2.7909246682558964,-3.5790128817309625,0.0,0.3048182216586005,0.1,0.0037889480590820312,0.05385851860046387,0.05001844,0.43511567,-1.0714837278242058,-0.11673723553079636,-0.026126197951433325,0.0,400,0.15590953826904297,2.676152362250245,0.4737952088021753,256364,-2.9819531236182835,0.0
641,1.547762393951416,1.4928496532744344,1.996655815545404,2.894322735942265,-3.264581596191534,0.0,0.32076727225119916,0.1,0.003269195556640625,0.0485835075378418,0.04965299,0.26417878,-0.8150503897143417,-0.11583699892877747,0.014526405657299351,0.0,399,0.15894699096679688,2.0599856923834015,0.45858855014821465,256763,-2.975989735047564,0.0
642,1.5776159763336182,-0.7719484327083874,2.77439774800726,2.5738318582832185,-3.3966396268563113,0.0,0.30084566692453424,0.1,0.002248525619506836,0.04560494422912598,0.04989588,0.32929638,-0.8107401940137464,-0.11644573129211007,-0.00818447049758127,0.0,400,0.16147708892822266,1.4080136544886737,0.9011523543279365,257163,-2.99479734518626,0.0
643,1.6932194232940674,-3.303287427027602,0.07830253502800677,-3.156887891491343,-3.4652461544102175,0.0,0.29120799314702345,0.1,0.003007173538208008,0.05913567543029785,0.049890924,0.30118728,-1.059994917315132,-0.11709810883652622,-0.03315245115903408,0.0,400,0.20861172676086426,0.8928030327348533,0.026723414078098508,257563,-2.996441016993689,0.0
644,1.5704283714294434,-0.7359623187343961,2.8249870039359104,3.0975586307779555,-3.415240840426488,0.0,0.29882038308046344,0.1,0.002506732940673828,0.05064821243286133,0.050084,0.38971683,-1.0275916574570585,-0.11665119604251069,-0.00771710629789414,0.0,400,0.15743064880371094,1.610373607719829,0.901867320296361,257963,-2.9940824014971845,0.0
645,1.591970443725586,-0.6034374560549559,2.7353578862587664,2.7271272883751703,-3.365670501559003,0.0,0.2934756183468387,0.1,0.0032155513763427734,0.058141231536865234,0.050209403,0.37309963,-0.9851762373168482,-0.11689718929343268,-0.006444514758369535,0.0,399,0.1754910945892334,0.9101854734745715,0.9037013937196637,258362,-2.9889156274490047,0.0
646,1.5889818668365479,0.9893382596708542,2.3354271895839958,2.8469324986134934,-3.3637163383362796,0.0,0.3017773767631229,0.1,0.0030066967010498047,0.05965876579284668,0.050320614,0.29195213,-0.787724787618078,-0.1174559089357182,0.00943786824127773,0.0,399,0.15775656700134277,0.9419036141931304,0.6347780770962256,258761,-2.9907402721770864,0.0
647,1.5747039318084717,-2.839733261471474,1.4109917577473143,2.0246197241385424,-3.4249764735052493,0.0,0.3038254821784133,0.1,0.003268718719482422,0.048737525939941406,0.05008221,0.8168344,-0.9929256350034176,-0.11700227980327207,-0.028804946021989113,0.0,400,0.1529397964477539,2.0339403764692374,0.28470087514051146,259161,-3.0103414215167903,0.0
648,1.5556657314300537,1.4140508818292168,1.9660640401480582,2.6160809388647843,-3.2970666000951927,0.0,0.3120681337027708,0.1,0.0022497177124023438,0.05368375778198242,0.05015216,0.26794243,-0.7522279833201542,-0.11592492398600078,0.01369726874818259,0.0,400,0.1594226360321045,2.3577405785316254,0.4781921628050304,259561,-3.0176626069734134,0.0
649,1.607342004776001,-3.259148126745728,0.06171859361354418,-3.1310287302746462,-3.4028936639911893,0.0,0.3234094780731272,0.1,0.003000497817993164,0.05086851119995117,0.0502561,0.33441508,-1.0029199976627114,-0.11643351318436786,-0.032715921399811165,0.0,400,0.17083191871643066,2.564955283464171,0.05073782298690308,259961,-3.015967856624702,0.0
650,1.584453821182251,-3.2316663249863136,0.05649916444407664,-3.1398777579322648,-3.3696704460807583,0.0,0.3153291192972762,0.1,0.002510547637939453,0.047115325927734375,0.04988368,0.24978007,-1.2257946303950717,-0.11548158096146664,-0.03242353956085477,0.0,400,0.1936030387878418,0.05166927094277235,0.007094875267982211,260361,-3.033327929722064,0.0
651,1.6033227443695068,-3.2861569625220026,0.10970439106017564,-3.1466601283170776,-3.5560216629541967,0.0,0.32453501529544887,0.1,0.0030050277709960938,0.05567812919616699,0.050138302,0.31430513,-1.4318308636077648,-0.11824217584389794,-0.03298168623169721,0.0,400,0.18607044219970703,0.010143962754786275,0.006910484793824499,260761,-3.0106823253992134,0.0
652,1.5773837566375732,-2.118900150847292,2.229617262301034,2.8135297082327497,-3.4944079564439074,0.0,0.2976681929330608,0.1,0.0032639503479003906,0.05009889602661133,0.050110083,0.5183192,-1.5005377923317176,-0.11714635292899034,-0.021650724704899583,0.0,400,0.15381646156311035,0.7586748830088077,0.5907525387731251,261161,-3.015769235629928,0.0
653,1.5602076053619385,-3.2807304298596836,0.0918682105643288,-3.1635062279956987,-3.537415001452314,0.0,0.31935743864054095,0.1,0.003000497817993164,0.04837775230407715,0.05004774,0.3003434,-1.6785570560845142,-0.11722138584121478,-0.0329282116737081,0.0,400,0.15487313270568848,0.1647523656230354,0.005971806637573828,261561,-2.9933263407280735,0.0
654,1.6029915809631348,-0.2945489272744179,2.817890703994247,2.996124036031198,-3.4736646958968396,0.0,0.2970113845556948,0.1,0.0017538070678710938,0.04733872413635254,0.05000264,0.3802907,-1.5401562432035047,-0.11677080240174284,-0.003356398262196083,0.0,400,0.15779709815979004,1.8579837133710768,0.9011053399499586,261961,-2.989165734139168,0.0
655,1.5943377017974854,-3.2571599495741883,0.07550310856778839,-3.149054799623205,-3.4866136537004664,0.0,0.3164060552139767,0.1,0.0029993057250976562,0.05362963676452637,0.049957547,0.2510405,-1.711856613840573,-0.11611079097291459,-0.03268804745761784,0.0,400,0.1586472988128662,1.0018185610550514,0.01221397954218532,262361,-2.994511361454415,0.0
656,1.5699183940887451,0.5477449638308881,2.586125184244445,2.9063117271187453,-3.467022906066655,0.0,0.2949294718563038,0.1,0.0030059814453125,0.04909658432006836,0.04995486,0.3311533,-1.4858964560734271,-0.11687097609529255,0.005087058693538081,0.0,400,0.15404605865478516,2.3515834605261485,0.7792364292239992,262761,-2.9994980984845947,0.0
657,1.5852782726287842,1.574187758640183,2.0554544126033156,2.988278994501684,-3.351282608565757,0.0,0.3186966102253314,0.1,0.0022492408752441406,0.04761910438537598,0.05014013,0.31004426,-1.1798880346020661,-0.11569043222246796,0.015315939105103807,0.0,400,0.18623042106628418,0.6506238066065647,0.47777491981975273,263161,-2.997548609100332,0.0
658,1.5612382888793945,0.08616204589126465,2.686601507285687,2.8294566594744706,-3.413851294913327,0.0,0.29950631440439557,0.1,0.0022552013397216797,0.04486966133117676,0.049938224,0.35129434,-1.053283026552733,-0.11663079730469054,0.00044629525768671906,0.0,400,0.15287232398986816,1.080106158543659,0.85093693717685,263561,-2.9692040968363393,0.0
659,1.597876787185669,-3.285588950941695,0.0780941682537241,-3.1842458943027494,-3.4897923060010716,0.0,0.31699852509500065,0.1,0.003000020980834961,0.04809403419494629,0.05011545,0.297269,-1.2765136189916293,-0.11663601046167228,-0.032982956779746817,0.0,400,0.15648341178894043,1.3861395849005655,0.033655762119091846,263961,-2.9839982895744583,0.0
660,1.584327220916748,0.5908540470881392,2.59559593559959,2.8902477521160566,-3.4453869735763725,0.0,0.32754846198630383,0.1,0.0022499561309814453,0.06035637855529785,0.049982127,0.2909089,-1.0897768523836526,-0.1185443453467024,0.005468690930681277,0.0,400,0.15742182731628418,2.4032073478988862,0.768276762724604,264361,-3.0129964202829584,0.0
661,1.6994104385375977,-1.245701480161629,2.6760831703668955,2.6997996161448485,-3.737754303561779,0.0,0.31474040523913194,0.1,0.0030014514923095703,0.04988694190979004,0.04961344,0.38434696,-1.1053693151614503,-0.1178295954387612,-0.012890530161956492,0.0,400,0.1632521152496338,1.1745389338666987,0.8321239869030187,264761,-3.005228996125814,0.0
662,1.6369948387145996,1.4442203281948869,1.9797428996368476,2.8101067969030034,-3.385913162604538,0.0,0.30434491445139517,0.1,0.0018057823181152344,0.05154132843017578,0.050069965,0.2593213,-0.8504103508258166,-0.11689747318109531,0.014016182942843347,0.0,400,0.15884828567504883,1.1966796020833783,0.45239763773739217,265161,-2.9980222983407634,0.0
663,1.5750339031219482,-2.984572457036157,1.1873658357246994,2.754059866492738,-3.5083040715469758,0.0,0.30106408085353353,0.1,0.003004312515258789,0.050872087478637695,0.049701426,3.062002,-1.0638265614468507,-0.1157771825771682,-0.03030281318396015,0.0,399,0.14561820030212402,2.4640999055995585,0.22295911143631839,265560,-3.0125979458385324,0.0
664,1.6404526233673096,1.9070650991544418,1.4533307582784587,3.018662125742885,-3.3485864346367284,0.0,0.31963770604062686,0.1,0.0037648677825927734,0.05966830253601074,0.05010082,0.23435128,-0.7667373953867216,-0.11731380813097432,0.018660244039063627,0.0,400,0.18642854690551758,2.519276292984459,0.29801161350167266,265960,-3.021144103740711,0.0
665,1.5990972518920898,1.2900378092528746,2.2227058536709015,2.913169973090728,-3.3323724767260625,0.0,0.3135346748287988,0.1,0.0022618770599365234,0.062444210052490234,0.050161567,0.2998353,-0.561059874922762,-0.11537966966106922,0.012458544231636367,0.0,398,0.16318941116333008,0.587514378617864,0.543553169129763,266358,-3.00175079680959,0.0
666,1.5855357646942139,1.2970298658257493,2.2059264479699356,2.969397085328166,-3.3861996580798848,0.0,0.300119121653493,0.1,0.002999544143676758,0.04861760139465332,0.05010257,0.2968444,-0.3752509008479109,-0.11611723913443822,0.012541809472634818,0.0,400,0.1592719554901123,0.5526044167501573,0.5452301690707316,266758,-2.9993386849667956,0.0
667,1.5873064994812012,-3.2902176314416716,0.09901501559721455,-3.1106299693920123,-3.543322766481623,0.0,0.32502947618742006,0.1,0.0032682418823242188,0.04358506202697754,0.050158404,0.29703847,-0.666747573907287,-0.11820089307900256,-0.033025085080065825,0.0,400,0.15540051460266113,2.3888961777050404,0.14021473243218593,267158,-3.0105849833522234,0.0
668,1.6284854412078857,-2.768840114744775,1.5369439316120852,2.462790331637213,-3.363671605560645,0.0,0.30654174736651185,0.1,0.0025136470794677734,0.0488734245300293,0.04989921,0.46839973,-0.8769568279910358,-0.1161545244171836,-0.028133213262664634,0.0,400,0.15337395668029785,0.3888430120998387,0.3264098977739432,267558,-3.00174905473738,0.0
669,1.5939292907714844,-3.2728259218500115,0.10200820869633552,-3.143167009306941,-3.670071808014395,0.0,0.3212891647499239,0.1,0.003264904022216797,0.06663322448730469,0.049989667,0.3223139,-1.1165437373769334,-0.11706381751641363,-0.0328485503902863,0.0,400,0.16499710083007812,0.046644005319762996,0.007446088308188869,267958,-2.996409677212651,0.0
670,1.5938410758972168,-3.2800387825044752,0.10585168359365796,-3.133964228687153,-3.6619014918038792,0.0,0.3078500034453508,0.1,0.0037698745727539062,0.047614336013793945,0.05010333,0.32398838,-1.3328932418896875,-0.11700248852158382,-0.03292694002736213,0.0,400,0.15285730361938477,0.010548548802026107,0.007120734616260142,268358,-3.0105406340714262,0.0
671,1.5813467502593994,1.8584421484559368,1.7893390473093476,3.0322120965237604,-3.287746928328475,0.0,0.3118101942246807,0.1,0.0022492408752441406,0.053140878677368164,0.04983391,0.33201414,-1.013759702855125,-0.116561061357265,0.018187659046124734,0.0,399,0.14638686180114746,2.8343056580459893,0.3606708373609956,268757,-3.029642810525981,0.0
672,1.5705833435058594,-3.26644641223391,0.04844187541985967,-3.1927724254537386,-3.374076999892051,0.0,0.3134541115639239,0.1,0.003008127212524414,0.052392005920410156,0.049834147,0.342006,-1.2390283737930035,-0.11638018290555201,-0.03278178240106141,0.0,400,0.16643381118774414,3.1384179885952226,0.05729599264027452,269157,-3.0262072090778025,0.0
673,1.630157470703125,0.1655537267100508,2.756378373242971,2.7548892514900327,-3.3934880780471115,0.0,0.31341705532674746,0.1,0.0022478103637695312,0.05064702033996582,0.05008421,0.33279908,-1.0985701637426981,-0.11637561682843436,0.001196839039451987,0.0,400,0.16453075408935547,2.0365815322379976,0.8435339715370184,269557,-3.0280261838643012,0.0
674,1.574007272720337,-0.544369785593644,2.7992361974476214,2.995522516579867,-3.4628348017236075,0.0,0.30687301305449083,0.1,0.0022492408752441406,0.054456472396850586,0.050315287,0.33321452,-1.0431501259277927,-0.11759045641894453,-0.005856057785987785,0.0,399,0.15838241577148438,0.9428448960284954,0.9026377963245519,269956,-3.0209961223516766,0.0
675,1.6001198291778564,-3.2733667027715705,0.10488767350513832,-3.1273876162657945,-3.7131800666247483,0.0,0.2899961421776731,0.1,0.0030105113983154297,0.04939150810241699,0.04986679,0.28811696,-1.2661717836121706,-0.1165753131028884,-0.032841803089410024,0.0,400,0.15212535858154297,0.8909689577770084,0.014856322480822958,270356,-3.0186732391514832,0.0
676,1.561208963394165,1.0521257967264612,2.35829152631606,2.877761107861942,-3.3352529001721196,0.0,0.3115927361993526,0.1,0.0030007362365722656,0.05087637901306152,0.049979374,0.3201556,-1.0343420255783073,-0.11667966886486879,0.010095490940725222,0.0,400,0.16796875,2.5372506965136745,0.6518233588276,270756,-3.0133227025014877,0.0
677,1.6769804954528809,2.0787330604556655,1.4505221010571638,2.8519610674924056,-3.194317266127115,0.0,0.3182301917021407,0.1,0.007769346237182617,0.12630391120910645,0.049581744,0.31566215,-0.7230345169749101,-0.11519428051077776,0.020316922536503256,0.0,400,0.5469486713409424,0.40752702464038887,0.2404510487314467,271156,-3.0527037010837987,0.0
678,1.55668044090271,2.0196227605088914,1.4721584397171268,2.819447519865708,-3.1917805144816334,0.0,0.3089865066078822,0.1,0.003014087677001953,0.05164766311645508,0.05031907,0.3177075,-0.44876878922652996,-0.11613758347530996,0.019768409932368076,0.0,400,0.16829204559326172,0.258871569801688,0.2444322426877459,271556,-3.048020958901637,0.0
679,1.5854887962341309,-3.2650572450428843,0.07941168738598961,-3.134141237783281,-3.4489000583957132,0.0,0.31977359012421896,0.1,0.0029985904693603516,0.053627967834472656,0.049727254,0.31351733,-0.7303976348081654,-0.11624653479672546,-0.03277672621036996,0.0,400,0.16779112815856934,3.405115607214877,0.07335104026503504,271956,-3.0256526951817238,0.0
680,1.599916696548462,-2.311781186185587,2.1706431964761084,2.8589437336845487,-3.4872175254495925,0.0,0.313068848457573,0.1,0.0022554397583007812,0.04785966873168945,0.050128296,0.41925284,-0.8885359899459075,-0.11624118621603095,-0.02358144656248922,0.0,400,0.14916300773620605,0.6573055925967188,0.5539680471872519,272356,-3.0205939894366596,0.0
681,1.566951036453247,-0.7040047909135876,2.8334919311776265,2.8423402642265003,-3.365520059644557,0.0,0.31617875209244645,0.1,0.003263711929321289,0.048400163650512695,0.05003168,0.35672203,-0.8700828700426755,-0.11680845214577097,-0.007488940074148732,0.0,400,0.1488933563232422,1.1638568032160432,0.8877328523237132,272756,-3.014112575464213,0.0
682,1.5714490413665771,-3.254071828413357,0.07056414753861315,-3.1533887059205483,-3.4123040127915547,0.0,0.32022553117134434,0.1,0.002997875213623047,0.055620670318603516,0.050166093,0.29647818,-1.1084817658797437,-0.11547973508002926,-0.03266605898631837,0.0,400,0.16346001625061035,0.8021214608428966,0.009172365800341878,273156,-3.019727045276538,0.0
683,1.5344395637512207,1.6104929692334549,2.0261093516567956,2.8632965743566845,-3.2319494216638085,0.0,0.31975762915471934,0.1,0.0015003681182861328,0.05151534080505371,0.04991935,0.31979248,-0.8365842923684239,-0.11620817745809674,0.015670452823158675,0.0,400,0.16087126731872559,2.714366945474106,0.45682647392695613,273556,-3.0002961222879625,0.0
684,1.5667760372161865,-3.2866298607890787,0.054836680336512116,-3.2111417967304927,-3.4345247215800163,0.0,0.31783994081298017,0.1,0.002997875213623047,0.04639911651611328,0.049932588,0.3203144,-1.0815888492104895,-0.11763037494193275,-0.03299323823934553,0.0,400,0.15191912651062012,2.780601488775916,0.055513240435435166,273956,-2.997743532495096,0.0
685,1.6308269500732422,2.0664216447870314,1.4775011716822872,3.0323765181353473,-3.25319802230821,0.0,0.343527175260893,0.1,0.002249479293823242,0.06214189529418945,0.050065633,0.26412883,-0.7667877998107373,-0.11584836537823434,0.020234025882616594,0.0,400,0.18681645393371582,2.6890518090182347,0.29183523930998484,274356,-2.9963960190501036,0.0
686,1.5820894241333008,0.9171690374158662,2.5586596621073308,2.9022806672229913,-3.426016407880704,0.0,0.30325163680678346,0.1,0.0022492408752441406,0.0493769645690918,0.050366443,0.33740452,-0.598392116088077,-0.11621971501819761,0.00872806562459741,0.0,399,0.15996885299682617,0.8465528261823154,0.7000190362574016,274755,-3.030735857807021,0.0
687,1.6188149452209473,-3.273403640902251,0.08741874117125849,-3.137136548531168,-3.548631377547513,0.0,0.3262320496238858,0.1,0.0022497177124023438,0.050995588302612305,0.04987357,0.27661756,-0.8658932685694944,-0.11656126768774307,-0.032851335495716234,0.0,400,0.14985275268554688,2.027020494799226,0.08480070753472281,275155,-3.016692484905808,0.0
688,1.5743076801300049,2.350691031914438,0.9990119982764786,2.9411783249766525,-2.44662411754814,0.0,0.3358152713200628,0.1,0.0022487640380859375,0.04910635948181152,0.0501499,0.2443207,-0.5442348385211012,-0.11611452459352721,0.023059690593585945,0.0,400,0.1576061248779297,2.597456169893889,0.21754748295825288,275555,-3.021508546822246,0.0
689,1.5865247249603271,-3.2496213629455877,0.046618349731152545,-3.1600373943704776,-3.3298869935480995,0.0,0.3013283460263251,0.1,0.002262592315673828,0.047824859619140625,0.049959254,0.30721292,-0.8147734909635499,-0.11605096077412709,-0.032614312875022936,0.0,400,0.1510622501373291,2.8296191001115085,0.2770822345476945,275955,-3.0271098893309505,0.0
690,1.574021339416504,-3.2991437749367516,0.07758668088837839,-3.1957589841728637,-3.4307138209412416,0.0,0.3063211902634538,0.1,0.0030007362365722656,0.04659295082092285,0.049988903,0.27918372,-1.06321051936087,-0.11687351183299567,-0.03311686506504956,0.0,400,0.19050216674804688,0.2973115568790311,0.03278787447822355,276355,-3.0172046850926586,0.0
691,1.6101973056793213,-3.2595854166746223,0.09438685679036789,-3.1485630036991483,-3.5483001697588583,0.0,0.28577179879308784,0.1,0.0022542476654052734,0.04659581184387207,0.05022034,0.2679419,-1.2828480090922454,-0.11652049789498056,-0.032717449747369426,0.0,400,0.17386293411254883,0.03298799929096379,0.010333075503491891,276755,-3.0108035425151143,0.0
692,1.654505968093872,-1.3898841086882205,2.6513743229180524,3.091278484080809,-3.384749501716791,0.0,0.3173750004802796,0.1,0.004016876220703125,0.052840232849121094,0.04995628,0.38897383,-1.2935516190518428,-0.11581626738203721,-0.014341647234998362,0.0,399,0.17558002471923828,1.2149586481586836,0.8250585294601261,277154,-3.025742168388162,0.0
693,1.5239014625549316,-3.2564362043992405,0.07370446396743065,-3.138986912056658,-3.432021094580371,0.0,0.32704447673197085,0.1,0.003259897232055664,0.04508781433105469,0.04980277,0.2688432,-1.4898400775865825,-0.11625542415536497,-0.03267801015343448,0.0,400,0.15079379081726074,0.40966689535085843,0.00974595159083862,277554,-3.0028266721697205,0.0
694,1.5795502662658691,-3.262485079614153,0.09011504474513722,-3.1238641687824034,-3.519668529921007,0.0,0.32944876973041215,0.1,0.0022499561309814453,0.0598607063293457,0.050032478,0.33150527,-1.6671045777893396,-0.1164186641541446,-0.03273805702097987,0.0,400,0.22798728942871094,0.010290664941723196,0.008640205237085044,277954,-3.0095723132791656,0.0
695,1.5790493488311768,-3.2259183817043438,0.1647620626034184,-2.486907197180515,-3.456012791306545,0.0,0.3318389489883483,0.1,0.0030012130737304688,0.04960751533508301,0.04954442,0.41937855,-1.82298595818084,-0.11650667749194786,-0.03267802465407259,0.0,400,0.15108633041381836,0.0164454932887543,0.015152116284015684,278354,-3.01172774914268,0.0
696,1.560286045074463,-3.2693894832143813,0.05171864067269156,-3.1583845538426956,-3.3859413612512568,0.0,0.34810215201297906,0.1,0.002509593963623047,0.04859757423400879,0.049771883,0.33152866,-1.9676263106841942,-0.11699708536780372,-0.03280707263429631,0.0,400,0.1508166790008545,0.006596339421324313,0.005058661799531606,278754,-3.008700788337265,0.0
697,1.5654675960540771,-3.284573121676432,0.06911925365757704,-3.147463664222194,-3.408706199846159,0.0,0.3365733351279032,0.1,0.0022516250610351562,0.05434226989746094,0.0501063,0.31134915,-2.099320991783418,-0.11698755302595089,-0.0329416855192731,0.0,400,0.16261744499206543,0.005778089888503615,0.005098621032698506,279154,-2.9983844748057207,0.0
698,1.8365569114685059,0.3367992065570597,2.6665360555970494,2.906407476495785,-3.5077900657883156,0.0,0.3201799563751485,0.1,0.0030252933502197266,0.05011606216430664,0.050274044,0.32933277,-1.8557089719493705,-0.11699816049290797,0.0029395504966175994,0.0,400,0.1577601432800293,2.2716980035110703,0.8320248551633127,279554,-2.9987663641388225,0.0
699,1.5732104778289795,-3.2578492740432394,0.07455750391881444,-3.1336955902111496,-3.4416717176990086,0.0,0.313885324853179,0.1,0.002996206283569336,0.05536770820617676,0.049729463,0.33784258,-1.9959230021587575,-0.1163214762607282,-0.03270129434724048,0.0,400,0.19728589057922363,1.493977767555194,0.015446545325888957,279954,-3.015897781589302,0.0
700,1.5443108081817627,-3.2422205967269075,0.06313120658142539,-3.1485112396495616,-3.375227897898141,0.0,0.2984428352521223,0.1,0.0025124549865722656,0.05116438865661621,0.049969934,0.29218355,-2.1205527616155724,-0.11572633376414337,-0.03254084809700596,0.0,400,0.1583845615386963,0.014949296881613724,0.0049974343977093995,280354,-2.997050397654525,0.0
701,1.598538875579834,-3.2812507284993955,0.06165164494937996,-3.1777667165047507,-3.4086660878659036,0.0,0.3379320217547738,0.1,0.00878286361694336,0.08294486999511719,0.050246187,0.31858292,-2.2366225583039547,-0.11673662984930801,-0.03293014821814458,0.0,400,0.15441632270812988,0.006618948792482142,0.005216217144670776,280754,-2.987287605173759,0.0
702,1.5446727275848389,-3.2829798054881905,0.11479010322102721,-3.1543820605326487,-3.7221640740086657,0.0,0.33817764155260244,0.1,0.0030045509338378906,0.04378390312194824,0.04982512,0.29825586,-2.3412582830223783,-0.11794224128784543,-0.03294850149951276,0.0,400,0.15513825416564941,0.0057388817424008955,0.005133528836408378,281154,-2.9943177286795413,0.0
703,1.5681970119476318,-3.3034548533225996,0.09925404979791236,-3.165535281729145,-3.667632556852218,0.0,0.331944360989575,0.1,0.0030045509338378906,0.05837512016296387,0.04988955,0.30271605,-2.4374779400524007,-0.11867787057463841,-0.033155347091862505,0.0,400,0.1492609977722168,0.007265681750186491,0.0062084514673298044,281554,-2.9971117138343866,0.0
704,1.619344711303711,-3.270433579774251,0.0829018617267023,-3.144822195578489,-3.508980238362829,0.0,0.3246887097344486,0.1,0.0058345794677734375,0.05913877487182617,0.050233915,0.30520535,-2.5207735040245858,-0.11707952180429082,-0.032827584916105566,0.0,400,0.17235612869262695,0.005443168975337461,0.004733147399328186,281954,-2.9954076909762937,0.0
705,1.667466402053833,-3.2674780328574506,0.10475950869227615,-3.150120741844061,-3.6114224077011663,0.0,0.31063164574452956,0.1,0.0022592544555664062,0.04535365104675293,0.050103374,0.3053205,-2.5954439569078724,-0.11747792568380826,-0.0327912564548874,0.0,400,0.16600346565246582,0.004902988838921618,0.0044731925928312944,282354,-2.9932058875816283,0.0
706,1.9298467636108398,0.7115778548245438,2.6803567343268466,3.0906831067862774,-3.3072380734531954,0.0,0.3178843799155677,0.1,0.010020971298217773,0.11535286903381348,0.04998095,0.30629268,-2.2647417757346306,-0.11658358228343753,0.006651800644114747,0.0,400,0.5018680095672607,2.3443760158755333,0.7537004953748977,282754,-2.984017096987983,0.0
707,1.8410229682922363,-3.242589317333457,0.06297295102310081,-3.1179355679561143,-3.342992503338285,0.0,0.3453909992095947,0.1,0.0035326480865478516,0.10332727432250977,0.049968597,0.28136924,-2.362526529894513,-0.11631550662979297,-0.03253953389065423,0.0,400,0.20601725578308105,1.8546814561476745,0.01381481012218131,283154,-2.984747660761465,0.0
708,1.5869619846343994,-3.270142395092388,0.0651517330772745,-3.1722564412090186,-3.429140134011713,0.0,0.30889666034130053,0.1,0.002250194549560547,0.04760408401489258,0.049785923,0.28268617,-2.4532881164143006,-0.11727528082512427,-0.03282905234571413,0.0,400,0.1516587734222412,0.014748914999338265,0.005453547680742536,283554,-2.985773313571856,0.0
709,1.6059491634368896,1.7900281214940987,1.7970897535667973,3.0876366613122332,-3.284842228817178,0.0,0.322082617001004,0.1,0.0037550926208496094,0.06292939186096191,0.050185528,0.29669294,-2.0289564926234607,-0.11772688938182642,0.017461103322495366,0.0,400,0.1603233814239502,2.8043167581247923,0.3785438360126246,283954,-2.9864515860532066,0.0
710,1.6967225074768066,-0.06401728030737866,2.7837948108713237,2.8749721089512064,-3.5096254366139794,0.0,0.30210102809155603,0.1,0.0022516250610351562,0.05264997482299805,0.04991146,0.46943015,-1.8324625713918525,-0.1170058988613725,-0.0010947106252783719,0.0,400,0.18420934677124023,1.2479037673428535,0.8766208274364093,284354,-3.0016290485007815,0.0
711,1.9140069484710693,-3.26700795171831,0.05239008693076484,-3.1933507106593444,-3.384848985932781,0.0,0.3145289104551024,0.1,0.0022487640380859375,0.058118581771850586,0.050009232,0.29443744,-1.9759171094244983,-0.11699454512563345,-0.03279175358944491,0.0,400,0.20164871215820312,1.2473125826190083,0.025699882970969597,284754,-2.9968068947454154,0.0
712,1.700221061706543,-3.273360485951969,0.06790189265890957,-3.1802081208193607,-3.415585024890167,0.0,0.32403970126651416,0.1,0.003000020980834961,0.056404829025268555,0.05002441,0.2632934,-2.1056614470772455,-0.11707640674002538,-0.03285952220807985,0.0,400,0.18687772750854492,0.02655867665651072,0.0045159278887484736,285154,-2.994314313360376,0.0
713,1.6530299186706543,-3.249820946700449,0.05558303598789786,-3.1423450163209314,-3.3565228084664516,0.0,0.3418964779940814,0.1,0.002250194549560547,0.06315016746520996,0.050065383,0.2994658,-2.220077397039566,-0.11690903281997148,-0.032609914515523454,0.0,400,0.17551660537719727,0.0052767526558713165,0.003868644022435892,285554,-2.9890767301408387,0.0
714,2.739218235015869,-3.2667782062200508,0.06373429801399207,-3.1205219882320163,-3.399406781827231,0.0,0.3451539040386621,0.1,0.003749370574951172,0.10827183723449707,0.049783513,0.3037736,-2.3247474779576143,-0.11688468130386317,-0.03278932985310872,0.0,400,0.2775394916534424,0.0037019454151710723,0.0030153775167911937,285954,-3.003097897928471,0.0
715,1.786571979522705,-3.2732270550966187,0.0631130270737025,-3.170046390596877,-3.431795938583051,0.0,0.32777874707742005,0.1,0.0022497177124023438,0.0614016056060791,0.049858514,0.3302674,-2.419595435671515,-0.11738721941012825,-0.03284477040799878,0.0,400,0.2245011329650879,0.0034106904841196403,0.0031054968125626514,286354,-2.9808679540640304,0.0
716,1.692173957824707,-3.3015522714642964,0.09723345210684826,-3.166750894683989,-3.601088714681497,0.0,0.32597002876072373,0.1,0.0015041828155517578,0.053125858306884766,0.050047684,0.2887985,-2.5077911192507933,-0.11809557322138482,-0.033142342498343115,0.0,400,0.16839337348937988,0.005824496606550327,0.004832172703057192,286754,-2.9944122460437113,0.0
717,1.7162771224975586,-3.27125127228645,0.07007345158290944,-3.1573337316394987,-3.4602324693400117,0.0,0.31872903800656555,0.1,0.0032606124877929688,0.05765128135681152,0.05002485,0.33079368,-2.5841371345543593,-0.11756245030436921,-0.03282100963134288,0.0,400,0.16426992416381836,0.003275788243301866,0.0027925101560444736,287154,-2.9824899056495027,0.0
718,1.7082092761993408,-3.250266070715763,0.05228485734117972,-3.1697484582013185,-3.379366331032585,0.0,0.33926087768872343,0.1,0.002255678176879883,0.056629180908203125,0.049851608,0.3112645,-2.6507500281704997,-0.11721281974115565,-0.032628297433670364,0.0,400,0.16660213470458984,0.0023521258335027326,0.002103966190464934,287554,-2.9833936169924726,0.0
719,1.7129297256469727,-3.3045282945410843,0.12276688537884849,-3.142175930996057,-3.6302072360368776,0.0,0.337523383665057,0.1,0.0022487640380859375,0.04713129997253418,0.050086707,0.2878389,-2.7161278548075583,-0.11818485835383281,-0.03317186758574489,0.0,400,0.1606888771057129,0.006827356792126618,0.00540212960866559,287954,-2.987706136640046,0.0
720,1.6923763751983643,-3.2719288425252815,0.07411727470663483,-3.132341922392687,-3.400029869636247,0.0,0.3163014616943323,0.1,0.002254962921142578,0.05768227577209473,0.05029525,0.33934623,-2.7717079535793308,-0.11781276121988134,-0.03283687501898,0.0,400,0.2068648338317871,0.0037278470273375583,0.0034420687619587122,288354,-2.9866054340037858,0.0
721,1.681666612625122,-3.265910240386434,0.06865854789697247,-3.156006139167761,-3.4337383621141564,0.0,0.31525747367273627,0.1,0.0032596588134765625,0.055916786193847656,0.050000053,0.31458524,-2.821128182260041,-0.11730916747686783,-0.0327759268418428,0.0,400,0.16263699531555176,0.002950842368175568,0.002615041748669049,288754,-2.9857938906986456,0.0
722,1.6925177574157715,-3.2577665903428317,0.08892164288148499,-3.1414217794698516,-3.5360448041302726,0.0,0.34919209036659965,0.1,0.005509614944458008,0.08069944381713867,0.050059576,0.25582653,-2.86479202306832,-0.11844384657945993,-0.03269982202038871,0.0,400,0.1638505458831787,0.004146204889132715,0.0035292110156056053,289154,-2.9686048835678216,0.0
723,1.7391471862792969,-3.2539037541452704,0.053603487568142635,-3.154700827422767,-3.3506760422434567,0.0,0.34342026458072716,0.1,0.0022513866424560547,0.06538558006286621,0.05003232,0.29386446,-2.903703196176015,-0.11677859601058557,-0.03264408194763238,0.0,400,0.2429203987121582,0.0018274082447637845,0.0016438249483101762,289554,-2.968759650529258,0.0
724,1.828545093536377,-3.2467485592777034,0.05288891532770294,-3.1575476656168235,-3.3643879269296906,0.0,0.3139530507256396,0.1,0.0035619735717773438,0.056473731994628906,0.05025538,0.33480096,-2.938007732486184,-0.11705651467897454,-0.03258666108377515,0.0,400,0.26613497734069824,0.001945102418094437,0.0017351220699797299,289954,-2.967014538687907,0.0
725,1.89296293258667,-3.252959494562498,0.08641745396896919,-3.12189253213948,-3.3957952102424946,0.0,0.31637179259591625,0.1,0.0022509098052978516,0.2664158344268799,0.050175205,0.3289031,-2.969502908693815,-0.11790013037385767,-0.032660032998605926,0.0,400,0.4015316963195801,0.0032725969101091855,0.002949743272483951,290354,-2.9731467417503494,0.0
726,2.1158666610717773,-3.229784764673513,0.049867847124376426,-3.13374617296352,-3.3383796632614198,0.0,0.3339690360252065,0.1,0.0022521018981933594,0.06537961959838867,0.050149843,0.29805055,-2.995531094291785,-0.1161155466899271,-0.03241679690768862,0.0,400,0.21952080726623535,0.002013905022539558,0.0018254684933337016,290754,-2.9701286083644334,0.0
727,1.9067823886871338,-0.2724313432033214,2.783200736803071,2.9610441734565502,-3.363755752684762,0.0,0.3102538002925437,0.1,0.0032606124877929688,0.05914878845214844,0.05001695,0.36966458,-2.7232211191829387,-0.1160208457938989,-0.003161752774057303,0.0,400,0.174652099609375,1.8713357264462023,0.8897226816034702,291154,-2.972570552713901,0.0
728,1.6980259418487549,-3.237401992567639,0.0533475785140569,-3.157214175097828,-3.3574880462376475,0.0,0.316980849860457,0.1,0.0025093555450439453,0.04835939407348633,0.05007205,0.298829,-2.774639206521409,-0.11665521302819638,-0.032485165574983606,0.0,400,0.18083858489990234,1.073225302952266,0.0039277605767281875,291554,-2.9867078961361018,0.0
729,1.63704514503479,-3.2506768002986814,0.0688122222031456,-3.145948082244799,-3.439685892310014,0.0,0.32466030309407534,0.1,0.00477290153503418,0.05939126014709473,0.049777407,0.27903146,-2.8222429658991364,-0.11700649472948771,-0.03262645025005659,0.0,400,0.16694903373718262,0.0045755520516577485,0.0036184209351478804,291954,-2.97049846274382,0.0
730,2.0152699947357178,-3.2363439674328887,0.06452527156438591,-3.1382604906735843,-3.4256873150632003,0.0,0.338573440691673,0.1,0.0030019283294677734,0.06356930732727051,0.04995579,0.3118598,-2.8636530660525112,-0.1165637831815678,-0.03247923779506179,0.0,400,0.22911906242370605,0.003273053859833188,0.0027356435427644005,292354,-2.972147920470895,0.0
731,1.7914819717407227,-3.2454183753964525,0.049258982591485416,-3.172396883632813,-3.3328885223498443,0.0,0.33803046788955154,0.1,0.0030059814453125,0.05087757110595703,0.050110325,0.321741,-2.9018295969869055,-0.11653909339522942,-0.03257591379483108,0.0,400,0.1515355110168457,0.0030739806888220563,0.0026206862015077307,292754,-2.981641842817978,0.0
732,1.7084240913391113,-3.2787387269508987,0.0860961040909701,-3.1908225034445965,-3.5891367472411586,0.0,0.33333279689282536,0.1,0.0022535324096679688,0.05135750770568848,0.050091017,0.28093317,-2.939520509983305,-0.11781619477429678,-0.03290457404585611,0.0,400,0.1551668643951416,0.00443502956739759,0.004027063498719809,293154,-2.986007932521158,0.0
733,1.8944852352142334,-3.2410532466225623,0.06084805764121823,-3.1451919339594507,-3.428576204631076,0.0,0.334771525328552,0.1,0.004011631011962891,0.05591392517089844,0.050072096,0.32153216,-2.969673783647231,-0.11724193224414804,-0.032533487350708615,0.0,400,0.19764471054077148,0.0034612131737455994,0.002515112200616537,293554,-2.974907171061524,0.0
734,1.7021687030792236,-3.218633078335974,0.06348161643849015,-3.115524256119361,-3.4332093791932605,0.0,0.360011426153553,0.1,0.001795053482055664,0.04672408103942871,0.0500423,0.2668763,-2.994569713116105,-0.11608406912238266,-0.03230303029116008,0.0,400,0.2233564853668213,0.00231463021333545,0.0020578647077330796,293954,-2.9822421986355323,0.0
735,1.6432719230651855,-3.2224869088835617,0.04913105676440727,-3.1352892727332806,-3.3249150732204003,0.0,0.3467476278571748,0.1,0.0022547245025634766,0.05063462257385254,0.050012182,0.31418762,-3.0173614326928506,-0.11642113249896728,-0.032346794594006384,0.0,400,0.15324950218200684,0.0022172190672002357,0.0019754511601087123,294354,-2.9817544501970703,0.0
736,1.6006736755371094,-3.231553393086192,0.05314481766283681,-3.1517955763821135,-3.3489080384038465,0.0,0.32634587850603325,0.1,0.003316164016723633,0.05237269401550293,0.04995017,0.30733848,-3.038780628732185,-0.11660856903538719,-0.032434065301291296,0.0,400,0.22909927368164062,0.00246408729063409,0.0021511761658415656,294754,-2.9836202076889657,0.0
737,1.5766372680664062,-3.239645390375574,0.0649804155529218,-3.134055758156761,-3.375784104010981,0.0,0.3332202127600569,0.1,0.0037508010864257812,0.055883169174194336,0.049793962,0.29668146,-3.058867104896524,-0.11600341653732028,-0.0325176187520719,0.0,400,0.15665698051452637,0.003183864593917823,0.0028311066251921553,295154,-2.9823373857703968,0.0
738,1.6467795372009277,-3.226787639699361,0.06145265344775106,-3.102093785068623,-3.370549438705574,0.0,0.3509192690640124,0.1,0.003003835678100586,0.0528864860534668,0.050146256,0.299933,-3.0756591583768076,-0.11648982182134188,-0.03238219394294423,0.0,400,0.15980172157287598,0.002323523826117798,0.002099501473386004,295554,-2.9811207105191992,0.0
739,1.6034021377563477,-1.137840982350737,2.737917237226777,2.6956039852263745,-3.4277269667492916,0.0,0.3123371930154325,0.1,0.002998828887939453,0.05042529106140137,0.049904022,0.42017075,-2.8818773407742007,-0.11640131675119371,-0.011794029986327526,0.0,399,0.1541590690612793,1.3536149934696302,0.8501926250528444,295953,-2.9745214048600674,0.0
740,1.6459338665008545,-3.2237661203899615,0.07348100988313894,-3.1014736479942004,-3.479208097976295,0.0,0.31277434781020674,0.1,0.002251148223876953,0.05086398124694824,0.049947195,0.28364316,-2.916066218735777,-0.11725440244682896,-0.0323614506827416,0.0,400,0.1518845558166504,0.5295319322270261,0.003803793996635747,296353,-2.9723911497477937,0.0
741,1.779435634613037,-3.246031543757289,0.07643819616031468,-3.146874349851992,-3.4368407784859305,0.0,0.33012213352619313,0.1,0.0037555694580078125,0.06221437454223633,0.05002059,0.28908724,-2.949062751237928,-0.11793376019006128,-0.03258995013819844,0.0,400,0.20743393898010254,0.004428350209872049,0.0034299787216327997,296753,-2.9813380171386443,0.0
742,2.9904794692993164,1.7637596774509998,1.7411473937129427,3.1114126728745006,-3.197915085176114,0.0,0.31507496551665043,0.1,0.09363842010498047,0.14457249641418457,0.04999503,0.31831348,-2.477780508369035,-0.11672120802151888,0.01716810260474324,0.0,399,0.4506089687347412,2.87347807575864,0.35902476748690926,297152,-2.9680333504569494,0.0
743,1.7085700035095215,1.995770320101262,1.4460345650332929,2.858224191433807,-3.23207008558,0.0,0.3177115330543235,0.1,0.00299835205078125,0.06062817573547363,0.04988602,0.24798259,-2.0304254255220053,-0.11653918760430251,0.019497861681390713,0.0,399,0.21839332580566406,0.28230750511361424,0.24575343324124252,297551,-2.9802262920057423,0.0
744,1.6729552745819092,-3.232474982305865,0.0760851554870926,-3.1136507751561,-3.376606147687053,0.0,0.30210426559263,0.1,0.003265857696533203,0.054644107818603516,0.049849443,0.2632347,-2.1506303812003913,-0.11745286821049343,-0.03244310714967924,0.0,400,0.17545318603515625,3.454686820289465,0.016921550788257682,297951,-2.985831606345377,0.0
745,2.0970942974090576,-3.262394710287375,0.07714603298075108,-3.15345304520532,-3.4814703467313186,0.0,0.2826562505465648,0.1,0.0037505626678466797,0.058157920837402344,0.04998418,0.26194677,-2.2618068141090895,-0.11813097182487187,-0.03273993967732756,0.0,400,0.22205615043640137,0.01893145117430273,0.005587002482932362,298351,-2.982178857355799,0.0
746,1.8608009815216064,-3.2252386275290563,0.08211743863479769,-3.110257683877996,-3.4995972685662347,0.0,0.32888198957115716,0.1,0.005251169204711914,0.11089849472045898,0.0500666,0.28653723,-2.358149995451086,-0.11680028768743302,-0.03237430368750732,0.0,400,0.23593544960021973,0.004607751373691398,0.0032842493370360197,298751,-2.9621916624390883,0.0
747,1.6774091720581055,-3.233085693720355,0.07299207711047274,-3.1168035045936677,-3.403515303282932,0.0,0.32722775391253994,0.1,0.0037620067596435547,0.05037951469421387,0.049937148,0.3594545,-2.4456435652780133,-0.11715241260550206,-0.032442103658002736,0.0,400,0.15793752670288086,0.0038278476025577685,0.0033289849319510082,299151,-2.9553751319112083,0.0
748,1.6218698024749756,-3.2775529895964484,0.080833827714697,-3.134351973819076,-3.4856485160599915,0.0,0.33303168461264165,0.1,0.002251863479614258,0.04736638069152832,0.04979334,0.3103677,-2.528834507709857,-0.11911804370586361,-0.03290009180521903,0.0,400,0.15034770965576172,0.004986093884928732,0.0037300938285576265,299551,-2.964933840563922,0.0
749,1.6260695457458496,-3.2283995420888028,0.07272642746179017,-3.1234258895728146,-3.366765375834359,0.0,0.3374929516269702,0.1,0.0030121803283691406,0.05014801025390625,0.050010607,0.30841944,-2.598791011147752,-0.11735780871935964,-0.03241179313811477,0.0,400,0.1451277732849121,0.00480378020798627,0.003235558298739601,299951,-2.9551255519361987,0.0
750,1.600900650024414,-3.2189766228239147,0.04254269722074527,-3.161496572929274,-3.3616697909262383,0.0,0.32591833586796576,0.1,0.003000020980834961,0.04711437225341797,0.050161995,0.326084,-2.6608095723153684,-0.11689842189629576,-0.03231853427844328,0.0,400,0.15880155563354492,0.00219643671983818,0.0020351494983829326,300351,-2.9561507468008728,0.0
751,1.7707581520080566,-3.248847000839946,0.08026999200967268,-3.1243822482734545,-3.504836921497933,0.0,0.3428308825179183,0.1,0.003264188766479492,0.07216286659240723,0.05005301,0.285595,-2.7196133151678263,-0.11781729653419809,-0.032603551073274784,0.0,400,0.24263858795166016,0.0035291370213205338,0.0029450184386940474,300751,-2.9562174067026006,0.0
752,1.8396167755126953,-3.205403093096333,0.05647604032210371,-3.1315967297382814,-3.379375494535462,0.0,0.3480346276192816,0.1,0.0022509098052978516,0.05287790298461914,0.04995058,0.29902694,-2.768192292960677,-0.11689472143691161,-0.03217950724601704,0.0,400,0.1849687099456787,0.002914351354840991,0.0023343200254095694,301151,-2.96694361097072,0.0
753,1.6021766662597656,-3.217744439540999,0.06650529386601366,-3.0971410429135116,-3.399600099666901,0.0,0.3204537857006259,0.1,0.0022499561309814453,0.0469663143157959,0.050010134,0.3443161,-2.8131475076187096,-0.11693398440331088,-0.032292731392339596,0.0,400,0.15787720680236816,0.0029938684661888165,0.0026564145359617617,301551,-2.9635157547605147,0.0
754,1.5882296562194824,-3.2186896007092596,0.0701602934475579,-3.1033655853937465,-3.42830266379461,0.0,0.32654706536534783,0.1,0.0029993057250976562,0.05485653877258301,0.05007192,0.31827086,-2.8537017169277648,-0.116585523441347,-0.03230261311280624,0.0,400,0.19233107566833496,0.002991828483991287,0.0026417654106964663,301951,-2.9685295663327382,0.0
755,1.622067928314209,-3.2195261045884966,0.06478340218532887,-3.1045840505184774,-3.3370190928797943,0.0,0.3188742111185948,0.1,0.0032570362091064453,0.05162191390991211,0.050072826,0.34727195,-2.890284155693838,-0.11657005535926925,-0.0323232941321587,0.0,400,0.16365504264831543,0.0029783841977257825,0.002723491719319308,302351,-2.950827929531653,0.0
756,1.5930256843566895,-3.225606286115243,0.07379639107799003,-3.1073427781500915,-3.390722779377871,0.0,0.3190871533737859,0.1,0.0022602081298828125,0.04683947563171387,0.049917404,0.32478672,-2.9238163687359786,-0.11644475721011059,-0.03237062774023333,0.0,400,0.1568434238433838,0.0027617880474822302,0.002506188666414515,302751,-2.964699986435156,0.0
757,1.5348396301269531,2.2583606690630083,0.9826923492504566,2.9778838857931107,-2.393099092174477,0.0,0.32933783854395365,0.1,0.0022499561309814453,0.04610109329223633,0.05024317,0.28682274,-2.4055986649560803,-0.11720221987311373,0.02212067142058029,0.0,400,0.15257668495178223,3.0993902423749464,0.14883604410463122,303151,-2.9889331877824334,0.0
758,1.6361708641052246,-3.203351071719538,0.04650833196638038,-3.1026795295122613,-3.3361232937795213,0.0,0.3094575814364147,0.1,0.0015020370483398438,0.049961090087890625,0.049944356,0.2640286,-2.485373905632426,-0.11663257124289514,-0.032160534578435124,0.0,400,0.17184972763061523,3.7390455390250557,0.021587788067809924,303551,-2.9714858112603517,0.0
759,1.6240241527557373,-3.2167816854535083,0.052689834380333846,-3.131793778570198,-3.3318739178943693,0.0,0.29937497448601896,0.1,0.0030374526977539062,0.04757356643676758,0.04997434,0.28547007,-2.5585146836145345,-0.11719493556759639,-0.032286807962030824,0.0,400,0.1621263027191162,0.022178130635509954,0.003999832426468886,303951,-2.973720720562092,0.0
760,1.557785987854004,-3.1964128823460003,0.06443965025989218,-3.095912893780705,-3.354752109006973,0.0,0.31825266858680584,0.1,0.00599980354309082,0.048627614974975586,0.050010517,0.30727208,-2.622304503487681,-0.11638588744968181,-0.03208741707877597,0.0,400,0.15384149551391602,0.0044265218967042535,0.0027033470374282728,304351,-2.974696644988037,0.0
761,1.5968942642211914,-3.2215961371199784,0.08202212163478552,-3.1321085166581106,-3.4864301392043293,0.0,0.3390294746157693,0.1,0.002252340316772461,0.051590681076049805,0.050171543,0.27132782,-2.6822336668509106,-0.11775849796056351,-0.032336419863775306,0.0,400,0.18046069145202637,0.004889921189946702,0.003881059397986475,304751,-2.972347753650891,0.0
762,1.5955226421356201,-3.2322099522324454,0.06428791652527478,-3.133597029028012,-3.3640861486307747,0.0,0.3280354576109371,0.1,0.0029990673065185547,0.052248239517211914,0.050217334,0.3113589,-2.737231295389064,-0.1172544135047813,-0.03245242361450326,0.0,400,0.14704155921936035,0.002855249000990014,0.0025963592199235498,305151,-2.973729648294885,0.0
763,1.6316802501678467,-3.229607242253748,0.06859231519561718,-3.1429598512681527,-3.3927832197456103,0.0,0.3277777185484887,0.1,0.004500627517700195,0.056472063064575195,0.050020598,0.32544777,-2.7864688900755326,-0.11802901381737164,-0.032422874521265445,0.0,400,0.18073391914367676,0.003054888479326884,0.00261794701997773,305551,-2.965925658630916,0.0
764,1.6191074848175049,-3.2034109571823346,0.0664983650663632,-3.1063223763387855,-3.3677645438170507,0.0,0.3391381709981211,0.1,0.002508401870727539,0.04763031005859375,0.049920913,0.30024135,-2.828163096786213,-0.1162093080517332,-0.03216129959232473,0.0,400,0.16125226020812988,0.0029680983483782934,0.002606977108774463,305951,-2.9718122433331713,0.0
765,1.5939130783081055,-3.201661537060478,0.04440012202357116,-3.134531242984689,-3.324578177091416,0.0,0.3376512285240829,0.1,0.002251148223876953,0.047898292541503906,0.049973622,0.28082168,-2.8655129408136393,-0.11619530220314701,-0.03214134648835304,0.0,400,0.15778088569641113,0.0025332889138661675,0.0022390195306322544,306351,-2.9714558996944236,0.0
766,1.843395709991455,-3.191783187606144,0.058652833809223974,-3.108186349077063,-3.298762499374855,0.0,0.34069006007637903,0.1,0.004286050796508789,0.06043648719787598,0.04987615,0.2968018,-2.8981399654928897,-0.11653299017120132,-0.03204144437108711,0.0,400,0.24006915092468262,0.0023905004296467637,0.0020590628441484837,306751,-2.958342849785082,0.0
767,1.6243681907653809,-3.1917706089082873,0.06568305570728213,-3.0970528214321345,-3.3922063976226093,0.0,0.31739314194848023,0.1,0.0022537708282470703,0.050655364990234375,0.049953885,0.36034408,-2.9275030298344293,-0.11650057543402711,-0.032042537490460196,0.0,400,0.1652977466583252,0.0031411889825451633,0.002781573214032949,307151,-2.964011032367253,0.0
768,1.6054491996765137,-3.1835996975503993,0.033970463063706505,-3.107962841419202,-3.272381583991964,0.0,0.34199659489424244,0.1,0.0037488937377929688,0.07827305793762207,0.050041847,0.31187302,-2.953112696606026,-0.11653552232127799,-0.031956727890718004,0.0,400,0.18950772285461426,0.002105360048306157,0.001928342896783384,307551,-2.976434828156676,0.0
769,1.7798669338226318,-3.2052957072809427,0.05449509708403789,-3.1085412023756103,-3.2991655958067185,0.0,0.3189925607547483,0.1,0.002249002456665039,0.05951404571533203,0.050078038,0.3276239,-2.9783309976735177,-0.11708889761392553,-0.03217219797117657,0.0,400,0.17450499534606934,0.0029998881279557116,0.002241631541140781,307951,-2.9597519264976144,0.0
770,1.6269094944000244,-3.1947823449383566,0.07033277605676563,-3.0974493459376222,-3.4494548187793064,0.0,0.3194774546066389,0.1,0.0025086402893066406,0.05693650245666504,0.050088894,0.2853957,-2.999976132400002,-0.11658714230584667,-0.03206602504070916,0.0,400,0.17229819297790527,0.0020741230889548376,0.0018710601871904193,308351,-2.9562428588787344,0.0
771,1.904127836227417,-3.1939417127421086,0.051093264759753114,-3.0820339546142996,-3.291055642962213,0.0,0.34262292799827565,0.1,0.0032608509063720703,0.055382728576660156,0.04992449,0.31827164,-3.0193726904342126,-0.11641923985944429,-0.032061430012800034,0.0,400,0.18525290489196777,0.0020388593600974155,0.0017710269079201648,308751,-2.959132925437786,0.0
772,1.624950885772705,-3.2032660072907118,0.04833944572646537,-3.116474263926645,-3.3140870039403714,0.0,0.34709749330292095,0.1,0.002999544143676758,0.06165623664855957,0.050153017,0.2881438,-3.0377620221198627,-0.11644728844058502,-0.03213286059925355,0.0,400,0.18477821350097656,0.002622747893347451,0.002385793895973272,309151,-2.9610881739285135,0.0
773,2.2948858737945557,-3.200387458364574,0.06193472476981747,-3.0953034320841883,-3.3485499410429393,0.0,0.3244369920749978,0.1,0.0037610530853271484,0.10352468490600586,0.050008025,0.32006645,-3.0540245657443337,-0.11623151020015461,-0.03212724163933749,0.0,400,0.22615957260131836,0.002768914457227022,0.0023939115881461614,309551,-2.9687332648808242,0.0
774,2.4322590827941895,-3.1928417313969506,0.060993491199984304,-3.114614199210152,-3.4363696178973133,0.0,0.34207074425227924,0.1,0.0037560462951660156,0.08724188804626465,0.050088134,0.2879831,-3.0679062823095955,-0.11658664454300519,-0.03205591509888375,0.0,400,0.2975950241088867,0.0028695446246844204,0.002412502570727258,309951,-2.963416521610662,0.0
775,1.6690268516540527,-3.195548972467958,0.04902611024597689,-3.088909054546168,-3.295588551515425,0.0,0.34350540583848516,0.1,0.00251007080078125,0.09319305419921875,0.049997613,0.31695908,-3.080670551325432,-0.1165179469625845,-0.03208200994522463,0.0,400,0.179945707321167,0.0023856171273944644,0.002019168469632591,310351,-2.980624241709408,0.0
776,1.6877987384796143,-3.1759508819649587,0.05198972237864892,-3.109472018749071,-3.338564600125925,0.0,0.335384007666186,0.1,0.0022957324981689453,0.0526275634765625,0.050225515,0.29645228,-3.0901985843893844,-0.11649772683655567,-0.03187769880266168,0.0,400,0.174072265625,0.0020637983892358015,0.0019124335405985664,310751,-2.9803057030386766,0.0
777,1.7121963500976562,-3.1879857719408204,0.03872144438677683,-3.1078067333832777,-3.3027633655028277,0.0,0.3370009391983,0.1,0.002999544143676758,0.05240154266357422,0.049933657,0.3094692,-3.099977303144528,-0.11596825430041198,-0.03199967165265583,0.0,400,0.16163945198059082,0.0019723346830493728,0.0017511746059843663,311151,-2.964827445462124,0.0
778,1.7103540897369385,-3.1835648335398963,0.05706968737993713,-3.0925611276784464,-3.3263117582114847,0.0,0.3339836350197562,0.1,0.003748178482055664,0.05239105224609375,0.04996002,0.31426325,-3.1083360561840654,-0.11609366119548095,-0.03195699613316619,0.0,400,0.16317319869995117,0.0017239528372242653,0.0016089308807710138,311551,-2.950683783997906,0.0
779,1.9284429550170898,-3.1838316148816888,0.053437777547560614,-3.0671876481235008,-3.269467735991336,0.0,0.31588172712889806,0.1,0.003261566162109375,0.09525203704833984,0.049877137,0.30522308,-3.1158856120538276,-0.11627885244125812,-0.0319672745134679,0.0,400,0.1629188060760498,0.0018710864513182444,0.001672844749036723,311951,-2.9486552703780715,0.0
780,1.6818788051605225,1.948350593651821,1.4248875307403799,2.8609080161905194,-3.1564517854083634,0.0,0.3041443881350186,0.1,0.003000020980834961,0.06819844245910645,0.05008681,0.34570608,-2.609461991483263,-0.11681387976201715,0.01901692299931278,0.0,400,0.21226716041564941,2.993492818244639,0.253832745642559,312351,-2.948138239985205,0.0
781,2.0307343006134033,-3.173856201176246,0.04194240272947748,-3.110326360613528,-3.2778958573029233,0.0,0.31433951794382614,0.1,0.003791332244873047,0.057135581970214844,0.05006121,0.2842224,-2.6659014124525613,-0.11571344775083439,-0.031862386999620324,0.0,400,0.18023228645324707,3.3650609571192964,0.010124123320037494,312751,-2.950870934657506,0.0
782,1.8653101921081543,-3.1765745190394212,0.057395768704743534,-3.0880899517813103,-3.310560127881176,0.0,0.30421774759224185,0.1,0.005034446716308594,0.15923213958740234,0.050247908,0.2569641,-2.716968723111247,-0.11595139259932169,-0.03189076030148848,0.0,400,0.37848997116088867,0.01098422097282866,0.003206569226076206,313151,-2.943834795284141,0.0
783,1.6506788730621338,-3.2111669036993833,0.09460340188826132,-3.1129705044380347,-3.5219133457822553,0.0,0.33050815667133643,0.1,0.0022487640380859375,0.04938530921936035,0.049979366,0.29385617,-2.766388541170061,-0.11701432164149049,-0.032234059433075286,0.0,400,0.15790915489196777,0.004961397445411774,0.0036123131029550995,313551,-2.946615813010496,0.0
784,1.577301025390625,-3.181802135656438,0.047873297357736024,-3.104006058762492,-3.3025356905815757,0.0,0.3337463031633963,0.1,0.0022602081298828125,0.04921865463256836,0.05014283,0.3254355,-2.8079299006186984,-0.11637260189223853,-0.03194062271208051,0.0,400,0.16118669509887695,0.0029711504252207923,0.002489921548190573,313951,-2.9505509759914874,0.0
785,1.618621587753296,2.1055258451600722,0.9573948690671514,2.7665211976174398,-2.3356809163101326,0.0,0.3027238653825856,0.1,0.003010988235473633,0.06745529174804688,0.04961777,0.42178926,-2.3165843260408217,-0.11704106359295728,0.02064894452462217,0.0,399,0.2562713623046875,3.1570282497758972,0.1655355068518293,314350,-2.9439230948380795,0.0
786,1.6406009197235107,1.6848389572651359,1.7542838863178365,2.812223063648756,-3.4400720716278133,0.0,0.3185274343661169,0.1,0.003011941909790039,0.047368526458740234,0.050127212,0.30876637,-1.9164419977102258,-0.11717183780186412,0.0164527902141901,0.0,400,0.1840980052947998,0.41798121774947433,0.3798585945302533,314750,-2.9518305284667035,0.0
787,1.5815496444702148,-3.181461710376267,0.05472579068614982,-3.0947469991462135,-3.3457780847273026,0.0,0.30551790063463957,0.1,0.003000020980834961,0.04845452308654785,0.050092187,0.2910484,-2.04294396897683,-0.11607260268316087,-0.03193735173663785,0.0,400,0.14614009857177734,2.915938591078932,0.0362168804754212,315150,-2.9601493178937552,0.0
788,1.565321683883667,-0.9295483889533646,2.7130086797950095,2.9684725761936237,-3.355299058003858,0.0,0.3247337880643847,0.1,0.0030019283294677734,0.046976566314697266,0.04968233,0.36021358,-1.9316044109744837,-0.11663802837753874,-0.009756223737450425,0.0,399,0.15335464477539062,1.4427655033476627,0.8757376189939863,315549,-2.955558912270134,0.0
789,1.5532255172729492,-0.4132216712299481,2.8329575463177545,3.129432243353705,-3.3727298457850976,0.0,0.3037199372862711,0.1,0.003751516342163086,0.05187511444091797,0.050064508,0.35201415,-1.7797661370000302,-0.11617401812967355,-0.004556474999872752,0.0,399,0.16340160369873047,0.9350782878311201,0.8934317469246091,315948,-2.963077623025464,0.0
790,1.6162424087524414,-3.1816304276183804,0.059060739073318984,-3.0894989924055474,-3.374276142918218,0.0,0.30199684272651445,0.1,0.0020859241485595703,0.04860544204711914,0.0500332,0.27094147,-1.9199525660618653,-0.11613736909459497,-0.03194281408071247,0.0,400,0.1581099033355713,0.9471844156231739,0.007883357189642328,316348,-2.9678614826345457,0.0
791,1.573554515838623,-3.209704501969558,0.06901772461811982,-3.0886830841473145,-3.3442975724029873,0.0,0.3110941805224983,0.1,0.002249479293823242,0.05010199546813965,0.049943786,0.30329713,-2.0489277596526345,-0.11671323595585306,-0.03222062095372476,0.0,400,0.16595125198364258,0.009166092035369958,0.0038711111140471224,316748,-2.9598897778719353,0.0
792,1.587264060974121,-3.18617240378464,0.05495200117198515,-3.0899897211712397,-3.3345413366254237,0.0,0.35283937644175817,0.1,0.003258943557739258,0.05163407325744629,0.04985404,0.32575738,-2.1626522240658352,-0.11650183309766442,-0.03198761146464427,0.0,400,0.14994192123413086,0.0037330097379748065,0.00293670783722444,317148,-2.9653124339618477,0.0
793,1.6611254215240479,-3.173570555021771,0.05790529178054397,-3.0782309734136573,-3.3346556943145016,0.0,0.3417366068898559,0.1,0.002248048782348633,0.10336995124816895,0.050111126,0.31562847,-2.263744057161429,-0.11567497662403206,-0.03185818538486151,0.0,400,0.15880393981933594,0.003506131883484979,0.0030499587976367134,317548,-2.961089741970048,0.0
794,1.6208515167236328,-3.1796715980155117,0.04628508475486138,-3.1138164318385706,-3.2871229666746156,0.0,0.32857363171680226,0.1,0.003260374069213867,0.0475919246673584,0.04985506,0.32862854,-2.355336811246837,-0.11565082844187388,-0.031926625625572504,0.0,400,0.15280580520629883,0.0030873364763650073,0.002693423162842432,317948,-2.959460928346672,0.0
795,1.5858962535858154,-3.19728754640247,0.06697193880489169,-3.0975657861627237,-3.3539448660718576,0.0,0.3216437013367645,0.1,0.002250194549560547,0.04787850379943848,0.04997951,0.3081971,-2.439531884762401,-0.1166446995104836,-0.03209658220373191,0.0,400,0.1475672721862793,0.003738135082361001,0.00306297677145923,318348,-2.9522205813924574,0.0
796,1.5538935661315918,-1.3048373587338353,2.6572631320061446,2.828118501018445,-3.256886630370122,0.0,0.297623021351672,0.1,0.0022492408752441406,0.048764944076538086,0.04991778,0.5360911,-2.3260624321595444,-0.1158192135767193,-0.013508419738047237,0.0,400,0.1546008586883545,1.2527391062238449,0.8142162316180245,318748,-2.9639073060885055,0.0
797,1.5865745544433594,-3.1834645043122465,0.05878423085976553,-3.082131459933384,-3.3054755103529816,0.0,0.3243137822119418,0.1,0.0030045509338378906,0.050402164459228516,0.04998119,0.2891896,-2.4118026393748146,-0.11617130724123167,-0.03196413504140003,0.0,400,0.16385364532470703,0.45982883672923225,0.0034390640213274215,319148,-2.9575445975328476,0.0
798,1.5915331840515137,-3.2154952560721792,0.08774597537330155,-3.1118740595966243,-3.4878478503283974,0.0,0.3163698202385835,0.1,0.0030040740966796875,0.056887149810791016,0.05008571,0.3097812,-2.492171901044551,-0.11758122360988024,-0.03228216824806525,0.0,400,0.15738821029663086,0.005094054346532754,0.003547561337229614,319548,-2.9672559948843746,0.0
799,1.6006734371185303,-3.1863042729587105,0.057649393821394085,-3.094274334964059,-3.302661508477684,0.0,0.322674978107047,0.1,0.0022542476654052734,0.047884464263916016,0.050116133,0.29290703,-2.5615851382359667,-0.11712574035737716,-0.031979263118510806,0.0,400,0.15612220764160156,0.0026397029702653735,0.0021809886615273056,319948,-2.9503136397365712,0.0
800,1.6100475788116455,2.168035544004246,0.9635839172308451,3.1374424560792464,-2.289391562705075,0.0,0.33114163791282314,0.1,0.0030100345611572266,0.05637383460998535,0.049868017,0.3446398,-2.0886230700119452,-0.11550927750839148,0.021236514113225503,0.0,400,0.17699694633483887,3.04130103982383,0.16248204901341157,320348,-2.9608168818536953,0.0
801,1.5856709480285645,-3.1873130108518968,0.06465329883534467,-3.0435081007083187,-3.31131148305332,0.0,0.35315865987770473,0.1,0.002249479293823242,0.05014920234680176,0.049840212,0.29411936,-2.1984920640959404,-0.11608731440808644,-0.03199812461474341,0.0,400,0.1602182388305664,3.538124201836004,0.0445370644423972,320748,-2.9740978960038205,0.0
802,1.588623046875,-3.1934467575457024,0.0921297614277545,-3.086722824338584,-3.573963013040983,0.0,0.28832501482245043,0.1,0.003001689910888672,0.05115485191345215,0.049629405,0.25039214,-2.2979875334409168,-0.11633476086396731,-0.03206280979274348,0.0,400,0.14522266387939453,0.04517903021195425,0.006232622662114371,321148,-2.9594035256927635,0.0
803,1.6195030212402344,-3.1730784347909333,0.06959454071370764,-3.084087785494581,-3.3683727254909654,0.0,0.30333794306617967,0.1,0.003013134002685547,0.05111193656921387,0.05020426,0.28997654,-2.3854966235759183,-0.11596755733547309,-0.03186040237880319,0.0,400,0.2523653507232666,0.0071178616803820515,0.004767281680437132,321548,-2.972667796294047,0.0
804,1.6398193836212158,-3.177977225008165,0.06092073221404149,-3.1024698893882507,-3.31430380609113,0.0,0.30597073822612825,0.1,0.002257823944091797,0.04610109329223633,0.05014956,0.3232416,-2.464744683719143,-0.11602280452312314,-0.03189803521711726,0.0,400,0.148179292678833,0.0037406461290381923,0.002949525406123039,321948,-2.949060605141091,0.0
805,1.6763479709625244,-3.1639672355539608,0.0428687696266221,-3.087587421995488,-3.2846422222691043,0.0,0.3414346287771293,0.1,0.003007650375366211,0.05010581016540527,0.05007528,0.32303414,-2.534666938902625,-0.11493046506509258,-0.031765860259834265,0.0,400,0.1752936840057373,0.0024398080326689096,0.0021129607373300352,322348,-2.944846826402636,0.0
806,1.8727772235870361,-2.7150712973011513,1.4852312510394425,2.657346622779125,-3.337076217016653,0.0,0.3141785044964521,0.1,0.003757476806640625,0.05941009521484375,0.049597535,0.81102264,-2.5527073747424778,-0.11601564053848902,-0.027578959266279183,0.0,400,0.19091010093688965,0.3295986567601394,0.2990674410975983,322748,-2.9464430324270063,0.0
807,1.7593519687652588,-3.186672756502261,0.05794089271481314,-3.102873495034322,-3.3406405328867743,0.0,0.33757043431985356,0.1,0.0052492618560791016,0.060648202896118164,0.04976579,0.29941276,-2.6161039129184562,-0.11527514899698912,-0.031990495623513,0.0,400,0.19780230522155762,0.029254456318298473,0.0028663565537577445,323148,-2.9398586300381724,0.0
808,1.7250168323516846,-3.17926342746253,0.07540541215196589,-3.1033347299454013,-3.4193417488299924,0.0,0.32829832944024756,0.1,0.0030007362365722656,0.057390689849853516,0.04997301,0.2972136,-2.6724198643728636,-0.11644797097422216,-0.031920965133693684,0.0,400,0.23064041137695312,0.0040917291269180105,0.003825559730347934,323548,-2.9415474071149736,0.0
809,1.6584570407867432,-1.6769906791994251,2.343907922082321,2.425180903402412,-3.319971552577946,0.0,0.31910181337043825,0.1,0.0030066967010498047,0.05162763595581055,0.05001523,0.42158303,-2.5728769458555196,-0.1166679841272944,-0.017238096025384925,0.0,400,0.14609861373901367,1.0171740582661821,0.7131218696487522,323948,-2.9537803936546085,0.0
810,1.6152782440185547,-3.168743303659002,0.061418581706167014,-3.0744881121082956,-3.3339918492760026,0.0,0.3523551477594502,0.1,0.002250194549560547,0.05336356163024902,0.049984585,0.29924452,-2.632463581635868,-0.11615996833105471,-0.03181542053872028,0.0,400,0.16389703750610352,0.2952652182582044,0.0031343519822087064,324348,-2.9478554272913806,0.0
811,1.577742099761963,-3.206842955450991,0.0718325056650166,-3.121472353013528,-3.3614784486123988,0.0,0.3346805906363619,0.1,0.002246856689453125,0.05212998390197754,0.050119624,0.3195714,-2.68990151901738,-0.11727104564134933,-0.03219215608912582,0.0,400,0.15085887908935547,0.0037133114363300944,0.0029152366918615362,324748,-2.9553105970661457,0.0
812,1.5740642547607422,-3.2064430985493835,0.10988029531907086,-3.0707429832772126,-3.5841627200120003,0.0,0.3080576228697179,0.1,0.0022499561309814453,0.04862070083618164,0.04995043,0.30104,-2.7415556769705804,-0.11760666152116012,-0.03218765808062119,0.0,400,0.16244173049926758,0.0052043241184525565,0.0049543128873019236,325148,-2.9524259717053667,0.0
813,1.6025776863098145,2.2427279012436565,1.0075526186303905,3.0484618724108787,-2.44076219950501,0.0,0.3297548235325616,0.1,0.0022504329681396484,0.050859928131103516,0.049824428,0.2972207,-2.2431273191491568,-0.11537179906468337,0.021986610386481954,0.0,400,0.15536904335021973,2.990539519205117,0.15796312406725183,325548,-2.951663459551881,0.0
814,1.6216976642608643,-2.6852740921073193,1.5685307550681649,2.929672567221678,-3.3103887382370063,0.0,0.3221558298599895,0.1,0.00551605224609375,0.056697845458984375,0.049898162,0.57760704,-2.2873419964449733,-0.11646742585693344,-0.027294093353033965,0.0,400,0.15143513679504395,3.3254002894963284,0.32506511322683934,325948,-2.93231418654075,0.0
815,1.5844078063964844,-3.1690715659496935,0.07439417180503344,-3.064954467540139,-3.403252555028795,0.0,0.2987169484356068,0.1,0.0032536983489990234,0.05678057670593262,0.04993756,0.2990007,-2.3755149533954456,-0.11672575183944281,-0.031813691246632074,0.0,400,0.16158533096313477,0.07977461289465301,0.00663819582508161,326348,-2.949884173800588,0.0
816,1.5625624656677246,-3.156000313318428,0.07676278515769226,-3.0431830851947113,-3.405262817199043,0.0,0.3064434840377626,0.1,0.0030002593994140625,0.05062675476074219,0.050122518,0.3169521,-2.453563489387744,-0.11529173274394852,-0.03167743825928337,0.0,400,0.15196800231933594,0.0064391277309566305,0.0035011369601595766,326748,-2.940588329794328,0.0
817,1.5608394145965576,-3.161193308390096,0.043609603682493794,-3.0852483918715268,-3.260465746677904,0.0,0.3257069597263125,0.1,0.002262115478515625,0.05302262306213379,0.049664926,0.34882447,-2.524326471287979,-0.11597603204906477,-0.03173744096062723,0.0,400,0.15085768699645996,0.0030024212224030607,0.00253830765656309,327148,-2.929519681019032,0.0
818,1.6112196445465088,-3.1516270629709817,0.052756813661506176,-3.0686421458731803,-3.2642615494119545,0.0,0.3310210645991194,0.1,0.0037589073181152344,0.05000114440917969,0.05028284,0.319837,-2.5870565304562794,-0.11590791427388625,-0.031630605178913786,0.0,400,0.15369224548339844,0.002740880605573643,0.0025434864765506737,327548,-2.9285488289866914,0.0
819,1.5668597221374512,-3.1689482912303752,0.06383050196038556,-3.081410446472369,-3.326404386132304,0.0,0.33636197988644145,0.1,0.0022509098052978516,0.048664093017578125,0.050188947,0.27493224,-2.6452457065336894,-0.11591749532597602,-0.03181519425709555,0.0,400,0.1654801368713379,0.0033844867570779636,0.003065624824366413,327948,-2.919903648644076,0.0
820,1.565685749053955,-3.152465145469407,0.06193405958947383,-3.027239971593545,-3.2605610397362748,0.0,0.32470846107832574,0.1,0.0022563934326171875,0.0498661994934082,0.049981862,0.31391945,-2.6959676504272614,-0.11564037670742101,-0.031647828331084905,0.0,400,0.14942431449890137,0.0029023028745832073,0.0026656628501857686,328348,-2.9257468301988823,0.0
821,1.6014344692230225,-1.0032115540647535,2.587225369507374,2.809378280832093,-3.279311971157634,0.0,0.3168961314357065,0.1,0.0022521018981933594,0.05236649513244629,0.05004415,0.52687037,-2.5266920407910107,-0.1154116125699664,-0.010395013448245997,0.0,400,0.1618797779083252,1.423965856749271,0.8493905519336499,328748,-2.925252044449288,0.0
822,1.560103178024292,-3.1589240975230433,0.054712171573910715,-3.077265169989247,-3.292911186556956,0.0,0.3227351805662972,0.1,0.0032634735107421875,0.05314350128173828,0.04988973,0.30673873,-2.589915246464214,-0.11591600618864902,-0.03171570541427571,0.0,400,0.16651105880737305,0.602417032217281,0.00280166782617191,329148,-2.9188397313290766,0.0
823,1.6039118766784668,-3.1177438347054687,0.17372673696474092,-2.2883676279350116,-3.247972691588923,0.0,0.3358491353295594,0.1,0.002246379852294922,0.054621219635009766,0.05007539,0.46424133,-2.642698105288339,-0.11637483093368114,-0.03160800768570284,0.0,399,0.17885994911193848,0.01268769196052647,0.011319338431430407,329547,-2.911719839859613,0.0
824,1.58388352394104,1.0348306156268303,2.301739818934084,2.769709202975367,-3.221918053551892,0.0,0.2962979366898231,0.1,0.0022614002227783203,0.052359819412231445,0.049848195,0.42761752,-2.274945233196822,-0.1154493180160851,0.009894690042881137,0.0,400,0.15917110443115234,2.4480881990806336,0.6159682014666936,329947,-2.9114033037212605,0.0
825,1.6621503829956055,1.1935747848832599,2.1055748560087184,2.5781925542579027,-3.2163073396457342,0.0,0.30145482874161533,0.1,0.003000020980834961,0.05009961128234863,0.05000268,0.3200268,-1.9280932313888137,-0.1157039002993224,0.011522801386312549,0.0,400,0.16149044036865234,0.5525886958541091,0.5367475050951409,330347,-2.91637472665075,0.0
826,1.8535847663879395,1.3860101389419333,1.9206382990791413,2.8190147681528366,-3.1631367952544482,0.0,0.30822671603470353,0.1,0.0014998912811279297,0.049381256103515625,0.049971625,0.29938048,-1.596682894355739,-0.11541581156106905,0.013433379236453886,0.0,400,0.17212390899658203,0.47295002502374034,0.455291228535997,330747,-2.9225040227404753,0.0
827,1.5979423522949219,-1.3664863793306117,2.547850964155847,2.529655353842263,-3.2772397379883964,0.0,0.328271927365314,0.1,0.0025098323822021484,0.04986119270324707,0.04994464,0.3441801,-1.5736632428532262,-0.11622761490718407,-0.014115571020861735,0.0,400,0.20151519775390625,1.6712307459409752,0.826756943259356,331147,-2.9227024871598632,0.0
828,1.5391359329223633,1.6504406512269396,1.7190796445591832,2.92863435973055,-3.1688357508054006,0.0,0.30840932315237796,0.1,0.002508878707885742,0.054143428802490234,0.050003793,0.28842086,-1.2512528534452096,-0.11515601040062619,0.016066765380399223,0.0,399,0.21454429626464844,1.278682047523301,0.38302903083445594,331546,-2.938836922496196,0.0
829,1.591282606124878,1.9462576651916033,1.4076385767777115,3.029541836341692,-3.1178047438630463,0.0,0.2978924374553684,0.1,0.003259897232055664,0.05214977264404297,0.05025092,0.2995345,-0.9315018015815285,-0.11494855373146372,0.01903475113444477,0.0,400,0.1793522834777832,0.27189939714581235,0.23924329453111012,331946,-2.903821890814277,0.0
830,1.6723337173461914,-1.8206589894289684,2.339182105564578,2.7302700633231574,-3.3802992701607724,0.0,0.3201977710837275,0.1,0.003769397735595703,0.04861259460449219,0.049840428,0.3587168,-1.0204175203662726,-0.1152865663188828,-0.0186780320455585,0.0,400,0.15455937385559082,2.3948031202837874,0.7032168069604151,332346,-2.921240258145871,0.0
831,1.5938079357147217,-3.1566921932082708,0.07591385294234977,-3.068955625308494,-3.3561418270517187,0.0,0.29597537529822854,0.1,0.0022497177124023438,0.05085015296936035,0.05032589,0.2800819,-1.2340449876504724,-0.11581952994140149,-0.03169687569534852,0.0,400,0.1538834571838379,0.2705978951423974,0.008620877484851576,332746,-2.911481365940492,0.0
832,1.6327290534973145,-1.7873755549748116,2.390585238706286,2.8307932528293183,-3.339250260177802,0.0,0.31856623684334706,0.1,0.001499176025390625,0.05862998962402344,0.049917027,0.40636963,-1.2893780443829064,-0.11562454921454186,-0.018306367134033698,0.0,400,0.17805194854736328,0.9613944452682909,0.710747766824426,333146,-2.91100817749873,0.0
833,1.6117279529571533,-1.8745026837535768,2.2144956674999046,2.420315663503365,-3.2293374790061407,0.0,0.32058406588121735,0.1,0.0017540454864501953,0.05338740348815918,0.050180368,0.41381568,-1.3478905083199735,-0.11544083063297539,-0.019213865279176772,0.0,399,0.15738344192504883,0.6767091393541972,0.6646994740367653,333545,-2.9141225901966026,0.0
834,1.670919418334961,1.9391808250693991,1.4308773829977568,2.9837260530971856,-3.2207745635153495,0.0,0.30935969993612017,0.1,0.0014994144439697266,0.0611569881439209,0.049980845,0.34396517,-1.0191833749810362,-0.11581066897987319,0.018960537738969073,0.0,400,0.15858745574951172,1.7567027953363998,0.26580124825242496,333945,-2.9199247724044453,0.0
835,1.6281154155731201,1.6445552306198212,1.6769018080214781,2.7516128220144855,-3.1579058345623054,0.0,0.3202214405815296,0.1,0.003011941909790039,0.07427096366882324,0.050069567,0.27824104,-0.7528095144209503,-0.11556801374418248,0.01598261166528669,0.0,399,0.160933256149292,0.3484659678187112,0.3347450141898551,334344,-2.928089070799161,0.0
836,1.5804214477539062,2.15406812116151,0.9670156018222529,2.7626031778109663,-2.3591797744012744,0.0,0.32544837888202977,0.1,0.002256631851196289,0.04651165008544922,0.050110627,0.23438957,-0.46212175086270435,-0.11521197910326343,0.021090053534107936,0.0,399,0.16352033615112305,0.17058187457080953,0.14341085606738874,334743,-2.9325433529574876,0.0
837,1.5955479145050049,1.9399969385258549,1.4096922728410781,2.7717329467062877,-3.1748510043043203,0.0,0.32194809532775037,0.1,0.0032613277435302734,0.050363779067993164,0.05024943,0.21174563,-0.22190988192384845,-0.11460243955548968,0.01892171794638193,0.0,399,0.15697860717773438,0.2412297143186364,0.23142799999474006,335142,-2.9179114824018226,0.0
838,1.5881078243255615,-3.16475697680605,0.047473659302322335,-3.0875528501675564,-3.2761965820823327,0.0,0.3040182762988871,0.1,0.0022530555725097656,0.04689359664916992,0.049903013,0.3213528,-0.5161945914120686,-0.11533808041099199,-0.03177527784766797,0.0,400,0.1566929817199707,3.4804638139565487,0.012663722735175634,335542,-2.9128767739234918,0.0
839,1.6137495040893555,-3.1808449029413124,0.10946682232515799,-3.071397775483917,-3.5389460014184246,0.0,0.3069640525905781,0.1,0.003004789352416992,0.055803775787353516,0.050755385,0.2769943,-0.782659622564993,-0.11689041977558874,-0.0319337415303582,0.0,400,0.16120171546936035,0.01624759454473218,0.008171470530607072,335942,-2.915078919247228,0.0
840,1.5858030319213867,-3.1693443121384233,0.08167127257766452,-3.04130972720712,-3.3506076695707216,0.0,0.334354981185631,0.1,0.0025043487548828125,0.04662203788757324,0.050165754,0.3006908,-1.021328091522336,-0.11693221510092792,-0.03182198396879113,0.0,400,0.14464354515075684,0.0072212774465674106,0.005799662490266256,336342,-2.9390223219689307,0.0
841,1.5603506565093994,-3.14005832339685,0.05322004532440797,-3.0456941240997706,-3.2699351026918224,0.0,0.3516748871755978,0.1,0.0022499561309814453,0.04837393760681152,0.04989525,0.2922911,-1.2332011147097874,-0.11582840897890247,-0.031528285258851166,0.0,400,0.15771245956420898,0.0037697355302399828,0.0032673761324019707,336742,-2.9167959910775947,0.0
842,1.5565550327301025,-3.164618356907174,0.06671176092118758,-3.0666602060227226,-3.3398697620825812,0.0,0.3407735519185175,0.1,0.0025064945220947266,0.051637887954711914,0.050027963,0.3227667,-1.426342838929526,-0.11616381502400007,-0.031774219031238615,0.0,400,0.16149044036865234,0.004499677568696742,0.00382238613924081,337142,-2.9237630220038637,0.0
843,1.5985605716705322,-3.1747171186922056,0.09580679896524395,-3.0655932249019537,-3.5241220618826152,0.0,0.3259284475353947,0.1,0.0022504329681396484,0.05167269706726074,0.050046228,0.29365402,-1.601180266905794,-0.11611426065600855,-0.03185797460058953,0.0,400,0.15619325637817383,0.007067613741807199,0.006585948444544043,337542,-2.935536602807878,0.0
844,1.5619664192199707,-3.1756345486493602,0.06199466438304358,-3.09273398500684,-3.3200678069483525,0.0,0.31866804994501036,0.1,0.002256155014038086,0.04811978340148926,0.050253574,0.3459376,-1.7586256950801507,-0.1165020572683433,-0.031887047672483855,0.0,400,0.15664029121398926,0.0043184918133519655,0.0038449663523229083,337942,-2.9433819452300694,0.0
845,1.685945749282837,2.1839028068082436,0.9648508744317198,2.815409197957928,-2.4167288984889086,0.0,0.29616668284994285,0.1,0.0022635459899902344,0.05490756034851074,0.050484467,0.42419446,-1.3643728448913113,-0.11482617568135839,0.021403652072205494,0.0,400,0.18270230293273926,3.1457717823918547,0.13782642834257583,338342,-2.937615996139292,0.0
846,1.573657751083374,-3.14676183112741,0.054298217795290225,-3.012879947460579,-3.2650857898663648,0.0,0.3109529558682409,0.1,0.003000497817993164,0.046163320541381836,0.050100245,0.30817303,-1.5426117435149211,-0.11586253454103072,-0.031592969296921965,0.0,400,0.22119736671447754,3.5551727356372496,0.02920944350728655,338742,-2.935693910294574,0.0
847,1.585465431213379,1.9869450239242261,1.4173859104613855,3.011134562980618,-3.0986176760557558,0.0,0.31310523243371324,0.1,0.0025110244750976562,0.04758262634277344,0.05016626,0.2907648,-1.1896560667710063,-0.11571888445036088,0.01948978247997342,0.0,400,0.1663515567779541,2.856364080238245,0.2604192385413684,339142,-2.9366954257305258,0.0
848,1.6184701919555664,-3.1490744056460915,0.05578053883224921,-3.0536599279420193,-3.288657753559759,0.0,0.339440828361844,0.1,0.002251148223876953,0.04960179328918457,0.050064918,0.29230192,-1.385597900658515,-0.11550233168498107,-0.03160441336464678,0.0,400,0.15367746353149414,3.2278865747014014,0.04709542623426639,339542,-2.9357552556424205,0.0
849,1.6944129467010498,-3.164685603002513,0.0846201146372356,-3.07590763545009,-3.4401582828733845,0.0,0.2911732468737113,0.1,0.0030040740966796875,0.05937528610229492,0.049632918,0.2615978,-1.5635066708929148,-0.11545332897042197,-0.031767927317073556,0.0,400,0.3234107494354248,0.04969367886849296,0.009521919682355363,339942,-2.922186415406876,0.0
850,1.7186384201049805,-3.181623751674992,0.06700205146559136,-3.0825031836139907,-3.3533285858891317,0.0,0.3678554809311724,0.1,0.0022492408752441406,0.056665658950805664,0.049974035,0.28544483,-1.7253183789711226,-0.11765998192584862,-0.03194416752407929,0.0,400,0.17182159423828125,0.009760439770592603,0.005600377571514003,340342,-2.9253494015227646,0.0
