iteration,time_sampling,stoc_pol_mean,stoc_pol_std,stoc_pol_max,stoc_pol_min,rollout_success,alpha,delta,time_vpg,time_npg,kl_dist,surr_improvement,running_score,rwd_sparse,rwd_dense,success_percentage,num_samples,time_VF,VF_error_before,VF_error_after,env_samples,eval_score,eval_success
0,6.3720927238464355,-46.228621205417255,10.46318127605892,0.612127333018747,-69.20332257964364,0.0,0.09856119456217957,0.01,0.031514644622802734,0.10152077674865723,0.0049050227,0.10276183,-46.228621205417255,-0.19717069153809866,-0.46241767032809633,0.0,2510,0.36554598808288574,0.9998483574180059,0.3186764415823608,2510,-25.38742321740919,0.0
1,6.622265100479126,-46.616818574880284,9.093575067508295,0.7277316143708621,-70.05420356031478,0.0,0.12166548336547253,0.01,0.004999399185180664,0.10851573944091797,0.0051901033,0.08150836,-46.26744094236356,-0.19739108943805297,-0.46628947750660377,0.0,2547,0.43520617485046387,0.3155709311226256,0.20996211112667712,5057,-25.87697980435164,0.0
2,6.618298292160034,-47.978149167097634,8.328515674297265,-3.9668459125193083,-69.4364621203802,0.0,0.1267112407955085,0.01,0.00599980354309082,0.11252355575561523,0.0049576694,0.07691886,-46.43851176483696,-0.20283007640381595,-0.47992421165831456,0.0,2549,0.42438483238220215,0.21043359060342431,0.09155908608041861,7606,-25.821182255065224,0.0
3,7.638342618942261,-46.14875491624514,9.867052389015619,-0.24137678176349542,-67.1615392003736,0.0,0.12720869873956966,0.01,0.005998849868774414,0.11351633071899414,0.0054376824,0.080306984,-46.409536079977784,-0.19552611583441654,-0.4616199798626175,0.0,2525,0.377612829208374,0.09557041486444513,0.04242514317499101,10131,-25.26686076030399,0.0
4,6.056729316711426,-45.95152958127225,8.288029779953257,-14.62014749008042,-66.8532248859121,0.0,0.12572818939570857,0.01,0.006000518798828125,0.11951684951782227,0.004948019,0.07929157,-46.363735430107226,-0.1920715427774649,-0.4596951281713541,0.0,2560,0.4797074794769287,0.037662511642801905,0.03306002874656844,12691,-25.19874351820668,0.0
5,6.259098529815674,-46.36137553635647,8.246767187297323,0.5609501534464144,-66.21591118608575,0.0,0.12390151867507361,0.01,0.008005142211914062,0.13303470611572266,0.0051061627,0.086375676,-46.363499440732156,-0.1947129884398523,-0.463719865218781,0.0,2547,0.40558624267578125,0.029108777178799526,0.027424541522950804,15238,-25.617462495272747,0.0
6,8.320329189300537,-44.43299596582857,10.05988139890761,0.565873385744776,-66.31930298418929,0.0,0.1347503738125352,0.01,0.003999471664428711,0.10877108573913574,0.005173992,0.08341921,-46.17044909324179,-0.1872106510371434,-0.4445208945391485,0.0,2524,0.5295639038085938,0.042900117091277855,0.039158195388634534,17762,-25.658395595429777,0.0
7,6.574622631072998,-45.94739271970042,8.045569409319652,-0.5242179311930253,-60.975476464305856,0.0,0.12441375128531251,0.01,0.004998922348022461,0.0955195426940918,0.005002337,0.08669006,-46.148143455887656,-0.1927356290848321,-0.4595990379474303,0.0,2548,0.3986506462097168,0.029145853085408388,0.0266378803685333,20310,-25.61436544462971,0.0
8,6.3870766162872314,-44.62256243467998,9.483362646209601,0.4649325937862404,-62.19920251383347,0.0,0.13033788236649274,0.01,0.004998683929443359,0.0985109806060791,0.005052441,0.09004597,-45.99558535376689,-0.188726541665375,-0.4463153857614882,0.0,2533,0.37656259536743164,0.033321157330016095,0.0310813060384925,22843,-25.60957410830651,0.0
9,6.151183366775513,-43.84073494078903,8.733281616308519,0.4768294732428513,-66.66163524259574,0.0,0.1255168074782497,0.01,0.00600123405456543,0.12752008438110352,0.005134466,0.086884044,-45.78010031246911,-0.18246759112670477,-0.43853750992469936,0.0,2547,0.46857309341430664,0.03219199451365842,0.03071098881829447,25390,-25.337857312741512,0.0
10,6.741461992263794,-43.39528105540759,8.585593989263307,0.41132828565055646,-62.6962038982829,0.0,0.13631952479183018,0.01,0.006516933441162109,0.11153602600097656,0.005085777,0.07776264,-45.541618386762956,-0.17910732105687246,-0.43404914068834133,0.0,2547,0.4975314140319824,0.03227360051414932,0.03093003492658918,27937,-25.394417255251003,0.0
11,7.1719114780426025,-42.87052061358364,7.987954812037953,-18.073052017769452,-64.52407420048628,0.0,0.13461294992105854,0.01,0.008374691009521484,0.1366734504699707,0.0050457423,0.076987155,-45.27450860944503,-0.17702989811654377,-0.4288769473215154,0.0,2560,0.4442620277404785,0.03159071542391119,0.030425182113709225,30497,-25.20791540828968,0.0
12,6.112240791320801,-41.947836942740295,10.474036975335856,0.228722106743957,-60.54254903768807,0.0,0.13698909314734542,0.01,0.0030007362365722656,0.09351825714111328,0.005145438,0.08625266,-44.94184144277455,-0.17495326421075613,-0.41958264606296297,0.0,2515,0.34965014457702637,0.04452077297261859,0.04265992778155796,33012,-25.24405868158888,0.0
13,6.511695146560669,-41.44341696456243,10.168114273149667,0.6271974293954159,-61.74091653367922,0.0,0.14197981355335773,0.01,0.005001544952392578,0.12413644790649414,0.005256063,0.07925108,-44.59199899495334,-0.17264855325913225,-0.4145797567366297,0.0,2495,0.42294788360595703,0.03782163404103194,0.03668558442614302,35507,-25.3158691627387,0.0
14,6.465014219284058,-42.58177195141955,8.734038609906762,0.8368839630470905,-56.727314671297904,0.0,0.1387545339671094,0.01,0.004998207092285156,0.09151339530944824,0.0051472397,0.07987939,-44.390976290599966,-0.17541479974846622,-0.42599785037555904,0.0,2538,0.36081910133361816,0.03299217882532025,0.03204494948348546,38045,-25.510929057562514,0.0
15,6.626252174377441,-40.50942118915539,9.648028938012871,0.8966473358700382,-56.14346800271119,0.0,0.13984695991607796,0.01,0.005998849868774414,0.12156152725219727,0.005104983,0.07892808,-44.00282078045551,-0.16720663788526835,-0.4052264500208057,0.0,2534,0.4457261562347412,0.04246844600125622,0.039060566544194424,40579,-25.200154636647106,0.0
16,6.307033061981201,-41.213193997272356,10.520386130322978,0.41528637030927973,-65.42324013671445,0.0,0.1378828708778642,0.01,0.005999565124511719,0.14106392860412598,0.005043815,0.080136165,-43.72385810213719,-0.17041228768799926,-0.4122406828749218,0.0,2523,0.4237644672393799,0.044065418333440846,0.04223410168545888,43102,-25.15619599808701,0.0
17,6.579587936401367,-40.86319121164057,8.583008177570198,0.5028383826688256,-55.54379421456739,0.0,0.13522392173944395,0.01,0.007998943328857422,0.13057899475097656,0.0051515303,0.080509946,-43.43779141308753,-0.1667876538045491,-0.4087892497014245,0.0,2547,0.39759349822998047,0.03435928219129088,0.033073409699707575,45649,-25.12648355197522,0.0
18,6.683046102523804,-39.552186611744006,9.810835170929495,-0.38388714755266395,-59.347643177548186,0.0,0.1430154477535766,0.01,0.00500035285949707,0.11251616477966309,0.0051060766,0.0744106,-43.04923093295318,-0.16211417398849756,-0.3956796668681797,0.0,2537,0.38791704177856445,0.04659874697800215,0.04457813955559501,48186,-25.145038861472365,0.0
19,5.783411026000977,-38.961075870393486,9.868512028891837,0.37656497811285317,-63.755041673556434,0.0,0.14550656557935449,0.01,0.0050008296966552734,0.1194756031036377,0.0049662567,0.075932875,-42.64041542669721,-0.15960625585598215,-0.38974280409012085,0.0,2522,0.3515923023223877,0.04198208201048601,0.04057718894231344,50708,-25.28206047390993,0.0
20,5.7064995765686035,-37.88379884821202,11.453970011924632,0.552652169741799,-62.57695804612439,0.0,0.14383058090284156,0.01,0.005001544952392578,0.09151840209960938,0.0050913654,0.07473755,-42.16475376884869,-0.1568556700919489,-0.37897789548752864,0.0,2496,0.3805980682373047,0.0586962026264466,0.0567745479892589,53204,-25.124365089726062,0.0
21,6.112604856491089,-38.07519333964893,10.75036385702822,0.8678434581690371,-56.58732855003286,0.0,0.14377500470415133,0.01,0.004999637603759766,0.1080925464630127,0.005072982,0.07638183,-41.755797725928716,-0.15631657391193993,-0.38088671356328074,0.0,2511,0.4424111843109131,0.05411150162823912,0.05155814206110667,55715,-25.541677380348155,0.0
22,6.690035104751587,-37.199039495124794,10.753596208487492,0.5585922561271064,-54.74699417634485,0.0,0.1445231546973905,0.01,0.0050013065338134766,0.10212469100952148,0.0050473236,0.07309116,-41.300121902848325,-0.15355356253120458,-0.3721925623350814,0.0,2513,0.4092409610748291,0.056708393924886746,0.05478693626736709,58228,-25.462104099460262,0.0
23,6.076621770858765,-37.37893463759846,9.75970589864014,-0.7661190590946059,-56.856939260089476,0.0,0.14401113560551615,0.01,0.004999399185180664,0.09851312637329102,0.005088971,0.07445706,-40.90800317632334,-0.15095575140250928,-0.37399725376781073,0.0,2531,0.362562894821167,0.051370426755278635,0.04944324862101007,60759,-25.322946915936,0.0
24,5.7985618114471436,-36.05134452564762,10.780583754907848,0.5429643248076177,-57.13031425506996,0.0,0.14634207803967808,0.01,0.004999399185180664,0.09251737594604492,0.005120057,0.07407912,-40.42233731125577,-0.14613960155944256,-0.3606761148660469,0.0,2496,0.36708855628967285,0.06239500976875455,0.05976481237134076,63255,-24.81589137362686,0.0
25,5.809998273849487,-35.68695980313721,10.767322902316442,0.5611353566569524,-55.75515862186574,0.0,0.14892844075064213,0.01,0.004001140594482422,0.09190678596496582,0.0050228843,0.07222968,-39.94879956044391,-0.14610888996362473,-0.35701998766564014,0.0,2495,0.36106085777282715,0.057935745143445586,0.05625987850285302,65750,-24.85673180246279,0.0
26,6.387011528015137,-36.501497545043684,9.893841819299142,0.84993282715971,-60.78579695340436,0.0,0.14421020883331187,0.01,0.004999637603759766,0.09151721000671387,0.0050459816,0.072532445,-39.604069358903885,-0.1486353405966841,-0.365216842185046,0.0,2533,0.3967275619506836,0.055193380642931875,0.05317925308897268,68283,-24.813874678745314,0.0
27,6.013092756271362,-35.33169699697106,10.310748542363365,0.5041128728850982,-58.54340137740952,0.0,0.14507999582667452,0.01,0.003998994827270508,0.10396790504455566,0.0051502,0.07400111,-39.1768321227106,-0.14360996712639668,-0.3534856221051421,0.0,2502,0.4375803470611572,0.062213495341565374,0.059008307265547566,70785,-24.605535531458106,0.0
28,6.400867700576782,-35.20097453469986,10.212962633965315,-1.389908169013453,-57.37195112355864,0.0,0.1486045414857881,0.01,0.004000425338745117,0.09351563453674316,0.0050130044,0.069494665,-38.77924636390953,-0.14111071362521893,-0.3521775260274226,0.0,2549,0.36226701736450195,0.06154821666835875,0.05872170581769799,73334,-24.632545640687255,0.0
29,5.766566276550293,-35.6071783467865,10.150621870480046,0.5827130483759666,-54.6842703317088,0.0,0.1445655277572224,0.01,0.0050008296966552734,0.09350299835205078,0.0050257915,0.076365925,-38.462039562197226,-0.14395393443681964,-0.3561841830597055,0.0,2511,0.3631598949432373,0.057040490249171384,0.05381019104488448,75845,-24.59989416283538,0.0
30,5.880223989486694,-35.15324922071733,9.90793257628605,0.22866145636669888,-57.436745771102814,0.0,0.1424255035898267,0.01,0.004762411117553711,0.09451508522033691,0.005093786,0.074168466,-38.131160528049236,-0.14121962159326895,-0.3516862008626479,0.0,2548,0.36107802391052246,0.05763822508231818,0.05506035762714127,78393,-24.418073192263627,0.0
31,6.473744630813599,-32.987636412559915,10.607250776091176,0.7005325055016145,-54.41421851936856,0.0,0.15008076726803685,0.01,0.005999088287353516,0.10352230072021484,0.0050084055,0.070144236,-37.61680811650031,-0.13421386343298156,-0.33007727159176753,0.0,2530,0.3948674201965332,0.08032798302948599,0.07296847792138059,80923,-24.364989923982982,0.0
32,6.483670473098755,-33.83072832728519,9.492043858062408,-9.207556362647223,-51.68438870263292,0.0,0.14909149280148587,0.01,0.006999492645263672,0.12603187561035156,0.0050462214,0.069400035,-37.2382001375788,-0.13412497930762152,-0.33861325529859976,0.0,2560,0.4116337299346924,0.06850606961339366,0.06589494472244446,83483,-24.38229653113038,0.0
33,6.481012582778931,-33.726068518958385,9.972828137006626,0.5618633025758015,-51.42631356326811,0.0,0.15198926456898657,0.01,0.005000591278076172,0.11551594734191895,0.004987492,0.0683859,-36.88698697571676,-0.13564195610278232,-0.3374637318491207,0.0,2535,0.4271240234375,0.06279751939428001,0.060450129049829486,86018,-24.526896950069787,0.0
34,6.386992692947388,-33.244422732850666,10.327681074289792,0.5474084077647163,-56.01417794216588,0.0,0.14959835166130622,0.01,0.004004716873168945,0.11351561546325684,0.005058687,0.070476726,-36.52273055143015,-0.133749115365189,-0.3326483346549132,0.0,2511,0.3945808410644531,0.06163989715983645,0.0588972357098873,88529,-24.504981541290427,0.0
35,6.437609672546387,-32.59775898542315,9.692636984407832,0.5071639955337928,-49.40531471875018,0.0,0.14791104411746664,0.01,0.003999233245849609,0.11652874946594238,0.005117288,0.07205282,-36.13023339482945,-0.1301404153058719,-0.326112813431008,0.0,2517,0.40021252632141113,0.06617189767290654,0.0631589126953503,91046,-24.4428548066807,0.0
36,6.0492613315582275,-32.01760373639304,10.291133686521622,0.6793770970671509,-49.22273956023593,0.0,0.15161773856254945,0.01,0.00400090217590332,0.0945272445678711,0.0050160503,0.068290286,-35.71897042898581,-0.1289200535826617,-0.32036913653799826,0.0,2529,0.36830878257751465,0.08196739498422627,0.07826193768520578,93575,-24.356040071327676,0.0
37,6.018153429031372,-30.494173244046983,11.323624055970285,0.5582234067823592,-52.352290722844174,0.0,0.15236508479645516,0.01,0.004000186920166016,0.09372496604919434,0.0050537838,0.07137108,-35.196490710491936,-0.12428809265312006,-0.3051405855349495,0.0,2467,0.35354161262512207,0.08305839297944004,0.07869561421472789,96042,-24.43905636059717,0.0
38,5.617308139801025,-30.28830019351077,11.925403196464128,0.6704762360114126,-45.72080573360014,0.0,0.1492235754213634,0.01,0.004002809524536133,0.08802056312561035,0.005049895,0.0715773,-34.70567165879382,-0.12440275528158673,-0.30319076863771977,0.0,2451,0.3525419235229492,0.09859992356502484,0.094943186376643,98493,-24.14597053745659,0.0
39,5.782544374465942,-31.668896627193703,10.021254395030967,0.40925476121538984,-50.46956738892932,0.0,0.15423403691276025,0.01,0.003999948501586914,0.09051847457885742,0.0050450903,0.067034505,-34.40199415563381,-0.12577820249789426,-0.3168984248798966,0.0,2536,0.3464474678039551,0.06846131769439653,0.06444967546115185,101029,-23.89188305468039,0.0
40,5.685400724411011,-30.46538605745735,10.98818448301377,0.6294003942910835,-52.14543853540061,0.0,0.1496736053583713,0.01,0.003998994827270508,0.09063839912414551,0.0050335936,0.06986153,-34.00833334581616,-0.12395357818388524,-0.30496225269149857,0.0,2499,0.3530552387237549,0.08574150787427143,0.08235374839189367,103528,-23.776681850447424,0.0
41,5.697634696960449,-30.064028468879087,10.63668813728096,0.6523730344725511,-48.351655052098074,0.0,0.1526006549355556,0.01,0.005510568618774414,0.09400606155395508,0.0050900783,0.068728454,-33.61390285812246,-0.12327022647748873,-0.3008058521228631,0.0,2500,0.3624448776245117,0.07935143539003776,0.07450313516219462,106028,-23.761617489584207,0.0
42,5.642509460449219,-29.962451122571395,11.185195537854002,0.5604531747549348,-47.24925020694064,0.0,0.15131709875758842,0.01,0.003999471664428711,0.09170413017272949,0.005028391,0.0698967,-33.24875768456735,-0.12295133909331231,-0.29979020203947215,0.0,2491,0.34357452392578125,0.0909339905232044,0.08593575714031029,108519,-23.255312860383437,0.0
43,5.637484073638916,-29.024831422946384,11.24171020437582,0.4981924293600061,-47.33090575920255,0.0,0.149525522753748,0.01,0.004998922348022461,0.0925135612487793,0.0052328245,0.07266773,-32.82636505840526,-0.1201004284728457,-0.290424136583594,0.0,2470,0.35055088996887207,0.08867609088380105,0.08492753034766261,110989,-23.079794478624564,0.0
44,7.046394109725952,-29.52180642524784,11.185097322944726,0.5440229432531795,-50.98133260607756,0.0,0.155966625848477,0.01,0.004737138748168945,0.09670734405517578,0.0050609554,0.066121995,-32.49590919508952,-0.12066956785532904,-0.2953564187290948,0.0,2489,0.35257959365844727,0.09492319929535879,0.09070980762911504,113478,-22.675483176387793,0.0
45,6.107498407363892,-29.57563583473447,10.916989650930507,-0.3582426790628349,-47.31357619488858,0.0,0.16812488040519122,0.01,0.0040013790130615234,0.0905144214630127,0.0050406265,0.061467133,-32.203881859054015,-0.1192224234099426,-0.29597123366279454,0.0,2529,0.35305047035217285,0.09464907319743386,0.09071270279817246,116007,-22.676342801709897,0.0
46,5.637199878692627,-27.586195568278942,11.900279141933371,0.7248072959736616,-50.60749203743016,0.0,0.15974182496213182,0.01,0.004000425338745117,0.0925147533416748,0.0051465514,0.06674497,-31.74211322997651,-0.11586363945908262,-0.27605332668810245,0.0,2475,0.3497340679168701,0.12004258073417585,0.11369698944204262,118482,-22.492279360889484,0.0
47,5.677577018737793,-28.023416058584758,11.458111316990841,0.7571562472895046,-45.07015667554484,0.0,0.16101590536522337,0.01,0.003999471664428711,0.09340429306030273,0.005113609,0.0651748,-31.370243512837337,-0.11583325249383578,-0.28045180007105935,0.0,2489,0.35633277893066406,0.0961529938775489,0.09058562426716182,120971,-21.731314397909685,0.0
48,5.760796070098877,-27.73039860916986,10.689162928309134,0.45333883488989335,-47.261100051153356,0.0,0.15891332023161833,0.01,0.004503965377807617,0.09352350234985352,0.0050667,0.06528653,-31.006259022470587,-0.11468778676250732,-0.2775095349338881,0.0,2509,0.34975481033325195,0.09728875316250424,0.09340208399884573,123480,-21.458723932959145,0.0
49,5.587306499481201,-28.012108518957767,11.581535423483587,0.6278654251571584,-49.303166415921936,0.0,0.15906721148630104,0.01,0.005000591278076172,0.09351706504821777,0.005098404,0.066797785,-30.70684397211931,-0.11686972141159886,-0.2802962536439539,0.0,2462,0.33907508850097656,0.0994554747207327,0.09444847418804442,125942,-21.183503350881445,0.0
50,5.5764994621276855,-27.406016201868557,11.56466822654053,0.5696243049212163,-46.841518028419515,0.0,0.15781329833050503,0.01,0.004500627517700195,0.08500957489013672,0.005229083,0.06754711,-30.376761195094232,-0.11484667433942368,-0.27425590420587953,0.0,2452,0.3345980644226074,0.10107252500709893,0.09613859894916396,128394,-20.597235052279025,0.0
51,5.719875812530518,-26.246836984267183,11.20790347789754,0.62758799145364,-42.746455325436294,0.0,0.16330835601815116,0.01,0.005001068115234375,0.08951449394226074,0.0051493105,0.0652741,-29.963768774011527,-0.11069567329973835,-0.2626481651879983,0.0,2478,0.3513517379760742,0.09306003517615012,0.08718574643878647,130872,-20.31507042274689,0.0
52,5.538522958755493,-25.683544856992096,12.176210574719663,0.7576061934806027,-44.279540332554625,0.0,0.1670891462623373,0.01,0.003999948501586914,0.12676644325256348,0.0051490446,0.06329775,-29.535746382309586,-0.11166482818092312,-0.25714106289532446,0.0,2435,0.36092495918273926,0.1312058179285796,0.12556147668896242,133307,-18.79591766059081,0.0
53,5.6650230884552,-25.978252713419767,12.078052749252382,0.6623225236225585,-45.88432610827618,0.0,0.16709721033181812,0.01,0.005002737045288086,0.10752534866333008,0.0050374707,0.062292404,-29.179997015420604,-0.11175256301803475,-0.25999913475316794,0.0,2425,0.3337209224700928,0.1263068086308573,0.12087370162835263,135732,-19.09649985191829,0.0
54,5.603031158447266,-26.20758831920971,11.688096342744656,-0.5637380525280697,-48.218169873179306,0.0,0.16211350262590413,0.01,0.004998445510864258,0.08851504325866699,0.0051150615,0.06420888,-28.882756145799515,-0.11165073605121453,-0.262291254149197,0.0,2469,0.35753798484802246,0.1328895898491082,0.12659294117609768,138201,-18.483973076627333,0.0
55,5.577113628387451,-25.920431425564022,11.442650764904872,0.5818165008402336,-43.03294012883628,0.0,0.16377196360598814,0.01,0.003998994827270508,0.09151458740234375,0.0050264564,0.06386775,-28.586523673775968,-0.10902793299839626,-0.25952612094954325,0.0,2441,0.3376271724700928,0.12676828101626264,0.1208421427736753,140642,-17.975503402835265,0.0
56,5.68596339225769,-25.00174745689297,11.581092378427575,0.15016140731138372,-42.99884689326417,0.0,0.17178064218977612,0.01,0.004001617431640625,0.09248495101928711,0.00508951,0.06003145,-28.228046052087667,-0.10712247963720745,-0.2502263980161978,0.0,2484,0.34514284133911133,0.12950255407858172,0.12083847420916097,143126,-18.168146935456427,0.0
57,5.5396270751953125,-24.84398794832216,11.953333690853954,0.8318203317623184,-44.58607882030337,0.0,0.16044244740033403,0.01,0.005000114440917969,0.08751320838928223,0.0050972276,0.06439913,-27.889640241711117,-0.10684016387623618,-0.24861592395676038,0.0,2441,0.35747528076171875,0.13172530464147275,0.12512450093418878,145567,-17.461892677313813,0.0
58,5.615313768386841,-24.55901618161691,11.834893173294432,0.588161390438776,-44.229897973654104,0.0,0.17113560718550055,0.01,0.004523515701293945,0.09130263328552246,0.005165583,0.060374,-27.556577835701695,-0.10740692684970685,-0.24579597289539107,0.0,2448,0.3424038887023926,0.1387745421606384,0.1329540823200193,148015,-17.02950289307443,0.0
59,5.560835361480713,-23.68315485422168,12.094799924901613,0.7369600717258221,-50.1172864801644,0.0,0.1553881519317951,0.01,0.004000186920166016,0.09351539611816406,0.0050548203,0.067720585,-27.169235537553696,-0.10646700244975174,-0.2370362484634679,0.0,2408,0.348630428314209,0.1421604616325336,0.1359871210410161,150423,-16.461154955895104,0.0
60,7.356970548629761,-24.475579841121753,12.407498896806539,0.6189343037838884,-46.25996988662922,0.0,0.17108376854514473,0.01,0.003999471664428711,0.08551836013793945,0.005122897,0.0608066,-26.899869967910504,-0.107380953403967,-0.2449396802307957,0.0,2434,0.3473217487335205,0.13023475349793315,0.12359582309820502,152857,-16.45954703965339,0.0
61,5.8965466022491455,-23.933317677865553,11.218085372873258,0.6761141234203946,-42.61892798240122,0.0,0.16560626972688428,0.01,0.004997730255126953,0.09351944923400879,0.005150693,0.06156941,-26.60321473890601,-0.10461959841090733,-0.23950268631694457,0.0,2455,0.3515591621398926,0.14004094494961333,0.13086331581851524,155312,-16.160858575154652,0.0
62,5.88055944442749,-22.46378675140978,11.998513564246332,0.5688594274320604,-42.22883124553905,0.0,0.17081594377241954,0.01,0.0050013065338134766,0.08851385116577148,0.005103453,0.059956573,-26.189271940156388,-0.10189275321527713,-0.22485335319228078,0.0,2414,0.34589385986328125,0.15301031961621317,0.14486870056426004,157726,-15.817077263442773,0.0
63,5.762380838394165,-22.69365444709146,11.569291624948175,0.772524447008486,-42.63993279213989,0.0,0.16786322760131075,0.01,0.004509925842285156,0.09773015975952148,0.005054975,0.060927458,-25.839710190849896,-0.10194877008376249,-0.22714432165292003,0.0,2474,0.3532371520996094,0.1449295369469449,0.139271521928512,160200,-15.556236595309283,0.0
64,5.566380500793457,-21.91101357238569,12.028631801061888,0.7776583794886024,-43.017663581079205,0.0,0.16937987136753904,0.01,0.004001617431640625,0.09250926971435547,0.0051100445,0.06169351,-25.446840529003477,-0.10150032759140641,-0.21931959241682045,0.0,2372,0.3329579830169678,0.15218227458009184,0.14368236190309008,162572,-15.436866855903522,0.0
65,5.512564420700073,-21.297601187404638,12.517651685613838,0.6701319771957583,-45.37451836572891,0.0,0.1681036970093936,0.01,0.004999637603759766,0.08851456642150879,0.0051074973,0.061025113,-25.031916594843594,-0.09961415416185515,-0.2131805962386207,0.0,2381,0.33185696601867676,0.1567452875738811,0.14714365844821886,164953,-15.365555846793743,0.0
66,5.440351247787476,-21.133715295160187,12.535962149779992,0.7382033479813781,-42.048685727933105,0.0,0.163590642335792,0.01,0.004000663757324219,0.09151768684387207,0.005184835,0.06305487,-24.642096464875255,-0.0997637739607702,-0.21155898383058683,0.0,2369,0.339052677154541,0.17457393302588747,0.16413819124191323,167322,-15.344586815657323,0.0
67,5.387038946151733,-20.991197376231106,12.532936312366834,0.5498069348851993,-43.35866777068629,0.0,0.16931601189189363,0.01,0.0049991607666015625,0.08751583099365234,0.0050970647,0.060236674,-24.27700655601084,-0.0994863541436288,-0.210096350554341,0.0,2351,0.3275761604309082,0.15591955602789015,0.14384428933203636,169673,-15.41317687245962,0.0
68,5.434839248657227,-21.73237762625442,12.118845520853766,0.6994943021845875,-43.033487774949116,0.0,0.1765300544227915,0.01,0.004000425338745117,0.08914041519165039,0.0051269294,0.05882351,-24.022543663035197,-0.10033171805182158,-0.2175311679574512,0.0,2373,0.34023213386535645,0.14145188363749575,0.13294021587498897,172046,-15.377301761498302,0.0
69,5.5696375370025635,-21.666632443495537,12.195066116233619,0.7344356850637321,-40.58676853052271,0.0,0.1764925714610785,0.01,0.004999399185180664,0.09451508522033691,0.0050717937,0.05821419,-23.78695254108123,-0.09912216888007061,-0.21698122801301628,0.0,2436,0.3485565185546875,0.14197043163933204,0.13405888556243625,174482,-15.338517203722493,0.0
70,5.261199235916138,-19.47282753769254,12.801247862143278,0.6536181660301448,-42.26388766194706,0.0,0.17078092204005207,0.01,0.003998279571533203,0.08251738548278809,0.0050805956,0.060441166,-23.355540040742362,-0.09754223260070272,-0.19503803266868616,0.0,2281,0.3179183006286621,0.17571510776450064,0.15851100042180336,176763,-15.516379704908838,0.0
71,5.434597730636597,-19.484095946111374,12.432541840301338,0.6806047205623285,-44.26760682291399,0.0,0.17044488491102952,0.01,0.004003763198852539,0.08751893043518066,0.005104679,0.0602991,-22.968395631279265,-0.09639494919190264,-0.19512874606224762,0.0,2359,0.3292064666748047,0.16036776112072598,0.15154981396443806,179122,-15.481071685905443,0.0
72,5.357138395309448,-19.961824425676745,12.332255348304734,0.7486813817678246,-41.31686224799858,0.0,0.17189322296946533,0.01,0.00400090217590332,0.08251118659973145,0.0050727553,0.059580106,-22.667738510719015,-0.09748352022598543,-0.19982745041272362,0.0,2329,0.334597110748291,0.16941858409493796,0.15656683444280553,181451,-15.486847852948511,0.0
73,5.356439828872681,-19.948565949126028,12.413997399372285,0.7282172472456763,-39.07204691020879,0.0,0.17221014047729316,0.01,0.005000591278076172,0.09055852890014648,0.005146966,0.060411837,-22.395821254559717,-0.09691772563591057,-0.19977890500273032,0.0,2319,0.34004998207092285,0.14964252987324161,0.1410564894262232,183770,-15.646572853583203,0.0
74,5.209918260574341,-18.273384825843287,12.886557365541965,0.7799059991247067,-44.30425855228249,0.0,0.16239454768393577,0.01,0.004000186920166016,0.08951783180236816,0.0050983108,0.062798396,-21.983577611688073,-0.09413370083389336,-0.18303932610286822,0.0,2262,0.32854127883911133,0.1913587460288495,0.17424889023722548,186032,-15.66535624261528,0.0
75,5.322778701782227,-18.376861647012433,12.564960591285256,0.7677968594307922,-40.89520455325903,0.0,0.16771173855170904,0.01,0.003002166748046875,0.08600401878356934,0.005137119,0.060556464,-21.622906015220508,-0.09428272191730042,-0.18405895876841366,0.0,2307,0.3311612606048584,0.16184350069304568,0.15131986830370733,188339,-15.583057540660196,0.0
76,5.374111890792847,-18.952348425065793,12.640444044071838,0.710643782028149,-40.15879971988452,0.0,0.16252064306560668,0.01,0.003998756408691406,0.08951377868652344,0.0050947964,0.06182132,-21.355850256205038,-0.09465247810402963,-0.18973073629200704,0.0,2295,0.32346630096435547,0.17210276703816288,0.1595826964494096,190634,-14.850638982326284,0.0
77,5.3211681842803955,-18.434200309353095,12.676645763555873,0.6991152652835888,-44.18474308348249,0.0,0.16551797263482904,0.01,0.003999948501586914,0.09851479530334473,0.0050582336,0.06193196,-21.063685261519844,-0.09541843414907646,-0.18465148561418082,0.0,2281,0.3527710437774658,0.16963762325497414,0.1555249438171809,192915,-15.313847966829059,0.0
78,5.261838436126709,-18.211622904951234,12.85464751282572,0.7046842766450365,-46.0345370200251,0.0,0.16706659392284107,0.01,0.003999471664428711,0.08765244483947754,0.005118417,0.060327273,-20.778479025862985,-0.0948955685170424,-0.1824667562851903,0.0,2279,0.3291003704071045,0.16450454775697462,0.15277919989137184,195194,-15.887116080950165,0.0
79,5.2303924560546875,-18.69964018372375,12.867330962273936,1.138788616790325,-41.05142036621133,0.0,0.15308522127532403,0.01,0.003998517990112305,0.0845174789428711,0.005134106,0.067261994,-20.57059514164906,-0.0944934254806438,-0.1872164494741519,0.0,2277,0.32514262199401855,0.15300127783977185,0.14288659603472004,197471,-16.23786609675501,0.0
80,5.242716550827026,-17.711275617327605,12.558878372894752,0.6704026308044904,-40.25391193102065,0.0,0.16395180078273333,0.01,0.0050013065338134766,0.08806109428405762,0.0050195395,0.061341856,-20.284663189216918,-0.09234067433917803,-0.1774297181506906,0.0,2285,0.328580379486084,0.15470665577062054,0.14405750953328572,199756,-16.37368193951017,0.0
81,5.087941884994507,-16.983760401651686,12.612102212443247,0.6580666918557969,-41.024624675120286,0.0,0.16018326115328707,0.01,0.0019996166229248047,0.07351350784301758,0.005051313,0.06401908,-19.954572910460396,-0.09160767924449338,-0.1700443784234959,0.0,2244,0.2982184886932373,0.16305353312304394,0.1514148916850256,202000,-16.667631864618496,0.0
82,5.1807334423065186,-17.08815730976297,12.693007686945533,0.702992536348589,-41.010125034045835,0.0,0.1592154038594487,0.01,0.004029273986816406,0.07600235939025879,0.0051199626,0.06400748,-19.667931350390653,-0.09125276401828723,-0.17117422801383367,0.0,2284,0.29406237602233887,0.15030323491493325,0.13941400861971676,204284,-16.866176946928036,0.0
83,5.228802919387817,-17.82169152117416,12.708743944413145,0.6883451091706523,-43.52019935427549,0.0,0.16750020680498448,0.01,0.0039997100830078125,0.07851815223693848,0.0049974667,0.06003323,-19.483307367469003,-0.09276607472440103,-0.17842454416175269,0.0,2251,0.3098785877227783,0.1572030314803492,0.14307085508540526,206535,-16.376743747133734,0.0
84,5.22200345993042,-16.463123597541234,12.327834793901575,0.7076456222239245,-39.32859876659609,0.0,0.1633864803671904,0.01,0.003999948501586914,0.08951139450073242,0.0050176876,0.06182011,-19.181288990476226,-0.08972882205895163,-0.16494348738156778,0.0,2268,0.324554443359375,0.17984860327152105,0.16167200605989335,208803,-16.716155110758336,0.0
85,5.093511343002319,-16.52109789795088,12.84818347813728,0.7610490968451755,-39.40387862267687,0.0,0.16294887715488893,0.01,0.003998994827270508,0.08151674270629883,0.00511202,0.06202818,-18.91526988122369,-0.09082473744959323,-0.16551759016385184,0.0,2209,0.3050100803375244,0.16404100522978984,0.1534538996544601,211012,-17.365930091562788,0.0
86,5.23990535736084,-16.76856142527834,12.406990811015126,0.8329985800587519,-41.63132805727427,0.0,0.1711935708246517,0.01,0.005000114440917969,0.08400440216064453,0.0051051616,0.05899475,-18.700599035629153,-0.09054137934659216,-0.16799754120844268,0.0,2288,0.3135354518890381,0.13953766636068296,0.12632660065049256,213300,-17.59234565025884,0.0
87,5.226267576217651,-16.52051732626083,12.455000290804003,0.7954643394766281,-42.97396516506524,0.0,0.15952682654356926,0.01,0.003999233245849609,0.08351683616638184,0.0050526704,0.06291924,-18.482590864692323,-0.09078284550827134,-0.16551812358865292,0.0,2252,0.3144197463989258,0.15610815069859346,0.14342132433920327,215552,-17.632661661745857,0.0
88,5.1514294147491455,-16.56357841876001,12.913408080011019,0.7512335261024692,-39.159808460799674,0.0,0.15638613777791452,0.01,0.0050008296966552734,0.07951760292053223,0.005059015,0.06345689,-18.290689620099094,-0.09033923743661004,-0.16594916127892337,0.0,2222,0.3000617027282715,0.1599669676604725,0.14757537017342914,217774,-17.81636037957654,0.0
89,5.145778656005859,-16.121772969579574,12.104057138193005,0.8282420344310949,-40.354101262473186,0.0,0.1718139246095414,0.01,0.004000663757324219,0.08152031898498535,0.0050709,0.05838349,-18.07379795504714,-0.08997395526348484,-0.16153019814108496,0.0,2223,0.3055403232574463,0.14704692120758506,0.1326330188310679,219997,-16.76523621973747,0.0
90,5.173162460327148,-16.428781505886633,13.176802530458316,0.8001928044111094,-42.35989102350883,0.0,0.16804631128334407,0.01,0.004001617431640625,0.08317208290100098,0.005066863,0.059164613,-17.909296310131094,-0.0901918666140466,-0.16458081396344165,0.0,2228,0.3037540912628174,0.15010843823259248,0.1320458062697325,222225,-16.937668668132545,0.0
91,5.2683563232421875,-15.82802920367397,12.520913571990008,0.7437207724548933,-39.710423595448034,0.0,0.16837573815179716,0.01,0.004006385803222656,0.08519482612609863,0.0050601033,0.05947278,-17.70116959948538,-0.0883521174104585,-0.1585871148560275,0.0,2246,0.3151218891143799,0.1327516848439608,0.11977128208984847,224471,-16.798928000798284,0.0
92,5.112657785415649,-15.925811293201548,12.39553150677132,0.7546887928786715,-39.95156490345807,0.0,0.1687498569544914,0.01,0.0031659603118896484,0.09000778198242188,0.005034862,0.058912233,-17.523633768856996,-0.0887333158950491,-0.15961045709357596,0.0,2215,0.3076486587524414,0.13955542504799176,0.12790603999225228,226686,-17.36525185105242,0.0
93,5.056618690490723,-15.093083354706938,12.670097558034279,0.7098165089447357,-41.81303265531018,0.0,0.16843685868162592,0.01,0.003995418548583984,0.08300352096557617,0.004945803,0.058962055,-17.28057872744199,-0.08795500226557988,-0.15115314961774814,0.0,2188,0.32254576683044434,0.11852316199516906,0.10552927259257042,228874,-17.229895777109878,0.0
94,5.115114450454712,-14.578134613734989,12.076867218016645,0.7913344631131576,-39.70229287093142,0.0,0.17218729919126413,0.01,0.005003929138183594,0.08023190498352051,0.0049981032,0.059324,-17.01033431607129,-0.08662412675352857,-0.14613779431948554,0.0,2215,0.3187601566314697,0.1227871856251992,0.11157152582019564,231089,-16.167729184643918,0.0
95,5.2773566246032715,-16.119313127087167,12.08202150257889,0.80822887261581,-39.57298970232275,0.0,0.1682715853405248,0.01,0.004000663757324219,0.07951879501342773,0.005047884,0.05988898,-16.921232197172877,-0.08853943676794385,-0.16148329872539927,0.0,2239,0.3158082962036133,0.14392710568681988,0.12156897986042975,233328,-15.346101745033895,0.0
96,5.043614149093628,-15.372268457375304,12.865928895399502,0.7908873459824297,-38.82904932444586,0.0,0.16703024446415332,0.01,0.0039997100830078125,0.08259272575378418,0.0050706,0.058667436,-16.76633582319312,-0.08832433767758403,-0.15394031179815174,0.0,2175,0.30313730239868164,0.14276159043131334,0.1297828080727892,235503,-15.17146996045543,0.0
97,5.112810850143433,-15.027236114953189,12.16380139876342,0.7928109871667383,-38.959849915545256,0.0,0.16419253202957693,0.01,0.003997325897216797,0.08405089378356934,0.0050766203,0.061592467,-16.59242585236913,-0.0868840496689141,-0.1505908826136813,0.0,2206,0.3054072856903076,0.1078556343823459,0.09877624560534079,237709,-15.130204381062782,0.0
98,5.017931938171387,-15.057132779873807,12.439656534288881,0.706221808754758,-40.36279608890791,0.0,0.17364232673054802,0.01,0.00500035285949707,0.08051300048828125,0.005021643,0.057967097,-16.438896545119597,-0.08836818779164186,-0.15089507706523755,0.0,2169,0.3088672161102295,0.12744963057547964,0.11720411266885056,239878,-14.663702774240358,0.0
99,4.990050554275513,-15.243695129653593,12.179079504899674,0.8251371795647946,-39.07706560006251,0.0,0.17142004821775167,0.01,0.003998994827270508,0.07952022552490234,0.005088763,0.05899202,-16.319376403573,-0.08840427528835346,-0.15266019734258326,0.0,2133,0.28955078125,0.14026691918875053,0.12447057851687074,242011,-14.637632704847652,0.0
100,5.189665794372559,-14.684590990017067,12.135812752678326,0.9370085872283649,-38.033952364695,0.0,0.1676072336798355,0.01,0.003999471664428711,0.08352327346801758,0.0050404584,0.059824336,-16.155897862217405,-0.08546747955656245,-0.14715177368336924,0.0,2220,0.31205296516418457,0.14300891830025322,0.1281116443804934,244231,-14.33869226918716,0.0
101,5.196810722351074,-15.1806485597378,12.194898130082244,0.8260721820803822,-39.65086636881757,0.0,0.17197564765365903,0.01,0.003999948501586914,0.0865163803100586,0.0050266646,0.057936188,-16.058372931969444,-0.08692326062101904,-0.15212928686140814,0.0,2240,0.3135364055633545,0.14238552985082076,0.12969226353985727,246471,-14.226554922786045,0.0
102,4.99470591545105,-13.961556722709187,12.054200200031676,0.7972051361530643,-37.6521468139335,0.0,0.16684903234838674,0.01,0.004000186920166016,0.07713437080383301,0.0050270716,0.060961373,-15.848691311043419,-0.08521150000667498,-0.1399078765251296,0.0,2133,0.30258774757385254,0.1236196889357305,0.10925558980081718,248604,-13.909957827620755,0.0
103,5.392992258071899,-14.093402051616446,12.345335739446597,0.5817935996059297,-38.78650023153907,0.0,0.17586900985223583,0.01,0.003999948501586914,0.08367609977722168,0.005013049,0.057078473,-15.673162385100722,-0.08545861031498145,-0.14124729344091186,0.0,2182,0.31554627418518066,0.11433499859249788,0.10218977082824339,250786,-13.625825709684554,0.0
104,5.099485874176025,-14.62617216416013,12.586565888206364,0.9387114711892462,-39.48058436333401,0.0,0.17301179945124692,0.01,0.00299835205078125,0.07651114463806152,0.004989484,0.056363635,-15.568463363006664,-0.08603332136980194,-0.14657522833674946,0.0,2174,0.3114931583404541,0.13037328746949506,0.11725172225381159,252960,-13.730318477741346,0.0
105,4.951777696609497,-13.877134530310736,12.48243518999991,0.7454833477956161,-39.05592391721731,0.0,0.1709104918930903,0.01,0.003999233245849609,0.08100652694702148,0.0050296746,0.059250854,-15.399330479737072,-0.0855993409319131,-0.13897679511034883,0.0,2137,0.3039700984954834,0.0961109675167137,0.08444761582103306,255097,-13.746404100842984,0.0
106,5.062110662460327,-14.426466206998953,12.144425881644556,0.6785430381972131,-38.486350078156576,0.0,0.1643205118868665,0.01,0.0029985904693603516,0.0821526050567627,0.005083088,0.05824426,-15.30204405246326,-0.08619498604689427,-0.14458219270139933,0.0,2179,0.31084609031677246,0.1327815128852126,0.1171959167958083,257276,-13.767354099071378,0.0
107,5.115521192550659,-14.346700869997273,12.381813999025674,0.8390287137816753,-38.33344712633082,0.0,0.19312235733635108,0.01,0.0040013790130615234,0.08351755142211914,0.005009951,0.052385252,-15.206509734216661,-0.08486195155308773,-0.143685858267538,0.0,2203,0.31255459785461426,0.12488538121554056,0.10927271700923463,259479,-13.766182077725315,0.0
108,5.0894811153411865,-13.88670233456612,11.883907891464899,0.8435386729840938,-38.15024176621935,0.0,0.1686027485210046,0.01,0.004000663757324219,0.08125710487365723,0.0050154296,0.059447825,-15.074528994251606,-0.08471155125244507,-0.13918671042410138,0.0,2166,0.3031156063079834,0.09982665521972578,0.09054073004285029,261645,-14.086510309070022,0.0
109,5.051030158996582,-14.388571593854484,12.116242285108903,0.9063293441279217,-38.65996777128198,0.0,0.18987819962327904,0.01,0.004001617431640625,0.08251190185546875,0.005045162,0.051113237,-15.005933254211893,-0.08621592084822043,-0.14419235830054836,0.0,2178,0.31054234504699707,0.12064850561471055,0.10812348482115175,263823,-14.099674934933088,0.0
110,5.012301921844482,-14.426236139465015,12.058894809437747,0.68837470609371,-38.319693828074925,0.0,0.18149936661452393,0.01,0.003999948501586914,0.08443522453308105,0.0050300583,0.05516421,-14.947963542737206,-0.08629673934257212,-0.1445705155048628,0.0,2157,0.3015131950378418,0.11358505318598906,0.09909599756836034,265980,-14.074959384594138,0.0
111,5.11366081237793,-13.821740663291163,12.118995873471793,0.6714613061621753,-38.1585127348987,0.0,0.17540042896839222,0.01,0.005362987518310547,0.10518288612365723,0.0050111064,0.0568148,-14.835341254792603,-0.08363640489851659,-0.13852669411490706,0.0,2208,0.30866336822509766,0.10279124948826596,0.09239255796850951,268188,-14.13815594125482,0.0
112,5.1820197105407715,-13.77035349084699,12.464326319629444,0.7206941251528924,-38.01600638149269,0.0,0.17856718512286984,0.01,0.0029990673065185547,0.10751605033874512,0.0049813758,0.05393846,-14.728842478398043,-0.08497095240395605,-0.13802465241677506,0.0,2107,0.4159560203552246,0.12404216826989763,0.110548502814488,270295,-14.104728572198875,0.0
113,5.095631122589111,-13.834056579692515,12.253322148822395,0.8360208359689317,-38.60091697388,0.0,0.17501997043841272,0.01,0.005000591278076172,0.08124065399169922,0.005011886,0.057109106,-14.639363888527491,-0.08465279822069074,-0.13865876911274527,0.0,2154,0.30799293518066406,0.0796209021665003,0.06880471995815107,272449,-14.031749013430176,0.0
114,4.973312854766846,-14.179745074803861,12.178376206045678,0.7831148767768867,-37.90464844506102,0.0,0.1932278946947648,0.01,0.004000425338745117,0.07951688766479492,0.005068446,0.051530648,-14.593402007155127,-0.08559308129672072,-0.14211727995713447,0.0,2151,0.29401540756225586,0.09473941769892746,0.0847189364198101,274600,-14.272725499411962,0.0
115,4.95600152015686,-13.611102867347586,12.380439940756482,0.775727340586374,-37.58904827196505,0.0,0.17841756297839964,0.01,0.004508018493652344,0.07799983024597168,0.005033335,0.056248937,-14.495172093174373,-0.08461933996204497,-0.13642943517231532,0.0,2128,0.3015439510345459,0.08655322910233458,0.07440188639322559,276728,-14.2433734288112,0.0
116,5.310579299926758,-13.942496288525717,11.63229812751723,0.7956688206627948,-38.20136238199571,0.0,0.18113361533998038,0.01,0.0039975643157958984,0.08100366592407227,0.0050491723,0.05495938,-14.439904512709509,-0.08525266212954977,-0.13974534988365675,0.0,2170,0.30425310134887695,0.114043807862148,0.09510911090226831,278898,-13.843321456984565,0.0
117,5.063769578933716,-13.884658099768458,11.90112512638191,0.8054119984029514,-37.45654243115041,0.0,0.1994489520399013,0.01,0.00400090217590332,0.08451700210571289,0.00497755,0.049395815,-14.384379871415405,-0.08510606366910828,-0.13915551920878041,0.0,2159,0.29872870445251465,0.09204848591711089,0.07932264633363975,281057,-13.455928305233993,0.0
118,5.126202344894409,-13.3221953531563,12.35650431276795,0.7711220058146693,-37.83116598563063,0.0,0.17884293169212856,0.01,0.00500035285949707,0.0760045051574707,0.0050377524,0.055259466,-14.278161419589495,-0.08419503443790395,-0.13353376025761104,0.0,2073,0.2795383930206299,0.08868378182991948,0.07636605850631213,283130,-13.174330285407033,0.0
119,5.158994913101196,-13.880950778913888,11.858410313759036,0.7681770175862492,-37.29994019709547,0.0,0.1954416361219478,0.01,0.004000186920166016,0.0780177116394043,0.005035341,0.050207876,-14.238440355521934,-0.08420364839117209,-0.13911597707382867,0.0,2211,0.2995471954345703,0.1046224913108341,0.08799404288468984,285341,-13.255861040039502,0.0
120,5.070811033248901,-13.246186964118323,12.266811834398494,0.7282128176315438,-38.91347195519924,0.0,0.17853986289490512,0.01,0.0040018558502197266,0.08352160453796387,0.0050365073,0.05595625,-14.139215016381574,-0.08388826208428625,-0.1327815893525603,0.0,2156,0.303173303604126,0.08518206199678083,0.07289519332958415,287497,-13.070435149913923,0.0
121,5.016075134277344,-13.3119991765098,11.913070477799208,0.7199165521746198,-38.38376241794398,0.0,0.18030827385599293,0.01,0.004000186920166016,0.08051609992980957,0.0050205127,0.05457946,-14.056493432394397,-0.08382236070678889,-0.13343269077181233,0.0,2138,0.30321311950683594,0.09728244359332902,0.08343712292635812,289635,-12.94181728806752,0.0
122,4.99656081199646,-13.02210522511164,11.97060501353505,0.8250284964401216,-38.141888302245526,0.0,0.19322432562012962,0.01,0.0030007362365722656,0.08051276206970215,0.00495273,0.050703634,-13.953054611666122,-0.08347310826067836,-0.1305404635680149,0.0,2132,0.29992008209228516,0.09390634159895374,0.07807522561064896,291767,-13.529680372934354,0.0
123,5.077688217163086,-12.958838256860826,11.765113970244638,0.774862799850593,-37.97522667566579,0.0,0.18802013605529863,0.01,0.004001140594482422,0.08351373672485352,0.00503384,0.05285496,-13.853632976185594,-0.08333227692351768,-0.12989751866822674,0.0,2171,0.29729223251342773,0.09342389918645624,0.07689252000748123,293938,-13.311055631572401,0.0
124,5.21480393409729,-13.314064906148184,11.990035304372404,0.718493949065321,-39.99703997581398,0.0,0.18328121741523076,0.01,0.0040018558502197266,0.08101844787597656,0.004988741,0.053569857,-13.799676169181854,-0.08328244777470864,-0.13346431379750331,0.0,2196,0.303541898727417,0.09493205227353231,0.08163844100535782,296134,-13.304139691386093,0.0
125,4.979186773300171,-13.610737635702918,12.201392105523452,0.7866258068449434,-37.7624337557199,0.0,0.18190721689243547,0.01,0.004503488540649414,0.08000397682189941,0.0049916618,0.054231975,-13.780782315833962,-0.08406599609837206,-0.1364125090255068,0.0,2115,0.29705357551574707,0.08515816749154125,0.07278957251171407,298249,-13.058145795333584,0.0
126,5.006033420562744,-12.721105534011468,11.677854700522756,0.7586701415426063,-37.49766087165432,0.0,0.18581779526558972,0.01,0.004511117935180664,0.07899999618530273,0.0049924175,0.05354444,-13.674814637651712,-0.08283017660975488,-0.12756604195994997,0.0,2146,0.30637526512145996,0.09710438038625936,0.08061027759905856,300395,-12.61366382962256,0.0
127,4.906743288040161,-13.189823408061221,11.954317416281972,0.7747098519785439,-38.077381535529135,0.0,0.19849891597229882,0.01,0.0036051273345947266,0.07756972312927246,0.005004025,0.049518537,-13.626315514692664,-0.08433762225348569,-0.13224945279162265,0.0,2088,0.28319787979125977,0.08922064118630037,0.07728171374457525,302483,-12.873012103758679,0.0
128,5.010226488113403,-12.641982028716734,11.589842512045411,0.8427481197699842,-37.59539172262861,0.0,0.1889423311690974,0.01,0.005001068115234375,0.08019495010375977,0.0050162063,0.05289082,-13.527882166095072,-0.08225215577089429,-0.12673196752721477,0.0,2132,0.3298757076263428,0.09270846255873025,0.08013066501010958,304615,-13.003450077323,0.0
129,5.003926038742065,-12.481028774211172,11.406174721247224,0.7996623778179679,-37.15115754090286,0.0,0.1809200691941375,0.01,0.004003047943115234,0.0815134048461914,0.004998004,0.05577274,-13.423196826906683,-0.0827939870663997,-0.12511816067508316,0.0,2137,0.3026585578918457,0.0867437520614199,0.07403088594903574,306752,-12.89551811144894,0.0
130,5.0249786376953125,-12.768632080731017,11.546299265168088,0.75462077668407,-37.3634271381468,0.0,0.19833433756925303,0.01,0.0029985904693603516,0.08085823059082031,0.004947536,0.05026356,-13.357740352289117,-0.08246486291948932,-0.12799454925302106,0.0,2132,0.2963099479675293,0.09303361755606998,0.08038561015449179,308884,-12.763557919796193,0.0
131,4.925573110580444,-12.300856133449269,11.540993692274702,0.8530358614793184,-37.52022963934267,0.0,0.18707613309984908,0.01,0.004998922348022461,0.07651686668395996,0.0050081,0.052529998,-13.252051930405132,-0.08238384240455202,-0.12332919120192258,0.0,2078,0.28118133544921875,0.09610669759610983,0.0807965364877824,310962,-12.92956313050637,0.0
132,4.918133735656738,-12.336330588821896,11.47300342842215,0.8408128049746102,-37.54219086066476,0.0,0.18810621584319323,0.01,0.004999637603759766,0.07751798629760742,0.004983523,0.052409198,-13.160479796246808,-0.08274751165347771,-0.1236832009416878,0.0,2097,0.28705835342407227,0.07301005092357783,0.06319973413462147,313059,-12.854535207411185,0.0
133,4.936654090881348,-11.830407430117116,11.210162255477222,0.7942469894785045,-38.16393912377999,0.0,0.17575881986171338,0.01,0.0029997825622558594,0.0807943344116211,0.0050142263,0.05561531,-13.027472559633837,-0.08159695920181789,-0.11862516762406336,0.0,2111,0.29908013343811035,0.08332756848655018,0.06675452223492397,315170,-13.05845316509729,0.0
134,4.7590391635894775,-11.827727204802885,11.732973288015904,0.8486216272264266,-39.24105852271465,0.0,0.1963735649582379,0.01,0.004996538162231445,0.07800030708312988,0.005018551,0.04858542,-12.907498024150742,-0.081839186365345,-0.11859146984993382,0.0,2005,0.28870391845703125,0.08733573786037278,0.07654184145819164,317175,-13.127744551353492,0.0
135,4.903219938278198,-12.627306179479266,11.962522145067448,0.8101213707581725,-38.1294154946932,0.0,0.18630879394021982,0.01,0.00402379035949707,0.07800054550170898,0.0049970713,0.052546263,-12.879478839683594,-0.08335288742503022,-0.12658772432149576,0.0,2087,0.2965407371520996,0.08265997043731513,0.06205758667987354,319262,-12.989248789356054,0.0
136,4.956697702407837,-12.480373907093087,11.549190291997693,0.8095262230403675,-36.75615942427645,0.0,0.1860151805588625,0.01,0.002997875213623047,0.07552862167358398,0.0050062146,0.053582903,-12.839568346424544,-0.08209144058127589,-0.125089798483962,0.0,2112,0.30254292488098145,0.086127792512405,0.07065626579827892,321374,-13.515172745810954,0.0
137,4.90749454498291,-12.818049169254499,11.993698102744085,0.7155694937757074,-37.07926745608548,0.0,0.19092610554922015,0.01,0.004802227020263672,0.08526039123535156,0.0049847616,0.05177887,-12.83741642870754,-0.08309200424349283,-0.1284924916005462,0.0,2067,0.2911055088043213,0.0798191382387632,0.0649109965927398,323441,-13.481454288914245,0.0
138,4.953939437866211,-12.575142456746864,11.992369561546093,0.759810730114225,-36.718379287069475,0.0,0.17613550413119086,0.01,0.004000663757324219,0.07809972763061523,0.0050163,0.055261053,-12.811189031511473,-0.08248097470147935,-0.12610237383314335,0.0,2099,0.2935357093811035,0.07884238799893746,0.06619225520153554,325540,-13.424747129889434,0.0
139,4.9777867794036865,-12.289701704477462,11.62788851898285,0.7804054744679034,-37.0387247024932,0.0,0.1812118962991553,0.01,0.004000186920166016,0.08449053764343262,0.005031387,0.05379426,-12.759040298808072,-0.08156928553747153,-0.12322128908092707,0.0,2110,0.2995624542236328,0.06963221900078803,0.058393839119844734,327650,-13.073529903851144,0.0
140,4.986880779266357,-12.506049148749426,11.910296810481741,0.7695798713218507,-38.268704994461714,0.0,0.19386616267974977,0.01,0.0040018558502197266,0.07651662826538086,0.005005175,0.049717426,-12.733741183802207,-0.08181227208084249,-0.12537115260707352,0.0,2104,0.29033851623535156,0.09520542526633714,0.07854524005533231,329754,-13.247502308744634,0.0
141,4.940807819366455,-12.203532468010419,12.00165437534494,0.7620297178655121,-38.081653072133,0.0,0.19656825760138594,0.01,0.003000974655151367,0.07929277420043945,0.004995444,0.04998725,-12.68072031222303,-0.08178754494986455,-0.1223945345125567,0.0,2103,0.287386417388916,0.07154011280678216,0.05825642539802839,331857,-13.000696697866008,0.0
142,5.0326244831085205,-12.28593214210295,11.312648558434546,0.8466565617151486,-36.632996067005024,0.0,0.19288538210383896,0.01,0.003998994827270508,0.07951855659484863,0.005042592,0.050727066,-12.641241495211023,-0.08212350306241864,-0.12320849492899269,0.0,2127,0.29852724075317383,0.06933373084513482,0.05794715337503432,333984,-12.820991238190114,0.0
143,5.0316479206085205,-12.52315467646648,11.442233128683613,0.8227773165434149,-38.13304336089767,0.0,0.18458929220142306,0.01,0.0039997100830078125,0.08351373672485352,0.0050360416,0.053138703,-12.62943281333657,-0.08178581722685181,-0.1255457048747748,0.0,2154,0.3093724250793457,0.07490490902180984,0.058357577516412996,336138,-12.48641235292447,0.0
144,4.884945869445801,-12.489266544428542,11.987954605680793,0.6991626748691917,-36.7212494085587,0.0,0.18452449911155241,0.01,0.003998517990112305,0.08417963981628418,0.0050044544,0.054178216,-12.615416186445767,-0.08305939933566917,-0.12521141185852488,0.0,2049,0.29268956184387207,0.06795756698065863,0.05795568938504691,338187,-12.423514219368265,0.0
145,5.032423257827759,-11.485594594319439,11.474676241083113,0.8049390558284734,-36.94776778805729,0.0,0.1973132754962198,0.01,0.004003286361694336,0.0820000171661377,0.0049819094,0.050243493,-12.502434027233134,-0.08083421053737092,-0.1152052352521095,0.0,2071,0.2910287380218506,0.0678186517393954,0.0455739384782154,340258,-12.53427961860135,0.0
146,4.896062612533569,-11.638170825410826,11.301146515706586,0.8540372872390811,-36.30384829503471,0.0,0.1821046973440982,0.01,0.004997968673706055,0.08251357078552246,0.005030799,0.05359006,-12.416007707050904,-0.08053173867053641,-0.11670380249351693,0.0,2069,0.29081106185913086,0.060781130950346686,0.0514534434550002,342327,-12.755745982468973,0.0
147,4.903886795043945,-12.438412505028257,11.772048049206248,0.7712049362252842,-36.798471324837365,0.0,0.1926968658795043,0.01,0.003998994827270508,0.08751702308654785,0.004994903,0.05032607,-12.418248186848638,-0.08229311253132805,-0.12469530051411346,0.0,2089,0.29659175872802734,0.07812014705767945,0.06948349739953967,344416,-12.731168392220367,0.0
148,5.066844463348389,-11.909060143353082,11.528729031968279,0.8609954641010217,-36.48549616109212,0.0,0.19971072374690577,0.01,0.0036296844482421875,0.08157730102539062,0.0050301873,0.051025983,-12.367329382499083,-0.0810229281120817,-0.11940288839353581,0.0,2120,0.30074214935302734,0.06462053185864583,0.04826930074028313,346536,-12.58692650988795,0.0
149,4.881998538970947,-11.396162458920333,11.231490720422164,0.7140769229916221,-37.03373508521046,0.0,0.18901383412528888,0.01,0.004000425338745117,0.08051276206970215,0.0050362665,0.052241903,-12.270212690141209,-0.08051191579887658,-0.11431329474001253,0.0,2056,0.29953694343566895,0.07223993793447538,0.06053076513596292,348592,-12.607805928629578,0.0
150,5.046738624572754,-12.186065647891498,11.57195946034411,0.7594354006514545,-39.058381459432155,0.0,0.19066756679328853,0.01,0.004000425338745117,0.0813286304473877,0.005024141,0.050060954,-12.261797985916239,-0.08141832255229337,-0.12221411592362257,0.0,2121,0.30510926246643066,0.07967658426413614,0.06517432907251175,350713,-12.581593030377435,0.0
151,4.987176179885864,-12.288234602549784,11.906808869231536,0.7162043766435819,-37.45636859361393,0.0,0.19810409963685013,0.01,0.004000663757324219,0.0810248851776123,0.005012976,0.047955085,-12.264441647579595,-0.08101078050446983,-0.12323243400228509,0.0,2111,0.28507208824157715,0.07923871748233462,0.067890439330253,352824,-12.416594073809994,0.0
152,5.0383076667785645,-11.914528105280022,11.252945642403287,0.8681744947392356,-37.809512031111936,0.0,0.18262129345458342,0.01,0.003998517990112305,0.07851934432983398,0.0050336053,0.052862816,-12.229450293349638,-0.08097786642961646,-0.11949704204037961,0.0,2138,0.2940502166748047,0.0641266057851446,0.04245373758845881,354962,-12.252955591464708,0.0
153,4.78648567199707,-11.415395822157807,11.821850923634951,0.6705869176776746,-37.13814157143533,0.0,0.17670761530760293,0.01,0.004001617431640625,0.07750964164733887,0.0050243507,0.05658405,-12.148044846230455,-0.08064753983747229,-0.1145082120105756,0.0,2015,0.28051137924194336,0.050385051272228275,0.03915307762768703,356977,-12.462988848236602,0.0
154,5.036818742752075,-11.352609068708226,11.424918639893498,0.7326064585087962,-36.17238061558866,0.0,0.2069655233427436,0.01,0.0040018558502197266,0.08553004264831543,0.0050044497,0.047630526,-12.068501268478233,-0.07934509042633972,-0.1138888111855076,0.0,2144,0.30814599990844727,0.07119950704540658,0.055039065047920936,359121,-12.48451111600513,0.0
155,4.8435728549957275,-12.028616892483537,11.460561248515456,0.8074591316985147,-38.369506362907515,0.0,0.18455206787858958,0.01,0.004000186920166016,0.07885074615478516,0.004993425,0.051612787,-12.064512830878765,-0.0818569129106016,-0.12063672603249276,0.0,2056,0.2913815975189209,0.08251936899939352,0.0619428513073057,361177,-12.505370037672185,0.0
156,4.884851694107056,-11.859770694179215,11.556447250126276,0.7836514101369889,-37.89125089939704,0.0,0.1976567310092876,0.01,0.004999637603759766,0.0845177173614502,0.005054684,0.048864838,-12.04403861720881,-0.08115874249815039,-0.11894930727859818,0.0,2078,0.2952589988708496,0.06940984850356062,0.05762479665730936,363255,-12.492517562157111,0.0
157,4.8993916511535645,-11.594676851213851,11.416118164805658,0.855994777092564,-37.31128280177701,0.0,0.1959163416061188,0.01,0.003000020980834961,0.08151531219482422,0.005021046,0.05025912,-11.999102440609315,-0.0807627429692369,-0.11623864196599523,0.0,2060,0.2855491638183594,0.061520161106439514,0.047932257487061355,365315,-12.546622616998615,0.0
158,4.876440763473511,-11.672957682627834,11.338975062271002,0.7601410862882643,-36.789120959062245,0.0,0.20443724130362284,0.01,0.003997087478637695,0.08451581001281738,0.0049711517,0.04741458,-11.966487964811169,-0.08065895624370864,-0.1170431735742887,0.0,2039,0.28254199028015137,0.05900255489841875,0.04748336540732315,367354,-12.523806938495422,0.0
159,4.891913652420044,-11.169076283496784,11.309394824669173,0.7643513332930387,-39.3406607220757,0.0,0.20190003964509406,0.01,0.003998994827270508,0.08209013938903809,0.005039545,0.04914297,-11.88674679667973,-0.07982206891189486,-0.11200423340201934,0.0,2069,0.29916930198669434,0.05831557053837931,0.04436540355514864,369423,-12.507685647720624,0.0
160,4.933757305145264,-11.6693625285294,11.745705648482838,0.7188637473700386,-36.434885966131844,0.0,0.20301987173498978,0.01,0.003998279571533203,0.08110785484313965,0.0049636834,0.048429523,-11.865008369864698,-0.08156489340605819,-0.11701024032172971,0.0,2010,0.28243517875671387,0.056694614474258734,0.0424459483403944,371433,-12.513897602085533,0.0
161,4.854431390762329,-11.699212872924814,11.463124772610344,0.7789154118184114,-37.11884120850835,0.0,0.18721135246485965,0.01,0.003998517990112305,0.07851004600524902,0.005027595,0.051700052,-11.84842882017071,-0.08118999673694748,-0.11730794307495244,0.0,2050,0.29353904724121094,0.0654456140814591,0.05521855161945749,373483,-12.490994773730122,0.0
162,4.918340682983398,-11.307254214165535,11.663245336130208,0.7817003727532541,-36.99415760044819,0.0,0.19069580172083408,0.01,0.0035185813903808594,0.07799839973449707,0.004979483,0.052122075,-11.794311359570193,-0.07933024811061344,-0.11339537970809506,0.0,2081,0.28621411323547363,0.06327785879813894,0.04482263900024942,375564,-12.53898560251509,0.0
163,4.736668825149536,-11.1016352023851,11.50072725804741,0.7099914120684174,-37.33503229095569,0.0,0.19500616806021068,0.01,0.004001617431640625,0.07950925827026367,0.0049836803,0.051550265,-11.725043743851684,-0.08034426407594546,-0.11137169822909251,0.0,2004,0.28559184074401855,0.047684116807442486,0.03554951972399038,377568,-12.576707093436417,0.0
164,4.902411460876465,-11.541832393633607,11.949743662361353,0.7357247020987225,-36.51281584259975,0.0,0.1850528456461641,0.01,0.003999471664428711,0.07600045204162598,0.0049876906,0.05196146,-11.706722608829876,-0.0804004651500388,-0.11577623200602191,0.0,2043,0.27306151390075684,0.04990929123952079,0.03975182814798985,379611,-12.756807720849766,0.0
165,4.799621820449829,-11.542553694524537,11.856016525500413,0.841952201450204,-36.34222830312625,0.0,0.18513642507534805,0.01,0.003998994827270508,0.07952141761779785,0.005038898,0.05160227,-11.690305717399342,-0.08024501695650592,-0.11574824353664485,0.0,2016,0.2934448719024658,0.07040699362265115,0.05482505859356805,381627,-12.763020509433325,0.0
166,4.87450909614563,-11.352251645210757,11.424771260373978,0.8334740461264226,-36.65411968283482,0.0,0.1845795178164863,0.01,0.004000663757324219,0.07903814315795898,0.005036179,0.051852625,-11.656500310180483,-0.08067794072374743,-0.11383792453684052,0.0,2059,0.29105210304260254,0.05254000544344799,0.04175718228609345,383686,-12.791457396983734,0.0
167,4.892608880996704,-11.285595877007228,11.52781499847679,0.7309192996137779,-38.70835524681136,0.0,0.19508969394732797,0.01,0.002997875213623047,0.07796263694763184,0.0049985126,0.049897872,-11.619409866863158,-0.08054524472368815,-0.11320944147709644,0.0,2043,0.27724480628967285,0.05945842175907363,0.046232328968271286,385729,-12.773368337982642,0.0
168,4.881951093673706,-11.511524222750452,11.520559646232556,0.7885004339185031,-37.43159592147228,0.0,0.1939739797569116,0.01,0.004997730255126953,0.08208346366882324,0.005033893,0.050371487,-11.608621302451887,-0.08045118468555665,-0.11543331202005344,0.0,2078,0.2922830581665039,0.0559707359470907,0.0406641201525823,387807,-12.728024206277096,0.0
169,5.011423826217651,-11.16660596683808,10.882670118426761,0.7404144349568735,-37.708299422093475,0.0,0.2019268723192931,0.01,0.004001617431640625,0.08677172660827637,0.0049881293,0.048924226,-11.564419768890506,-0.08001706720603732,-0.11198081131168924,0.0,2111,0.2935366630554199,0.05868614839022329,0.04382757304677626,389918,-12.92965099303614,0.0
170,4.902199983596802,-11.691889142222303,11.607255732606568,0.7568705766242757,-36.96952730737347,0.0,0.21195242790820815,0.01,0.005001068115234375,0.08251547813415527,0.004992219,0.04616418,-11.577166706223686,-0.08166452661831981,-0.11723099579525242,0.0,2071,0.29142284393310547,0.052357903797638675,0.04086666070089138,391989,-12.919981441565117,0.0
171,5.0164079666137695,-11.508787526532359,11.448953409747155,0.8933288602567979,-36.127987142477096,0.0,0.1950691176452659,0.01,0.004005908966064453,0.08050751686096191,0.004992128,0.050881095,-11.570328788254553,-0.07988656325938996,-0.11544085077457811,0.0,2114,0.30104827880859375,0.059137147184702636,0.047197573193530046,394103,-12.669030537304856,0.0
172,4.896709442138672,-11.350837129451875,11.19454909501734,0.7082919825081473,-36.501034930592326,0.0,0.1988367436939681,0.01,0.00400233268737793,0.08050870895385742,0.0050249854,0.04923875,-11.548379622374286,-0.08004489269999435,-0.11386574509531547,0.0,2068,0.2842574119567871,0.062594884101101,0.04783804542208781,396171,-12.567877084353427,0.0
173,4.856048822402954,-10.810256134765568,10.889127330826524,0.6800375842742687,-36.044117272419825,0.0,0.21841331203254144,0.01,0.004000663757324219,0.07651209831237793,0.0049864906,0.04525425,-11.474567273613415,-0.08002729466115024,-0.10839029051422262,0.0,2036,0.28461408615112305,0.05489087980545665,0.03920062182588083,398207,-12.560304583153776,0.0
174,4.810989618301392,-10.8557786259553,11.253127741555877,0.9975413465086015,-38.1913673378802,0.0,0.19341024485033512,0.01,0.003998994827270508,0.08051276206970215,0.0050198133,0.05006293,-11.412688408847604,-0.07938402420636978,-0.10888051164076598,0.0,2020,0.28993868827819824,0.05900575155630464,0.04529698996115197,400227,-12.568089166779464,0.0
175,4.900144815444946,-11.223404714615212,11.351839536514882,0.754286250748563,-36.03392579930888,0.0,0.1883198785137824,0.01,0.00400090217590332,0.07851648330688477,0.0050365315,0.051118474,-11.393760039424366,-0.08042147145476401,-0.11255799332519137,0.0,2071,0.294553279876709,0.06069301901706142,0.047130002814278496,402298,-12.601621025668113,0.0
176,4.92122745513916,-10.74070123945911,10.869131631217495,0.7728188273435093,-36.25522076665751,0.0,0.1876005730267106,0.01,0.0050008296966552734,0.09251689910888672,0.005017378,0.05118557,-11.32845415942784,-0.07982625871563273,-0.10772419176631223,0.0,2062,0.3255460262298584,0.050755819802548945,0.033897038973580415,404360,-12.584543649973691,0.0
177,4.89028263092041,-11.145341150789188,11.143821562647318,0.6856060073545208,-35.84325607808284,0.0,0.20444669554599218,0.01,0.004000425338745117,0.0855553150177002,0.005009703,0.04725828,-11.310142858563974,-0.08028222597373405,-0.11177004590647144,0.0,2053,0.28983116149902344,0.059989861804841525,0.04336574988731298,406413,-12.511004839873223,0.0
178,4.960617303848267,-10.673206096034114,11.116161793316955,0.7804427666264804,-36.59540018985641,0.0,0.19427965071124484,0.01,0.004000186920166016,0.08100271224975586,0.0050442726,0.0504581,-11.24644918231099,-0.07890629991849687,-0.10705528984446577,0.0,2091,0.3175773620605469,0.04570507020504008,0.03513364855191955,408504,-12.500087648184955,0.0
179,4.826074838638306,-10.957375138132,11.19312607737731,0.779117157402352,-36.56629039199942,0.0,0.20403071784701318,0.01,0.003999471664428711,0.0845181941986084,0.005015447,0.04796596,-11.217541777893091,-0.07977907365062424,-0.10987860807148864,0.0,2033,0.2898733615875244,0.04234663955002435,0.028864135297720427,410537,-12.387853646400657,0.0
180,4.862994194030762,-11.01579391095903,11.37641196386945,0.7847208122694631,-36.669122135408486,0.0,0.2115288418177385,0.01,0.0045108795166015625,0.07500267028808594,0.005027744,0.04557515,-11.197366991199685,-0.07956473852057996,-0.11050634679575691,0.0,2056,0.29184985160827637,0.04964506741818443,0.038114742512231736,412593,-12.485424559659766,0.0
181,4.726169586181641,-10.50804086016295,11.111217369508223,0.736605602420774,-36.57475638189491,0.0,0.20157496791391738,0.01,0.00400233268737793,0.07859516143798828,0.0050001796,0.048609033,-11.128434378096012,-0.07930187603636013,-0.10539712367117164,0.0,1991,0.287250280380249,0.046335829091425196,0.03561321252241777,414584,-12.3271010531123,0.0
182,4.922519683837891,-10.878782954950704,11.212236384040766,0.7868904289900498,-37.53386577248547,0.0,0.19731958305714958,0.01,0.0049991607666015625,0.0930321216583252,0.005007369,0.0499187,-11.10346923578148,-0.07896985159400674,-0.10911041886782209,0.0,2082,0.31745481491088867,0.04906395904132006,0.039700247097642735,416666,-12.58580152151329,0.0
183,4.886437177658081,-10.633552021977664,10.997373973053033,0.7383568387026394,-37.4779618478177,0.0,0.20295995298358238,0.01,0.004359722137451172,0.08138251304626465,0.005039069,0.048452623,-11.056477514401099,-0.07886985916460898,-0.10669161740985342,0.0,2069,0.29033565521240234,0.04418605766977265,0.03202951336221082,418735,-12.615001970964713,0.0
184,4.84941840171814,-11.188059181099643,11.330666842655265,0.7981870720009746,-36.40824615090503,0.0,0.2056243425265722,0.01,0.004003286361694336,0.08151984214782715,0.0050049573,0.048273977,-11.069635681070954,-0.07933076824393519,-0.11219769266060897,0.0,2055,0.28501391410827637,0.042094520312695255,0.030190157243965243,420790,-12.655220593268998,0.0
185,4.749966859817505,-10.566438328548163,10.760771678963776,0.7211531178297379,-36.29933103120659,0.0,0.19426020352181353,0.01,0.00400090217590332,0.07900333404541016,0.005005465,0.049879815,-11.019315945818674,-0.07943285671465514,-0.10601654873388293,0.0,2000,0.28203821182250977,0.05522438906737896,0.040603162912302065,422790,-12.683471351258772,0.0
186,4.899716138839722,-10.370822643944424,10.839721512790474,0.790818460908944,-36.69574561196597,0.0,0.19353035982189015,0.01,0.005005359649658203,0.07900238037109375,0.0050019715,0.048824742,-10.95446661563125,-0.0782150042109059,-0.10406487155937463,0.0,2055,0.29648327827453613,0.054515440379577285,0.03684898016398915,424845,-12.299035068898371,0.0
187,4.755599498748779,-10.8420805494652,11.309105119946057,0.7339656360107583,-35.91018755653987,0.0,0.20354585490379673,0.01,0.004000186920166016,0.08320140838623047,0.004990357,0.0476084,-10.943228009014645,-0.07966859884503955,-0.10883354683498872,0.0,1985,0.28470635414123535,0.05623078960938488,0.04384210799657596,426830,-12.129978038515166,0.0
188,4.968505859375,-10.837011765379875,11.12750200429888,0.811384045259063,-36.29886055251669,0.0,0.2172792192123944,0.01,0.00400090217590332,0.08205580711364746,0.004960449,0.0455232,-10.932606384651168,-0.07980827898794433,-0.10872413569831899,0.0,2038,0.28104686737060547,0.051448959708857274,0.03985292582564085,428868,-12.505548079769238,0.0
189,4.943053722381592,-11.019136190529451,11.546094866980425,0.707114937151922,-36.52375134048395,0.0,0.20077794543721228,0.01,0.005001068115234375,0.07952213287353516,0.005045831,0.048182778,-10.941259365238997,-0.0791820080479227,-0.11050710530320704,0.0,2075,0.2850348949432373,0.04741205652679173,0.033689698014966865,430943,-12.673375466666952,0.0
190,4.929189920425415,-10.642194268563687,10.912996232382008,0.7765397695279763,-35.8424710828568,0.0,0.20646051665044735,0.01,0.004000663757324219,0.08310842514038086,0.0050004446,0.049199983,-10.911352855571465,-0.07873746122150185,-0.10673891576179417,0.0,2062,0.2829132080078125,0.04957917676926446,0.038071484659881014,433005,-12.5625684038545,0.0
191,4.848347425460815,-10.400783579436297,10.758411362705441,0.73953600258895,-37.5287279247202,0.0,0.202002945106904,0.01,0.0040013790130615234,0.08406853675842285,0.0050372654,0.048651345,-10.86029592795795,-0.07884780144806285,-0.10433030135488346,0.0,2045,0.2875349521636963,0.04584720596823073,0.035125255413530274,435050,-12.563700752032686,0.0
192,5.1271209716796875,-10.548622699484266,11.220592541103809,0.7165970805178905,-37.46192665247779,0.0,0.19165329759856387,0.01,0.003999948501586914,0.07862615585327148,0.005032992,0.051595423,-10.829128605110581,-0.07877219520582149,-0.10584073077191272,0.0,2036,0.2785484790802002,0.041362341631156416,0.029872593583427642,437086,-12.537655194941179,0.0
193,4.9582602977752686,-10.398688260455737,10.824693208747458,0.8069968229804313,-35.78136435017091,0.0,0.20345890169771327,0.01,0.003998756408691406,0.07851696014404297,0.0050079674,0.04764368,-10.786084570645096,-0.07865056770568438,-0.10430397804116183,0.0,2087,0.2952439785003662,0.04783112932335537,0.03782886845334877,439173,-12.464978610508593,0.0
194,4.821004629135132,-10.73396036554516,11.110393681325066,0.7203282233497774,-36.06668546689653,0.0,0.20027150863267273,0.01,0.004000663757324219,0.0795137882232666,0.004989321,0.04810731,-10.780872150135103,-0.07926068894385865,-0.10765908208243657,0.0,2030,0.2829856872558594,0.05680916408740117,0.04328505682887404,441203,-12.363398370657876,0.0
195,4.784589767456055,-10.411947146292226,10.664108830001643,0.8227910995361483,-35.85384080696243,0.0,0.19753747887966097,0.01,0.004004001617431641,0.0844879150390625,0.00503184,0.050403617,-10.743979649750816,-0.07887019531103796,-0.10447614831430682,0.0,1990,0.27764272689819336,0.051334230649557604,0.03521536997827005,443193,-12.605422391099806,0.0
196,4.956737518310547,-10.42329024108445,10.894510926679366,0.7223848352654645,-35.703341465509006,0.0,0.20680805100079436,0.01,0.003999471664428711,0.07912421226501465,0.0050026076,0.04703626,-10.711910708884181,-0.0776161278152826,-0.10455168032062805,0.0,2065,0.28805112838745117,0.04850348721219097,0.03604495134004563,445258,-12.813507760421817,0.0
197,4.890579700469971,-10.441173286208945,10.632062638007667,0.8443143210671255,-35.54043389258886,0.0,0.2041203138283453,0.01,0.004998445510864258,0.08280563354492188,0.0049914108,0.04736666,-10.684836966616658,-0.0787064357380323,-0.10477088410580926,0.0,2042,0.2830362319946289,0.06062278809013231,0.046371267548756444,447300,-12.873085892955936,0.0
198,4.8297905921936035,-10.144931203072627,10.915930041613775,0.7593033189764486,-36.51769594958972,0.0,0.19113731645784607,0.01,0.004004955291748047,0.07851099967956543,0.0050168727,0.05190631,-10.630846390262255,-0.07847150037438536,-0.10176844859312048,0.0,2022,0.294191837310791,0.0458484597681181,0.027655834853659165,449322,-12.872991407623521,0.0
199,4.9412522315979,-10.302746758747,10.956186541950828,0.7599507842763833,-35.62367194351146,0.0,0.21166016241381036,0.01,0.004000186920166016,0.08151650428771973,0.00499657,0.046860315,-10.59803642711073,-0.0784650630402373,-0.10337842663073253,0.0,2009,0.2775759696960449,0.03999332098692222,0.03184184658495008,451331,-12.92718813521249,0.0
200,4.951260805130005,-10.863741675031934,11.05576931092588,0.7477513101245414,-37.666781459359896,0.0,0.20373233062234128,0.01,0.004998922348022461,0.08333158493041992,0.0050327494,0.0480431,-10.62460695190285,-0.07927168775311902,-0.10898636038099055,0.0,2073,0.29127025604248047,0.06677437177479682,0.051573782952087574,453404,-13.191953867885056,0.0
201,4.984117746353149,-10.06541657524743,10.617985646820848,0.7840655249843859,-35.99722361079647,0.0,0.20225328244080426,0.01,0.003999233245849609,0.0740048885345459,0.005014653,0.04887046,-10.568687914237307,-0.07742969632690475,-0.10096896342198533,0.0,2087,0.2925846576690674,0.04407141013335434,0.031581233579195164,455491,-13.193566791200563,0.0
202,4.906493663787842,-10.321076346285508,10.57211199988798,0.7750695140614425,-36.32341167713424,0.0,0.20142720862110525,0.01,0.004000425338745117,0.08035874366760254,0.005034986,0.04826157,-10.543926757442128,-0.07851302707779842,-0.10356271700097908,0.0,2057,0.29407811164855957,0.0600274303584072,0.044862466690832416,457548,-13.27803732876067,0.0
203,4.96824049949646,-10.380234892368396,10.683828651096778,0.7654164323996606,-35.44325177720275,0.0,0.2125542166697887,0.01,0.003996133804321289,0.08052301406860352,0.004992504,0.04666775,-10.527557570934755,-0.07795624496214126,-0.10412674025053717,0.0,2099,0.31314706802368164,0.05644812790675509,0.03856790899713924,459647,-13.099872317851924,0.0
204,4.788468599319458,-10.082623079106316,10.30546148387724,0.8444377119981814,-35.0837669892375,0.0,0.21760617514097602,0.01,0.00400090217590332,0.0805196762084961,0.0050226543,0.045504723,-10.483064121751912,-0.07883427374545797,-0.1011814661974334,0.0,2010,0.27254152297973633,0.045065304167268706,0.031065921083595557,461657,-13.290010616839092,0.0
205,4.906952619552612,-10.481107429204998,10.384670343059181,0.7036687865232184,-35.51827550530436,0.0,0.206875322668365,0.01,0.004354953765869141,0.08019471168518066,0.005032069,0.046670616,-10.482868452497222,-0.07914562854144816,-0.10512054675555452,0.0,2062,0.2898588180541992,0.053799883507174136,0.04357544113475962,463719,-13.280991054972414,0.0
206,4.913105487823486,-10.042536487581774,10.465896484082402,0.7419586946924428,-35.693495776312346,0.0,0.18560019797062924,0.01,0.004998445510864258,0.08129358291625977,0.0050101625,0.05470154,-10.438835256005678,-0.07780651796194069,-0.10077955277501696,0.0,2054,0.30051302909851074,0.04504062613852705,0.03169312193998855,465773,-13.15685818051134,0.0
207,4.850664854049683,-9.975184145690001,10.776636159634656,0.6478717622319584,-35.902555405395404,0.0,0.2090224919355211,0.01,0.003999948501586914,0.08251762390136719,0.005016289,0.047392715,-10.392470144974112,-0.07822840927167105,-0.10010597149866465,0.0,2036,0.2909073829650879,0.04178976952955168,0.028002580163049157,467809,-13.034452794381048,0.0
208,4.835093021392822,-10.234168311495557,10.53697105005473,0.7181134710745045,-36.07944437225487,0.0,0.20693592531198707,0.01,0.004000186920166016,0.07851386070251465,0.0050337045,0.046866827,-10.376639961626257,-0.07858413287390822,-0.10275324317018311,0.0,2039,0.2830371856689453,0.0477036511242878,0.036684840082256163,469848,-12.88162240461629,0.0
209,4.981619119644165,-10.200077505963199,10.340966630790462,0.6823611282609636,-35.88079116084078,0.0,0.2113115309469772,0.01,0.003999233245849609,0.08051824569702148,0.0049840934,0.04521715,-10.358983716059953,-0.07760489715207178,-0.10232178858316635,0.0,2082,0.28603219985961914,0.05813534150965626,0.042359846490848535,471930,-12.931442181651226,0.0
210,4.874144077301025,-9.799796954599794,10.333378801599284,0.7745139172144263,-36.103205288920535,0.0,0.18592252375144142,0.01,0.0039997100830078125,0.08152031898498535,0.0050169225,0.05291303,-10.303065039913937,-0.07741393137299765,-0.09834984686719166,0.0,2053,0.2927396297454834,0.04124759447767591,0.0283726634095074,473983,-12.93773625773655,0.0
211,4.7616286277771,-9.775051715150093,10.141831099037017,0.6901461670942732,-35.34610344267231,0.0,0.20111033240313506,0.01,0.004001617431640625,0.07951664924621582,0.005079956,0.049291544,-10.250263707437552,-0.07787275666841113,-0.09810574887054586,0.0,2005,0.3086991310119629,0.049329557764111576,0.034751730528231245,475988,-12.871072566037075,0.0
212,4.854326248168945,-10.069329471753727,10.48560414500668,0.7233803035636315,-35.7460655691674,0.0,0.20062655155764478,0.01,0.003998756408691406,0.08451318740844727,0.0049992423,0.04835353,-10.23217028386917,-0.0778807625777134,-0.10104922936529026,0.0,2057,0.29505467414855957,0.044592162970088486,0.032423566762599644,478045,-12.946681941226768,0.0
213,4.85084080696106,-10.056899319247602,10.306379945613356,0.7510189679192131,-34.77145952943088,0.0,0.20554948948215743,0.01,0.0040051937103271484,0.08050894737243652,0.005037652,0.047590636,-10.214643187407013,-0.07813936754234467,-0.10088192721225964,0.0,2028,0.2883641719818115,0.0543192566664357,0.04005724782154172,480073,-12.935014499135212,0.0
214,5.078480958938599,-10.03982553575525,10.514723779660267,0.6735120875218925,-35.53903942764079,0.0,0.20166854605172296,0.01,0.004997968673706055,0.0825188159942627,0.0050007734,0.050222237,-10.197161422241837,-0.07831918730045913,-0.10075009471337551,0.0,2061,0.3211839199066162,0.056712210575270115,0.04147450611363732,482134,-12.635059629091439,0.0
215,4.904690504074097,-10.041695032041336,10.459521086701614,0.6960969784012788,-35.756193196397255,0.0,0.18074654219439742,0.01,0.003999233245849609,0.08100748062133789,0.005040123,0.052482065,-10.181614783221788,-0.0783966153349262,-0.10077208795421415,0.0,2023,0.29668593406677246,0.05763635216631161,0.04615532741529233,484157,-12.211569792231222,0.0
216,4.8684983253479,-10.388616440495632,10.580723372244462,0.7615833276426622,-35.82929682081931,0.0,0.19688811809602444,0.01,0.004000425338745117,0.08151435852050781,0.0050059343,0.04786558,-10.202314948949171,-0.07892615063282273,-0.10420539515643643,0.0,2015,0.28853940963745117,0.07177685817676384,0.05533167389312401,486172,-12.391254170078383,0.0
217,4.743645906448364,-9.688561461526918,10.338477463262038,0.7403489647210132,-35.669730607986025,0.0,0.19233909464849439,0.01,0.003999948501586914,0.07800769805908203,0.005003415,0.050916515,-10.150939600206947,-0.07779740285899826,-0.0972984003985312,0.0,1988,0.2874772548675537,0.042060079715621264,0.027999546253312253,488160,-12.58917368936422,0.0
218,4.762733221054077,-9.916222794570904,10.368362244690257,0.7858850065700017,-35.27676702175314,0.0,0.18976469224663384,0.01,0.005000591278076172,0.07951474189758301,0.005050375,0.051135432,-10.127467919643342,-0.0782023432185511,-0.09952344685314936,0.0,2004,0.27797746658325195,0.052906068811925784,0.04101028362227038,490164,-12.755074091251828,0.0
219,4.761116027832031,-9.89210227682148,10.40651407044408,0.6694670560820211,-36.54290305077113,0.0,0.21809815163981713,0.01,0.003999471664428711,0.08003354072570801,0.005009678,0.044598423,-10.103931355361157,-0.07865504533638032,-0.09927735434306566,0.0,1982,0.2745375633239746,0.05289278906565721,0.039274556226484,492146,-12.792639796178227,0.0
220,4.872816801071167,-10.011893293030974,10.409141013938076,0.7816861080900079,-35.96290123017412,0.0,0.21732578563652966,0.01,0.004998922348022461,0.08712267875671387,0.0050093685,0.044614203,-10.094727549128137,-0.07831747301181005,-0.10043957073661322,0.0,2026,0.28853726387023926,0.04536602522548431,0.033882742559205786,494172,-12.669428000681359,0.0
221,4.840587854385376,-9.562555851897482,10.340254759539425,0.8216994455697473,-35.818559901530584,0.0,0.20271216775379716,0.01,0.003996372222900391,0.07851529121398926,0.005002661,0.04941265,-10.041510379405072,-0.07712024053997721,-0.09594746066852874,0.0,2020,0.2781543731689453,0.04047760895889226,0.027047633224381227,496192,-12.846360189136561,0.0
222,4.858437776565552,-9.801341230587,10.140726930772582,0.7215536597703869,-34.683120109297064,0.0,0.20871664768326498,0.01,0.003000974655151367,0.07251405715942383,0.004979869,0.04614033,-10.017493464523266,-0.07758563754516708,-0.09833240731232189,0.0,2044,0.27154064178466797,0.07179147904497105,0.054273929679734954,498236,-12.995635156885763,0.0
223,4.732879161834717,-9.630889121356006,9.980805235694183,0.7427980411827224,-34.940611626823575,0.0,0.20791454943898785,0.01,0.003999948501586914,0.07305455207824707,0.004957615,0.047661725,-9.97883303020654,-0.0776936980703237,-0.09666025876529497,0.0,2026,0.27605676651000977,0.050977612854078556,0.036060421035215555,500262,-12.720108556893063,0.0
224,4.912045240402222,-9.532481367650593,9.946804581230966,0.7247941128383675,-35.033697149386626,0.0,0.19842554482757974,0.01,0.003998994827270508,0.08166337013244629,0.0050219325,0.048553932,-9.934197863950946,-0.07715085038794098,-0.09564815358186132,0.0,2048,0.2925384044647217,0.051051795411678355,0.035495071256788954,502310,-12.428172639340582,0.0
225,4.828919887542725,-10.049476701002364,10.39430677431583,0.751888856921985,-35.40776464715008,0.0,0.1948550683571819,0.01,0.004000186920166016,0.07951545715332031,0.0050399564,0.049955104,-9.945725747656088,-0.07812362193135935,-0.10084845352068643,0.0,2040,0.28304505348205566,0.052325935000038744,0.03822517683155212,504350,-12.432384890322087,0.0
226,4.903488636016846,-9.410195617925925,9.669103298905043,0.8090751332835324,-34.9970300582698,0.0,0.21854421222782336,0.01,0.003999471664428711,0.07900714874267578,0.0050049894,0.046054415,-9.89217273468307,-0.07665755248990762,-0.09445551034354902,0.0,2055,0.28903675079345703,0.06216519885447179,0.042310282498178454,506405,-12.517487425495895,0.0
227,4.760096788406372,-9.546421989900315,10.027149590814812,0.6987576847582331,-34.68587620981564,0.0,0.22039157755035993,0.01,0.003000497817993164,0.07752537727355957,0.00498917,0.043521907,-9.857597660204794,-0.077427102114567,-0.09578065794814901,0.0,2000,0.28484082221984863,0.05097427565830438,0.0401657902062372,508405,-12.50053978675834,0.0
228,4.802088499069214,-9.389050185798851,9.945657152387735,0.7423662576611265,-35.224957273632036,0.0,0.20698451582639973,0.01,0.00466156005859375,0.07902812957763672,0.0050164033,0.046879914,-9.8107429127642,-0.07713435141013161,-0.09430128002747291,0.0,2019,0.28346896171569824,0.041432611414184285,0.028917268661848704,510424,-12.543859288855113,0.0
229,4.782989740371704,-9.746719723916769,9.906244621844744,0.7354835493443401,-35.25027002502176,0.0,0.20828632005967604,0.01,0.004000186920166016,0.07718038558959961,0.0050228494,0.047034036,-9.804340593879457,-0.07757444105021943,-0.09781757059622165,0.0,2018,0.2693369388580322,0.05078130290127177,0.03751823903716039,512442,-12.576213613306724,0.0
230,4.888098239898682,-9.47534114539811,9.971046068181744,0.7330358238285164,-35.369719503401924,0.0,0.20665280491047505,0.01,0.0049991607666015625,0.08252477645874023,0.004982268,0.048015393,-9.771440649031323,-0.07701896825622798,-0.09516427501186205,0.0,2064,0.2950551509857178,0.04515125428244098,0.03206820771163132,514506,-12.441164379528306,0.0
231,4.796657562255859,-9.620779934624641,10.137310617767426,0.7137167733855293,-35.27207687326679,0.0,0.20399205751114236,0.01,0.004000186920166016,0.08151459693908691,0.005023837,0.048091143,-9.756374577590655,-0.07813515924790301,-0.09656837954702444,0.0,2003,0.2946646213531494,0.0468097834640344,0.034125518520389926,516509,-12.454475964306386,0.0
232,4.749331951141357,-9.41662253465945,10.059371265960506,0.7405285438613715,-35.83368466158397,0.0,0.20877758844268557,0.01,0.00400090217590332,0.07914304733276367,0.005021748,0.04653908,-9.722399373297534,-0.07681192306630613,-0.09452022271373299,0.0,1999,0.28078317642211914,0.04341962741164657,0.03220753561828733,518508,-12.386231335631694,0.0
233,4.763762712478638,-9.430004344286347,10.03240836507272,0.6822211868621539,-36.18487522040999,0.0,0.21219066305516535,0.01,0.004000186920166016,0.06900620460510254,0.0049380665,0.04535236,-9.693159870396416,-0.07709207609872896,-0.09464858020893221,0.0,2037,0.26804637908935547,0.04449864992907984,0.033708453321559466,520545,-12.509661279109745,0.0
234,4.651687860488892,-9.515053897945403,10.010838400680333,0.6530425032977465,-35.8950747474963,0.0,0.20566576629653743,0.01,0.003998517990112305,0.07112908363342285,0.005052054,0.046131242,-9.675349273151316,-0.07797260687292897,-0.09556329944119354,0.0,1982,0.26911163330078125,0.057417986946889946,0.0430822705558998,522527,-12.346008604451875,0.0
235,4.573850631713867,-9.832936751719874,10.613045685671233,0.6569437573141262,-35.519093402655194,0.0,0.20292107002922927,0.01,0.004000425338745117,0.06964969635009766,0.0049879593,0.047975816,-9.691108021008171,-0.07806263670103261,-0.0986850045750357,0.0,1963,0.2571284770965576,0.05163998112521664,0.03747367624994795,524490,-12.323895566042971,0.0
236,4.7849767208099365,-9.578578009697704,9.904705681482769,0.7238538142761859,-34.561169711713916,0.0,0.21709056913555166,0.01,0.004000425338745117,0.0735158920288086,0.004992313,0.04409505,-9.679855019877126,-0.07664327215006778,-0.09610809078159262,0.0,2064,0.2830545902252197,0.04765475103943156,0.035555334610311476,526554,-12.335732498476006,0.0
237,4.770007371902466,-9.304574998131397,9.652678563111772,0.7181819356073784,-34.9794993013754,0.0,0.1984752498676562,0.01,0.004000186920166016,0.07929372787475586,0.005013907,0.04974032,-9.642327017702552,-0.07645131139631518,-0.09340456333343539,0.0,2023,0.2872123718261719,0.0484245345115595,0.03945519637739058,528577,-12.0666680039512,0.0
238,4.800693511962891,-9.607144743794704,9.997003329719341,0.7711378488283243,-36.20654716911884,0.0,0.19527732678254203,0.01,0.004998683929443359,0.07051324844360352,0.005025232,0.049263034,-9.638808790311767,-0.07714052419633163,-0.09642231411140172,0.0,2044,0.2620656490325928,0.04791729008279343,0.03592195908747883,530621,-12.1000444570313,0.0
239,4.586962938308716,-9.565278831096226,9.856309876036748,0.7381273091934565,-35.07158175277268,0.0,0.2154547609553819,0.01,0.00400090217590332,0.07000088691711426,0.005000721,0.04551737,-9.631455794390213,-0.07789817340872744,-0.09606569243214644,0.0,1969,0.260392427444458,0.04594815890224585,0.03585863279398978,532590,-12.145706689211327,0.0
240,4.6410651206970215,-9.277197726157102,9.824362661113186,0.7059849530599421,-36.345660268508276,0.0,0.2143079989942877,0.01,0.004001140594482422,0.07107686996459961,0.005015868,0.046140734,-9.596029987566903,-0.07711938313700499,-0.0931290940592587,0.0,1987,0.2660529613494873,0.05524745752601221,0.03877569462722179,534577,-12.095545541974644,0.0
241,4.747826099395752,-9.377412333912774,9.89456519160472,0.7300523180791895,-34.786887814231484,0.0,0.20442062793433113,0.01,0.004001140594482422,0.07100272178649902,0.0050022607,0.04666485,-9.57416822220149,-0.07704260416477171,-0.09412845601874065,0.0,2041,0.26404380798339844,0.05551633533771833,0.041440136619763535,536618,-12.353928316812013,0.0
242,4.612222671508789,-8.998437657072738,9.548552431868236,0.7836061792060122,-34.1995577566576,0.0,0.20595158630710575,0.01,0.003999948501586914,0.07151174545288086,0.0050192773,0.047847666,-9.516595165688615,-0.07593597513157518,-0.09039598278983561,0.0,1977,0.26312780380249023,0.06986157643067413,0.04727215874363713,538595,-12.35138437354343,0.0
243,4.648936033248901,-9.272180312906608,9.710812821710736,0.7121912905431084,-34.86455514967958,0.0,0.1968610557124513,0.01,0.0037381649017333984,0.07229328155517578,0.0050094174,0.04876167,-9.492153680410414,-0.07679052725132254,-0.0930793074893509,0.0,2000,0.2706773281097412,0.059806600942876084,0.03850521283535169,540595,-12.466104627462375,0.0
244,4.677567958831787,-9.035468381060682,9.46977310827302,0.8340381116907658,-35.80349093653465,0.0,0.20517142719791284,0.01,0.003996610641479492,0.06950998306274414,0.0050259084,0.047595385,-9.446485150475441,-0.07681913466488201,-0.09066548074137286,0.0,1995,0.26807212829589844,0.04850530311932613,0.03138848644602621,542590,-12.206588495891197,0.0
245,4.663284063339233,-9.302812750010485,9.953987313749382,0.7694582227374731,-34.637110293424314,0.0,0.19539710978007285,0.01,0.002999544143676758,0.07351899147033691,0.0050095706,0.04912021,-9.432117910428946,-0.07703269803086137,-0.09343980207888025,0.0,1981,0.25255799293518066,0.04674347366280633,0.03041603250144242,544571,-12.487416486134155,0.0
246,4.718676567077637,-9.005769822506684,9.481371399333828,0.6728882173255298,-34.77372264209224,0.0,0.19759223240357898,0.01,0.004000186920166016,0.06696605682373047,0.005010504,0.050808445,-9.38948310163672,-0.07593947731400286,-0.090469100185926,0.0,2012,0.2700929641723633,0.04263236760461553,0.029146288114118808,546583,-12.363935357604841,0.0
247,4.748670816421509,-9.214417988673617,9.819726158272113,0.7548283921866225,-35.23152896607862,0.0,0.18680930073100246,0.01,0.0040018558502197266,0.07751274108886719,0.0050124647,0.049618036,-9.37197659034041,-0.07652371732243843,-0.09255530812525628,0.0,2022,0.2743685245513916,0.04839782174854272,0.03612604872549179,548605,-12.261077474223896,0.0
248,4.837875127792358,-9.141216818879736,9.303594523409144,0.7377773239149157,-34.870616382761675,0.0,0.19747115769997658,0.01,0.004000425338745117,0.0879812240600586,0.0050143003,0.047173783,-9.348900613194342,-0.07667991229716699,-0.09176234294724173,0.0,2023,0.2896606922149658,0.05757151703794198,0.042141229353677076,550628,-12.223499429790525,0.0
249,4.855727195739746,-9.415677184459401,10.198059652959902,0.8933962176263655,-35.24848010194319,0.0,0.19877251111492883,0.01,0.003998994827270508,0.08151555061340332,0.005022323,0.047608178,-9.355578270320848,-0.07677511457989929,-0.09451690527442558,0.0,2003,0.4040648937225342,0.06070567122450879,0.03802731019853637,552631,-12.192828180081943,0.0
250,6.498292922973633,-8.892034283989986,9.201225096580695,0.777513209438021,-34.589759415565965,0.0,0.20014985937050253,0.01,0.00400233268737793,0.09100651741027832,0.0050003645,0.048197582,-9.309223871687761,-0.07615065927358149,-0.0892792059722662,0.0,1982,0.31679463386535645,0.06915784070283601,0.04475586616863265,554613,-12.3023143952865,0.0
251,6.666057109832764,-9.252718525882887,9.7485502024364,0.6841378578560349,-35.98963725441362,0.0,0.20847135155142482,0.01,0.006794929504394531,0.09751343727111816,0.0050185723,0.046287164,-9.303573337107274,-0.07646149753442705,-0.09288376621811292,0.0,2020,0.3275411128997803,0.05431758333036393,0.04036950605385591,556633,-12.28702937426726,0.0
252,5.406468629837036,-8.941944268930595,9.233541969628128,0.7339667383401738,-34.98113725020921,0.0,0.20477553718372585,0.01,0.008510112762451172,0.18352174758911133,0.0050266753,0.048426043,-9.267410430289607,-0.07604502714418945,-0.08977527027501872,0.0,2042,0.3060567378997803,0.04499409166629015,0.029023571305537264,558675,-12.25691437230899,0.0
253,4.740620851516724,-8.934518244924954,9.657740231379677,0.735798579463582,-34.39838411449161,0.0,0.20154825086346712,0.01,0.003999948501586914,0.0825190544128418,0.005032205,0.04749993,-9.234121211753141,-0.07633818511553019,-0.08975855682118214,0.0,1977,0.3036332130432129,0.05144534719881069,0.040293476063107694,560652,-12.15586971686785,0.0
254,4.789612770080566,-8.257558829480374,8.571440351679238,0.7491224695096538,-31.459445515359754,0.0,0.20823028167239926,0.01,0.0030007362365722656,0.08351540565490723,0.005012581,0.04914471,-9.136464973525865,-0.07479621758316629,-0.0829309167346409,0.0,2007,0.283158540725708,0.05713974469697133,0.03093826349036586,562659,-12.20330276523696,0.0
255,4.853330850601196,-9.124518343753008,9.517922177700061,0.7194821986784999,-32.237606565851394,0.0,0.21732833232463084,0.01,0.003000020980834961,0.08251667022705078,0.005044432,0.04283655,-9.135270310548579,-0.07681449910044655,-0.09159503077907974,0.0,2015,0.2801389694213867,0.059910452038636895,0.04579820349341842,564674,-12.205887526872448,0.0
256,4.939364671707153,-8.743393862097244,8.979154175317383,0.7925920043470615,-34.82793775641894,0.0,0.19955191254326088,0.01,0.0029997825622558594,0.08051514625549316,0.005005637,0.049272727,-9.096082665703445,-0.07579892248536911,-0.08784518187070145,0.0,2046,0.2655501365661621,0.055443370586265396,0.043274618798467016,566720,-12.084760847277158,0.0
257,4.79316520690918,-8.77369504114778,9.123938304728494,0.6835803413355598,-35.241061497891764,0.0,0.20514140218412388,0.01,0.004404544830322266,0.08101129531860352,0.005006241,0.046770163,-9.063843903247879,-0.07607835898672509,-0.08809879946234164,0.0,2012,0.28458356857299805,0.05149439151723443,0.0389235551089465,568732,-12.107566016386615,0.0
258,4.706721782684326,-8.56480627847622,8.915504658757426,0.7409722987104368,-26.754721264584,0.0,0.19636724613435994,0.01,0.003503561019897461,0.08435821533203125,0.005007331,0.048208475,-9.013940140770714,-0.07584649611647995,-0.08600932726109597,0.0,1971,0.281095027923584,0.056088320856551056,0.04690150632091372,570703,-12.193057027155081,0.0
259,4.785634756088257,-8.773258367855014,9.049139184893733,0.7796513000315592,-34.530103141071784,0.0,0.19814295597010062,0.01,0.004001617431640625,0.07951498031616211,0.004947764,0.048960056,-8.989871963479144,-0.07564825125439417,-0.08808936128450648,0.0,2015,0.2920949459075928,0.0395872465022986,0.026469282573474022,572718,-11.865455403691403,0.0
260,5.051020860671997,-8.2446311666037,8.618960711207304,0.6799653559031826,-29.920266084244478,0.0,0.2098202483070493,0.01,0.00500035285949707,0.08500456809997559,0.0049885423,0.047336288,-8.9153478837916,-0.07513564263216135,-0.08285922371765472,0.0,1968,0.2880373001098633,0.04670613478802853,0.03215061686116279,574686,-11.885564153123761,0.0
261,5.016576051712036,-9.133349586251274,9.727488026187595,0.7150665362405579,-34.572414027705086,0.0,0.19211854289733807,0.01,0.003997087478637695,0.08954906463623047,0.005017323,0.049225036,-8.937148054037568,-0.07717617721376066,-0.09168797286107926,0.0,1919,0.29148268699645996,0.06643824049444483,0.0486778187974232,576605,-12.164612628516691,0.0
262,4.851962566375732,-8.695640997277543,9.077024260436895,0.7608158966658485,-32.08266816088975,0.0,0.20726567333408136,0.01,0.004000663757324219,0.08351969718933105,0.005020178,0.045608368,-8.912997348361564,-0.07590200285413148,-0.08730584768423251,0.0,2001,0.2980990409851074,0.0684257718553377,0.047937615631731476,578606,-11.893245942293623,0.0
263,4.816261291503906,-8.479067370822907,8.781074948935746,0.7547162299769621,-33.31830631563215,0.0,0.2098773807891241,0.01,0.003996610641479492,0.08051323890686035,0.005002888,0.046852678,-8.869604350607698,-0.07505055753943243,-0.08520210792946026,0.0,2004,0.2885117530822754,0.049876802327165015,0.0380652638957689,580610,-11.900209178690059,0.0
264,4.728447914123535,-8.627465102720137,8.688039047187962,0.6889044831447302,-31.529979758235502,0.0,0.19450013954611853,0.01,0.004001140594482422,0.07850933074951172,0.0050339764,0.05005362,-8.845390425818943,-0.07669540834886406,-0.08662456381960686,0.0,1962,0.27400660514831543,0.04445889108765191,0.032850052655313974,582572,-11.817552006512068,0.0
265,4.744975328445435,-8.185775759440457,8.460313602747634,0.939849897885778,-26.65989301383174,0.0,0.19980682739319094,0.01,0.0030002593994140625,0.08051609992980957,0.004971276,0.049480498,-8.779428959181095,-0.07511987244257352,-0.08221548265599835,0.0,1964,0.2675504684448242,0.044579702241762234,0.029581384532103027,584536,-11.66478340985233,0.0
266,4.841820955276489,-8.670456133832335,9.005607814073903,0.7412205429383507,-31.252051905029813,0.0,0.20140157282281337,0.01,0.0029993057250976562,0.07851767539978027,0.005015045,0.047032844,-8.76853167664622,-0.07538139170942418,-0.08706004681480847,0.0,1974,0.27332639694213867,0.05773388892418712,0.044205070114623005,586510,-11.601419299001885,0.0
267,4.647385835647583,-8.394649988933233,8.555318464686973,0.7665128758918937,-32.844945142906994,0.0,0.19727064949842057,0.01,0.003999471664428711,0.07901930809020996,0.004968379,0.049617253,-8.731143507874922,-0.07570318328580534,-0.08435850231212538,0.0,1935,0.26553869247436523,0.03840743915113568,0.02720017003621785,588445,-11.568016880026548,0.0
268,4.7347252368927,-8.75550765211638,8.992591628222325,0.7724576530417607,-34.14953936083068,0.0,0.19172654818862203,0.01,0.004000425338745117,0.07650995254516602,0.005022543,0.04874318,-8.733579922299068,-0.07598965602669153,-0.08796915978379745,0.0,1981,0.26413583755493164,0.05663918903789773,0.04094050645519003,590426,-11.525716909366318,0.0
269,4.802316188812256,-8.212330240697245,8.546516704154586,0.8106107409876838,-30.06321415193243,0.0,0.20174205136504234,0.01,0.0036847591400146484,0.08101606369018555,0.0050330996,0.049459804,-8.681454954138886,-0.074295684208823,-0.08248085288073527,0.0,2006,0.2780885696411133,0.0453913051607491,0.032571211574562754,592432,-11.544924551356488,0.0
270,4.669963836669922,-8.478109195477268,9.2289902866827,0.7715143444170021,-35.11434025945635,0.0,0.20651599759650252,0.01,0.003999471664428711,0.0760047435760498,0.0050323443,0.046669457,-8.661120378272724,-0.07526606879246005,-0.08519377741518744,0.0,1947,0.2798035144805908,0.05140337809358078,0.033560801333077844,594379,-11.574589848548225,0.0
271,4.682570934295654,-8.538382857301276,9.04369049814833,0.7543828100011531,-34.04675839789491,0.0,0.1962988726115221,0.01,0.0050013065338134766,0.07851648330688477,0.005042047,0.0506187,-8.64884662617558,-0.07482275339614083,-0.08579719219941125,0.0,1960,0.2689990997314453,0.04715647704431822,0.03143840139439318,596339,-11.394800171709473,0.0
272,4.817929267883301,-8.24893237026146,9.004007656416276,0.9093274416369418,-35.01940636346524,0.0,0.19917782106210463,0.01,0.0040013790130615234,0.07951736450195312,0.00506552,0.048876993,-8.608855200584168,-0.07390810880015783,-0.08290035039377557,0.0,2019,0.2745401859283447,0.04388445741125804,0.029979896910318916,598358,-11.477789671695792,0.0
273,4.764654874801636,-8.297040291047566,8.95601503896389,0.6871367555017405,-33.090684160189326,0.0,0.21690570174721804,0.01,0.005005836486816406,0.08106684684753418,0.0049707815,0.044555433,-8.577673709630508,-0.07450391008260775,-0.08331878043439209,0.0,1993,0.2847623825073242,0.058376485825698855,0.0410985079167267,600351,-11.360729530196625,0.0
274,4.708739757537842,-8.083031179358256,8.549533108833948,0.9519735541075313,-31.51256197960085,0.0,0.19495416512433766,0.01,0.004001617431640625,0.07635760307312012,0.005033189,0.050879847,-8.528209456603284,-0.07400538784425562,-0.08118108040190482,0.0,1971,0.26245546340942383,0.04824591751010173,0.029905201813694732,602322,-11.460468367311673,0.0
275,4.8201658725738525,-8.443214752399934,8.715507654362202,0.7255122539805193,-32.60456224658156,0.0,0.17967752802411702,0.01,0.0040013790130615234,0.08316755294799805,0.0050484086,0.050065484,-8.51970998618295,-0.07489075337667483,-0.08475174655268322,0.0,2012,0.2843647003173828,0.06749409827692311,0.05085202014870344,604334,-11.264254046645387,0.0
276,4.841054201126099,-8.358839368202595,8.754609678802519,0.7492669909902956,-32.28112634200127,0.0,0.1930102638227806,0.01,0.003996610641479492,0.08000302314758301,0.005035872,0.04997271,-8.503622924384914,-0.07527547236093475,-0.08400097218532779,0.0,2013,0.27754759788513184,0.04171492540112635,0.027165037018636987,606347,-11.382737146113767,0.0
277,4.671114444732666,-8.093748640162344,8.741026188904916,0.7669969902762976,-28.99114272655882,0.0,0.182675962055756,0.01,0.003999948501586914,0.07651877403259277,0.0050019547,0.052020468,-8.462635495962656,-0.07496018125382874,-0.08129604095083705,0.0,1956,0.2829883098602295,0.04579972314330765,0.034320144092289506,608303,-11.43133248513794,0.0
278,4.732372999191284,-8.241536743747227,8.421958722216129,0.7629908186740495,-31.91057538451356,0.0,0.20602786353538752,0.01,0.00400090217590332,0.07851243019104004,0.0049827434,0.048375286,-8.440525620741113,-0.07436383736154514,-0.08282876596248986,0.0,1982,0.2755453586578369,0.04227510043276576,0.02976663770492836,610285,-11.371890126350324,0.0
279,4.736299276351929,-7.882244544781829,8.20194587575486,0.7365249566403399,-28.838775387525818,0.0,0.19551256967011107,0.01,0.003999948501586914,0.07951736450195312,0.0050270823,0.050025843,-8.384697513145184,-0.07402690445224304,-0.07918050572775837,0.0,1987,0.2828555107116699,0.043870669924815045,0.03348878354418589,612272,-11.702903165081121,0.0
280,5.090376138687134,-8.076267866410808,8.725612816314424,0.7298800454342755,-33.89150724174412,0.0,0.19729737763188246,0.01,0.00500035285949707,0.0930635929107666,0.005024027,0.049115207,-8.353854548471746,-0.07419703204942167,-0.08117622024545243,0.0,1988,0.3550593852996826,0.04477005036428625,0.028978315809252347,614260,-11.862149483598085,0.0
281,5.051592826843262,-8.518614949315117,9.078396978729513,0.769975937792416,-30.217346190491984,0.0,0.1940345304371577,0.01,0.0030035972595214844,0.08177971839904785,0.004999846,0.049842864,-8.370330588556083,-0.07509846530958335,-0.08559896168731028,0.0,1984,0.2835392951965332,0.05707212636058545,0.04178029455212488,616244,-11.89886976401404,0.0
282,5.126711130142212,-8.03942384160792,8.716392630803462,0.7124928838955367,-30.08913283416799,0.0,0.19798241748375917,0.01,0.005000114440917969,0.10212182998657227,0.0050237672,0.04850963,-8.337239913861266,-0.07381942103979552,-0.08080759110080547,0.0,1975,0.3184385299682617,0.06193252609651539,0.04501158438085955,618219,-11.943615816309576,0.0
283,5.008298397064209,-7.936245772929228,8.349676797797102,0.7762702788583902,-29.012341262771663,0.0,0.20485898227050403,0.01,0.004001617431640625,0.08451724052429199,0.0050624614,0.047780197,-8.297140499768062,-0.07375562921627225,-0.07977793229489669,0.0,1984,0.34929490089416504,0.039959554328339156,0.02593157318246789,620203,-11.89753325282131,0.0
284,4.872800827026367,-7.8709094956422065,8.404054128121487,0.779281402945433,-34.282945098926156,0.0,0.1964040392790446,0.01,0.004998683929443359,0.07851028442382812,0.004980278,0.0493077,-8.254517399355477,-0.07365441951108091,-0.07912131175856886,0.0,1937,0.278486967086792,0.046261900870036676,0.033189415566342924,622140,-12.04060294125225,0.0
285,5.695987939834595,-7.67206757561834,8.648772323472242,0.8420624860506909,-32.06199774515816,0.0,0.19830529167929767,0.01,0.00500035285949707,0.11151385307312012,0.005042451,0.047950298,-8.196272416981763,-0.07310020921977212,-0.07713342812926734,0.0,1938,0.3638749122619629,0.05626571745569338,0.0416447586387999,624078,-11.952842161803238,0.0
286,5.434686660766602,-7.786749847835765,8.53672669911962,0.7702347375410634,-29.366234691446387,0.0,0.20429737004138424,0.01,0.003998994827270508,0.10010504722595215,0.0050109825,0.048391793,-8.155320160067165,-0.07338913113570353,-0.07828068335616711,0.0,1926,0.3441340923309326,0.036660107806765554,0.02738764427454227,626004,-12.06627154718959,0.0
287,5.00708532333374,-7.5122108527178195,8.384958809387397,0.9289889344720483,-34.019480737532014,0.0,0.1879069406159374,0.01,0.004001140594482422,0.08000659942626953,0.0050012777,0.05287147,-8.091009229332231,-0.07268173307854135,-0.07553889524630711,0.0,1979,0.2933387756347656,0.05093348743528706,0.03499936624702514,627983,-12.06731689017931,0.0
288,5.626277923583984,-7.726406378688042,8.604857253398071,0.7488549990016691,-29.839730542091235,0.0,0.19550898385339163,0.01,0.005998849868774414,0.10310173034667969,0.0050566606,0.050299786,-8.054548944267813,-0.07300592530590669,-0.0776773481213819,0.0,1974,0.4166250228881836,0.043448738749074005,0.03174045743661887,629957,-12.214377053001485,0.0
289,6.137797594070435,-7.687535162380695,8.383433522143253,0.7306459779386345,-29.81433809755676,0.0,0.1835477244851409,0.01,0.003999471664428711,0.0995168685913086,0.0050269286,0.051603638,-8.017847566079102,-0.07268669836404935,-0.0772873593196457,0.0,1961,0.3565332889556885,0.05094365061498139,0.03360668487111421,631918,-12.393090781997136,0.0
290,6.444942235946655,-7.2147821942487385,8.095848007775889,1.2814515370810136,-32.57063072338609,0.0,0.20144788998059873,0.01,0.0040013790130615234,0.12315106391906738,0.0050111413,0.048128095,-7.9375410288960655,-0.07219460784913272,-0.07256122479298224,0.0,1945,0.3965718746185303,0.05739228932812492,0.037511481346257675,633863,-12.265818008959998,0.0
291,5.361650466918945,-7.494832650303694,8.345212340010288,1.4370325126274124,-33.16213744612565,0.0,0.1890380086087425,0.01,0.0039997100830078125,0.09751725196838379,0.0050484864,0.051698394,-7.893270191036829,-0.07304230110890757,-0.07536543314441384,0.0,1860,0.3215508460998535,0.03699314106554604,0.02672784484311839,635723,-12.348753716881724,0.0
292,5.610701084136963,-7.38057658943878,8.10998702873139,0.8641204225886928,-27.488652721111926,0.0,0.19076331470040303,0.01,0.004000186920166016,0.10751461982727051,0.004994325,0.052719228,-7.842000830877025,-0.07233341116052258,-0.07421920566168039,0.0,1950,0.35705995559692383,0.04108368781016308,0.03109839952860768,637673,-12.495795660018377,0.0
293,5.57919979095459,-7.240024057435607,7.943789707843098,0.8242422277509749,-27.831726185070522,0.0,0.20138789750186162,0.01,0.003999948501586914,0.09451723098754883,0.0049332236,0.04947283,-7.781803153532883,-0.07161781757644851,-0.07271633321663104,0.0,1961,0.3209831714630127,0.03789950348863548,0.027959819683085894,639634,-12.4896435404906,0.0
294,5.200521469116211,-7.578837129490651,8.216029767051953,0.7436427319347195,-30.996653865929716,0.0,0.18571883683087864,0.01,0.004004955291748047,0.09051060676574707,0.0050311117,0.050787773,-7.76150655112866,-0.072927119560168,-0.07614048714694802,0.0,1908,0.31678175926208496,0.05810301201339909,0.042198290452903124,641542,-12.825084498102743,0.0
295,5.2655720710754395,-7.102812651280513,7.679307697833533,1.0268926344814708,-28.835288978216784,0.0,0.1948808485357686,0.01,0.004000425338745117,0.09251546859741211,0.004997676,0.052176155,-7.695637161143845,-0.07194138124238694,-0.0714430604163914,0.0,1942,0.33444952964782715,0.05386210922824566,0.034248757554418606,643484,-12.815514651092295,0.0
296,5.378619432449341,-7.332060797052395,8.254215704582107,1.5415083253652258,-30.03176610727282,0.0,0.21098528430097388,0.01,0.00599980354309082,0.11551690101623535,0.005051544,0.046095826,-7.659279524734701,-0.07199995472624815,-0.07373956894356234,0.0,1922,0.37795090675354004,0.050155341016785676,0.03517933523335653,645406,-12.506318283006797,0.0
297,6.119245290756226,-7.333150408815376,8.183548626632424,0.8371549117510451,-34.09336810310626,0.0,0.2058955313664669,0.01,0.008000850677490234,0.19803738594055176,0.0049948143,0.047005847,-7.626666613142768,-0.07170816837800505,-0.07374789323658364,0.0,1942,0.5817415714263916,0.04955560826869542,0.03471901464152476,647348,-12.536144541397103,0.0
298,5.196848630905151,-7.019765127849233,8.120845743206132,1.3575788762132677,-30.670291505590942,0.0,0.20248757105753132,0.01,0.003999233245849609,0.07351493835449219,0.004977134,0.049272068,-7.565976464613414,-0.07072249603837455,-0.07060945347081234,0.0,1901,0.2535429000854492,0.04831003418234012,0.029688261859151417,649249,-11.964027961866698,0.0
299,4.597561359405518,-7.161142642752833,8.150951699908301,0.7849137261411379,-28.942714905955384,0.0,0.1877440035096203,0.01,0.00400090217590332,0.07251572608947754,0.005012889,0.05282627,-7.5254930824273565,-0.07162954619287906,-0.07202258896275694,0.0,1882,0.2585430145263672,0.03958260319393563,0.030603686389640138,651131,-11.852741016322273,0.0
300,4.562391757965088,-7.220141599637174,8.144938968963615,0.8174803040192092,-33.09703975699977,0.0,0.2202588523596787,0.01,0.0030007362365722656,0.07751107215881348,0.0050123963,0.044965677,-7.4949579341483386,-0.07157539529239135,-0.07261152460962397,0.0,1922,0.2830312252044678,0.057133587488615294,0.040126921446068387,653053,-11.8625250531971,0.0
301,4.568765878677368,-7.128107192572054,8.003795940563526,1.1153890887435907,-29.31615801892192,0.0,0.2004330833376353,0.01,0.003997325897216797,0.0755152702331543,0.005020112,0.04895494,-7.458272859990711,-0.07132530409917459,-0.07163792668334397,0.0,1908,0.2640388011932373,0.04049131439607682,0.0275055247536733,654961,-12.160600367852684,0.0
302,4.491799831390381,-7.085244867411122,8.12362569167287,0.959382172865796,-30.343972264785318,0.0,0.1996654697103614,0.01,0.003000020980834961,0.07600140571594238,0.004992225,0.050331347,-7.420970060732752,-0.0709394418585398,-0.07126706751515025,0.0,1877,0.2575371265411377,0.03522261944941847,0.026414679816173913,656838,-12.159799537337825,0.0
303,4.61924409866333,-6.959938256610998,7.975465110351989,0.7202965345020093,-29.545746039979957,0.0,0.19603457716785236,0.01,0.005006074905395508,0.07799911499023438,0.0049770977,0.050023317,-7.374866880320576,-0.07083609125316605,-0.07001485660378395,0.0,1916,0.2796792984008789,0.038700373449330285,0.030065053256985604,658754,-11.871952221241731,0.0
304,4.6062891483306885,-7.098897274402407,8.097187780350529,0.8413122981321501,-30.081389029555197,0.0,0.20276184845882644,0.01,0.003996849060058594,0.07551693916320801,0.0049857534,0.04853358,-7.34726991972876,-0.07127085134231206,-0.07134532407156709,0.0,1931,0.2696189880371094,0.04103611664709941,0.02678573073924831,660685,-11.713151757438533,0.0
305,4.454863786697388,-7.135803397904262,8.040317562756192,0.7942941914511108,-28.62791677245076,0.0,0.19132300999756183,0.01,0.0040013790130615234,0.07107067108154297,0.005014446,0.050022528,-7.32612326754631,-0.07134504927718263,-0.07177006523831671,0.0,1871,0.2581186294555664,0.03983118491573309,0.030360827257388066,662556,-11.849731842192842,0.0
306,4.631976842880249,-7.08299451111823,8.186495272867074,0.8415498971336056,-32.070375009980516,0.0,0.19938313239088154,0.01,0.0039958953857421875,0.0760350227355957,0.0050640386,0.04854095,-7.301810391903502,-0.07076146737548962,-0.07124325390254482,0.0,1927,0.2550697326660156,0.052225616795457445,0.03348293246678028,664483,-11.801643833257383,0.0
307,4.699896335601807,-6.936630399757339,8.041606412671582,0.9399255612983883,-26.334133230573514,0.0,0.1914193834376517,0.01,0.003000974655151367,0.07339620590209961,0.0050056796,0.05303626,-7.2652923926888855,-0.0704064848201228,-0.06977524992318374,0.0,1930,0.26903724670410156,0.05482800765788481,0.039614489497841736,666413,-11.75697178489325,0.0
308,4.4868083000183105,-6.760317426630581,7.838780768287873,1.3085863384907297,-24.3441965798851,0.0,0.2048455640011415,0.01,0.0036072731018066406,0.07569599151611328,0.005030562,0.049456127,-7.214794896083055,-0.071197674150982,-0.06801697607920057,0.0,1876,0.2708165645599365,0.048783908734141596,0.03365617508974422,668289,-11.769837369344819,0.0
309,4.54331636428833,-6.882320588860392,7.7879168664691765,0.8698019162600152,-26.748862213339898,0.0,0.19845524923057833,0.01,0.003998517990112305,0.07510185241699219,0.005052183,0.04933072,-7.181547465360789,-0.07051121668867086,-0.06923927214738748,0.0,1900,0.2591056823730469,0.05278543300051188,0.038249286086790894,670189,-11.646714427192233,0.0
310,4.496409177780151,-6.656172082452329,7.956832652035256,0.8722797596034874,-26.143709470583477,0.0,0.1880158178356607,0.01,0.0030014514923095703,0.06899833679199219,0.005002035,0.051826205,-7.129009927069943,-0.07015899159680825,-0.06697275038033199,0.0,1853,0.24810576438903809,0.052579857083558085,0.03945423744761373,672042,-11.96709938745338,0.0
311,4.624852657318115,-6.723939200924972,7.798063227427703,0.8334274027843189,-27.205967701308932,0.0,0.19550921770498977,0.01,0.004000186920166016,0.07660818099975586,0.0050081396,0.050225813,-7.088502854455447,-0.06996129051983568,-0.06764937470398637,0.0,1908,0.2673647403717041,0.05041724085177111,0.033331267730698666,673950,-11.745137824034005,0.0
312,4.656503677368164,-6.739745196604045,7.5784972133171395,1.8236154691867432,-24.466738296905785,0.0,0.20778427197729984,0.01,0.004001617431640625,0.07851433753967285,0.0049956944,0.047235996,-7.053627088670307,-0.07007120486026447,-0.06781025375532271,0.0,1947,0.2701985836029053,0.04602393476539117,0.03356494328019063,675897,-11.375881637242525,0.0
313,4.600034236907959,-6.787656318968425,7.8197322922709915,1.0886243664512156,-26.331841707419155,0.0,0.20120033351847302,0.01,0.0040018558502197266,0.07350897789001465,0.0050380607,0.047037072,-7.027030011700119,-0.06989082884301927,-0.06822880688761061,0.0,1919,0.26353931427001953,0.052679240803670695,0.03890285455584629,677816,-11.383517453715513,0.0
314,4.620107650756836,-6.666500938245141,7.710411425225804,0.8292369900845081,-27.15533995101592,0.0,0.19668483223480754,0.01,0.004000425338745117,0.07499909400939941,0.004990752,0.050997175,-6.990977104354621,-0.06979561186001511,-0.06708131477893145,0.0,1932,0.26758670806884766,0.05215751160394251,0.03471737751895722,679748,-11.490972118456208,0.0
315,4.591689586639404,-6.579344086642051,7.751678364917495,0.8912203477655485,-26.799595688407184,0.0,0.1914585362446421,0.01,0.004000425338745117,0.08051180839538574,0.0050620837,0.051843386,-6.949813802583364,-0.06897027940151602,-0.06614476396467736,0.0,1928,0.2651083469390869,0.05137676471039711,0.03632917978075881,681676,-11.703928657142123,0.0
316,4.640357255935669,-6.596609558873356,7.457806933687948,0.8110727876853916,-27.32397132723099,0.0,0.2105839258400027,0.01,0.003998279571533203,0.07610869407653809,0.0049965405,0.045815334,-6.914493378212363,-0.06969618696903193,-0.06632747962962646,0.0,1956,0.27153778076171875,0.055739374632648296,0.04090118654570541,683632,-11.75570249430352,0.0
317,4.511683225631714,-6.48655935814365,8.256928179539148,1.5541701106272725,-34.391022673986804,0.0,0.20094779274969393,0.01,0.00299835205078125,0.0735173225402832,0.005026236,0.048007276,-6.871699976205492,-0.068636491069626,-0.06528151126344896,0.0,1880,0.2582225799560547,0.07470627484999459,0.04541200104159027,685512,-11.583630606336467,0.0
318,4.48524022102356,-6.496186522088,7.8047705468543205,1.409293589297959,-27.815119970203916,0.0,0.2130751655748412,0.01,0.003999948501586914,0.0775141716003418,0.0050600385,0.04368074,-6.834148630793743,-0.0691818856039265,-0.06537583608712541,0.0,1865,0.2675509452819824,0.06655741020416428,0.04195310848559822,687377,-11.33597130996593,0.0
319,4.689085960388184,-6.276116017989184,7.540510986356169,0.8112996046553341,-25.104251536878802,0.0,0.20855626263065444,0.01,0.0030012130737304688,0.08688592910766602,0.0049180686,0.04806488,-6.778345369513287,-0.06762141107912326,-0.06317237197744263,0.0,1972,0.2851266860961914,0.06274498724827017,0.04555250887953265,689349,-11.439965889811507,0.0
320,4.429360866546631,-6.4415014475323815,7.773991460775125,1.5541001899525546,-27.591499903931698,0.0,0.1861687118273474,0.01,0.003997802734375,0.07051229476928711,0.005024912,0.05063514,-6.744660977315197,-0.06910330973533332,-0.06482954149174933,0.0,1854,0.2565457820892334,0.05757506720167311,0.04044208047944829,691203,-11.398189349151421,0.0
321,4.553744554519653,-6.561250410264591,7.840050660802602,1.4072475756952032,-31.533533532844743,0.0,0.19738278362655517,0.01,0.0040018558502197266,0.07114481925964355,0.0050071017,0.049602605,-6.726319920610137,-0.06931707896619739,-0.06597391385990918,0.0,1886,0.2595486640930176,0.05673026966826859,0.037895424148490904,693089,-11.487244174567229,0.0
322,4.489659786224365,-6.401974080595727,7.772928622427256,1.0387344384891672,-30.06199431676829,0.0,0.19298932089489867,0.01,0.004000186920166016,0.07251286506652832,0.0050476687,0.050460342,-6.6938853366086954,-0.06905413284980953,-0.06443156899173401,0.0,1837,0.24904656410217285,0.06216329459134848,0.043879828229661556,694926,-11.297941940873818,0.0
323,4.524146556854248,-6.141046769825168,7.597900880321798,1.4166758804967459,-26.274909542723897,0.0,0.18946742372332256,0.01,0.0030002593994140625,0.07651233673095703,0.0050469474,0.051466882,-6.638601479930342,-0.06822563133647136,-0.061768918612522164,0.0,1890,0.2615485191345215,0.05094286938063452,0.03589832005020988,696816,-11.47757688283092,0.0
324,4.517520427703857,-6.272384761749291,7.671917565298781,1.8414504327005219,-29.243467075064313,0.0,0.19898566857666183,0.01,0.003999233245849609,0.08413362503051758,0.005009823,0.04997262,-6.601979808112237,-0.0682662000987738,-0.06313548603730057,0.0,1904,0.2742269039154053,0.039526756917386385,0.030038044557850165,698720,-10.941784203985442,0.0
325,4.500922679901123,-5.9989183828003245,7.401559339550803,1.8443388474015685,-24.335701897112358,0.0,0.1960656127086084,0.01,0.003004789352416992,0.07351136207580566,0.0050206943,0.050334405,-6.541673665581046,-0.06742534527560182,-0.0603434581219708,0.0,1874,0.25605225563049316,0.05590144979664885,0.03880716814313528,700594,-10.585188713173816,0.0
326,4.4614739418029785,-6.39578859504626,7.564457585281329,1.551747564836305,-23.369011629615592,0.0,0.20047318248373672,0.01,0.003506183624267578,0.074005126953125,0.005044102,0.048542675,-6.5270851585275675,-0.0692625621163186,-0.0643726931713167,0.0,1871,0.2607889175415039,0.050800991007447345,0.03345746716358965,702465,-10.387413488274955,0.0
327,4.5927135944366455,-6.110264280553144,7.488836658455076,1.3640151330360009,-24.565593688164356,0.0,0.2029887933597168,0.01,0.003999948501586914,0.07451748847961426,0.0049724947,0.05040642,-6.485403070730126,-0.06794175669478658,-0.06151611401105113,0.0,1915,0.26953125,0.045418245203484045,0.03276985314573368,704380,-10.535238752187913,0.0
328,4.39050030708313,-6.1111430035803505,7.583918588858164,1.3507050352200565,-25.040686694961536,0.0,0.2000968921501848,0.01,0.004042148590087891,0.07499980926513672,0.0049674413,0.048508123,-6.447977064015149,-0.06845550489322533,-0.06152275442716454,0.0,1838,0.25011396408081055,0.05147712480279094,0.03902853903912276,706218,-10.623183991202115,0.0
329,4.489519119262695,-6.065330558950351,7.691143215817167,0.7831464682941687,-27.76676739748986,0.0,0.18677362999087876,0.01,0.004000186920166016,0.07852339744567871,0.0050227977,0.052178204,-6.409712413508669,-0.06780432052846622,-0.06106464279212437,0.0,1881,0.2751893997192383,0.04861210988061858,0.039997809551970964,708099,-10.639556907301964,0.0
330,4.531702995300293,-6.1139190587244165,7.430243794945219,1.6488873441375973,-23.728852311940418,0.0,0.1889855148799638,0.01,0.004999399185180664,0.07300472259521484,0.0050525856,0.051335514,-6.380133078030244,-0.06796221248320782,-0.061549906850006476,0.0,1880,0.2532064914703369,0.059431050759152275,0.035705790343413785,709979,-10.397536028288929,0.0
331,4.710907220840454,-6.069533960697568,7.594015651398186,1.6470491811956478,-27.45294256680114,0.0,0.2020688801068148,0.01,0.003999948501586914,0.08151912689208984,0.0049818377,0.047800086,-6.349073166296977,-0.06719857842758803,-0.06100143896328125,0.0,1951,0.2695038318634033,0.05936067424184879,0.038156108511672664,711930,-10.456306820724665,0.0
332,4.429249048233032,-5.867398576348615,7.464871125748011,0.733911349538065,-27.023106993213982,0.0,0.18974617248198886,0.01,0.0029981136322021484,0.07451248168945312,0.0050547747,0.051857464,-6.300905707302141,-0.0674178068106091,-0.05908760164759538,0.0,1846,0.2520301342010498,0.05423963440050545,0.04136387688907421,713776,-10.239280843617966,0.0
333,4.605788946151733,-5.802907606067977,7.25824040080792,1.4032299412216553,-24.66321083492144,0.0,0.19090272348679985,0.01,0.004004240036010742,0.07300209999084473,0.00500929,0.051234197,-6.251105897178724,-0.06704707742813794,-0.05844293855066192,0.0,1886,0.25551486015319824,0.05040331086079519,0.034206370764085225,715662,-10.169803506043948,0.0
334,4.490466833114624,-5.657991206297039,7.402622038621515,0.8634904855981096,-23.64288079921762,0.0,0.19833858103445304,0.01,0.0039997100830078125,0.08284664154052734,0.004992235,0.05071148,-6.191794428090556,-0.0668915654072191,-0.056994509148112174,0.0,1841,0.24968671798706055,0.046132233377432615,0.031288705285798545,717503,-10.018281143250459,0.0
335,4.425310850143433,-5.797559491214505,7.565900789191766,1.274676913514817,-26.076651445836525,0.0,0.18877026275048717,0.01,0.004000425338745117,0.07001686096191406,0.0049705287,0.053134877,-6.152370934402951,-0.06681345174000067,-0.05839108402186394,0.0,1840,0.26282739639282227,0.04970827157476921,0.0343772517159222,719343,-10.029781415942534,0.0
336,4.496647119522095,-6.119434076507739,7.613261519262304,1.268616964637384,-27.411430835135263,0.0,0.2006787724661448,0.01,0.0039997100830078125,0.07200026512145996,0.0050113923,0.049062695,-6.1490772486134295,-0.06742954957705326,-0.061607362521837364,0.0,1882,0.2586052417755127,0.048457113759380846,0.036395455860976374,721225,-10.086407519763988,0.0
337,4.336007833480835,-6.065607558773848,7.882964761451042,1.1453991096882168,-34.406263078744395,0.0,0.19349417553319642,0.01,0.003001689910888672,0.07103657722473145,0.005018677,0.049116563,-6.140730279629471,-0.06780017265673614,-0.06107024209141797,0.0,1805,0.26453685760498047,0.07518045965813842,0.04649497065133047,723030,-10.10368613359213,0.0
338,4.345889091491699,-5.528595271474813,7.546610433080567,1.4655544686323143,-29.60689599689792,0.0,0.19740514399645023,0.01,0.0040013790130615234,0.06752276420593262,0.005038208,0.04950566,-6.079516778814005,-0.0664029025967707,-0.05570010029069974,0.0,1780,0.2370285987854004,0.05818490092921157,0.0360993678900932,724810,-10.094950520067162,0.0
339,4.446796894073486,-5.841677830133894,7.65441681022609,1.8360699089582104,-26.22418644074802,0.0,0.20205568917088212,0.01,0.003999233245849609,0.07202029228210449,0.005038665,0.0480534,-6.055732883945994,-0.0669849836852583,-0.05882848247306864,0.0,1843,0.2495405673980713,0.051929362361192395,0.0371078195408165,726653,-10.416294259584392,0.0
340,4.609221935272217,-5.953183621527373,7.379973949906726,1.2742827167273718,-26.853609531937007,0.0,0.20742837661513658,0.01,0.004000186920166016,0.0831606388092041,0.004974425,0.046452455,-6.045477957704131,-0.0672413111507354,-0.0598850295081208,0.0,1869,0.2920644283294678,0.07776203456635022,0.05483045780774369,728522,-10.431367657708886,0.0
341,4.525914192199707,-5.923725839986603,7.31664500909966,0.7527262697616792,-23.978851297591667,0.0,0.20638886695090258,0.01,0.004000186920166016,0.06792116165161133,0.0050021587,0.046150785,-6.033302745932378,-0.06784740786542023,-0.05955546873826105,0.0,1872,0.26036548614501953,0.06216931476526794,0.04294285676112177,730394,-10.36163014392871,0.0
342,4.333202838897705,-5.693078090503955,7.416978606666551,1.5653825318221717,-24.343891122665035,0.0,0.19795082122664767,0.01,0.0030007362365722656,0.06651425361633301,0.0050364723,0.05007297,-5.999280280389536,-0.06692572042432247,-0.057287918682720027,0.0,1820,0.2480297088623047,0.0462695003625015,0.03687283242608679,732214,-10.309931360329575,0.0
343,4.366400718688965,-5.952448851768727,7.706101260098006,1.2039028492686075,-24.202013227868107,0.0,0.19129529879103133,0.01,0.0030019283294677734,0.0721287727355957,0.0049796524,0.047527842,-5.994597137527455,-0.06722609501532632,-0.05993904152400076,0.0,1834,0.24416279792785645,0.06747278217686666,0.0532645545678168,734048,-10.331226370210086,0.0
344,4.364961385726929,-5.8202346915320025,7.580967428468056,1.5732236787287817,-31.944225149154114,0.0,0.18735611593067034,0.01,0.003998994827270508,0.0661172866821289,0.00500747,0.048895523,-5.97716089292791,-0.06693296583705624,-0.05861538199781739,0.0,1836,0.24103569984436035,0.0806238458722189,0.053673252977886284,735884,-10.300937545679458,0.0
345,4.32199501991272,-5.631859738262412,7.412368523621119,0.7547726142265225,-25.984185614868668,0.0,0.2054291335633803,0.01,0.0039980411529541016,0.06961941719055176,0.0050217155,0.047883738,-5.94263077746136,-0.06679829002360141,-0.056730700844354734,0.0,1822,0.2566812038421631,0.05028595623808998,0.03545021329603252,737706,-10.260105612119448,0.0
346,4.399365186691284,-5.935562182804277,7.510000550536952,1.035876810068404,-25.25304348702476,0.0,0.21939684565737583,0.01,0.0030012130737304688,0.07251381874084473,0.004979784,0.04513174,-5.941923917995652,-0.06741005282688792,-0.05976866511714196,0.0,1871,0.24954509735107422,0.060049658769036215,0.040291848754998805,739577,-9.979753528497053,0.0
347,4.300446033477783,-5.793929161356713,7.36294282564395,2.041079911274865,-26.667224542310308,0.0,0.19505072617293703,0.01,0.003003358840942383,0.06983470916748047,0.0049891165,0.049803358,-5.927124442331759,-0.0674561120396257,-0.05828969289152628,0.0,1827,0.24263978004455566,0.06309582540720318,0.05113732145305323,741404,-9.961204275449868,0.0
348,4.326738595962524,-5.64238328734279,7.344548441453979,1.239016867466844,-24.686704037292017,0.0,0.19658169315358268,0.01,0.003000974655151367,0.06616806983947754,0.0050501,0.049613222,-5.898650326832862,-0.06653487848957564,-0.05683657203183412,0.0,1836,0.2310800552368164,0.06313896687845975,0.04807692760625646,743240,-10.284782794019362,0.0
349,4.393871784210205,-5.791633635774572,7.5795062301162845,1.6345845489490662,-26.139877590957216,0.0,0.21318048127373798,0.01,0.004000186920166016,0.0705101490020752,0.0049937884,0.045929905,-5.8879486577270335,-0.06735714071210064,-0.058326826564567315,0.0,1802,0.2429487705230713,0.05836831991744526,0.04201030860359022,745042,-9.878982531135591,0.0
350,4.417761325836182,-5.533679705194215,7.242929544407205,1.7093925114070658,-23.575216488570636,0.0,0.19976896802104796,0.01,0.004000186920166016,0.06699919700622559,0.0050140275,0.04982534,-5.852521762473752,-0.06574514202308207,-0.055689295582089016,0.0,1884,0.24553442001342773,0.05781050136420256,0.03942719810902509,746926,-9.893941802259558,0.0
351,4.137970447540283,-5.3609125243923925,7.305064334054598,0.7671754568854596,-25.027737672864497,0.0,0.18357508816082016,0.01,0.004001617431640625,0.06836533546447754,0.004978044,0.052916847,-5.803360838665616,-0.06639109218820687,-0.05395854977093369,0.0,1737,0.22831988334655762,0.05053616556857394,0.03179964731671149,748663,-9.81169715008002,0.0
352,4.195400714874268,-5.439169290183034,7.227017428969007,2.040625696116623,-25.064417479827704,0.0,0.1873774736671087,0.01,0.002998828887939453,0.06151175498962402,0.0049920157,0.050996516,-5.7669416838173575,-0.06655253230349696,-0.05480594320762002,0.0,1773,0.23102855682373047,0.055483965126593635,0.03657905043588434,750436,-9.78258510452167,0.0
353,4.347461223602295,-5.616020636935612,7.235186774088754,1.801390463802291,-32.10587148187193,0.0,0.19951849384203324,0.01,0.0039997100830078125,0.061516523361206055,0.005022097,0.048042487,-5.751849579129183,-0.06651375227250331,-0.056510004585947536,0.0,1837,0.2438373565673828,0.06927784968225131,0.04616651884962775,752273,-9.725099741098566,0.0
354,4.295892715454102,-5.641604336102621,7.24202732949047,1.4073087555241859,-25.141480044796857,0.0,0.1878528840481384,0.01,0.0040013790130615234,0.06551504135131836,0.0049535767,0.051749248,-5.7408250548265265,-0.06672426595158211,-0.05683083287442943,0.0,1805,0.23562383651733398,0.0639762592317414,0.04290885073201585,754078,-9.687480165487978,0.0
355,4.30218243598938,-5.379516575808332,7.294450251365048,1.5511449539101085,-22.248031436260238,0.0,0.18931783616444958,0.01,0.004000663757324219,0.06951332092285156,0.0050192587,0.05088377,-5.704694206924707,-0.06606005653122975,-0.05420826602239994,0.0,1803,0.2328023910522461,0.06341725979901446,0.03995160079349017,755881,-9.718334043541065,0.0
356,4.2732861042022705,-5.46129197658456,7.447689501490713,1.6510130702029513,-27.291777691753076,0.0,0.20579374638699469,0.01,0.0035085678100585938,0.06751632690429688,0.004974649,0.047536626,-5.680353983890693,-0.0662833490787849,-0.05502315549366057,0.0,1803,0.23603177070617676,0.04894401521068941,0.031627912533733066,757684,-9.794687059514285,0.0
357,4.23455810546875,-5.50765934218263,7.358612696443551,1.7791749830192107,-23.683849999520042,0.0,0.19053411411416424,0.01,0.003998756408691406,0.06450867652893066,0.0050289035,0.051751867,-5.663084519719886,-0.06633940446894812,-0.055487764805145966,0.0,1795,0.2330322265625,0.049293896252448836,0.03649708619621957,759479,-9.742195479759513,0.0
358,4.121967315673828,-5.390481370295905,7.237667344219774,1.3337442659447327,-27.601978905629075,0.0,0.19656738614006922,0.01,0.0030040740966796875,0.06251168251037598,0.0050103986,0.04909567,-5.635824204777489,-0.06646775150583559,-0.05432007014533384,0.0,1737,0.23255515098571777,0.04409515981656011,0.03170288623176482,761216,-9.654090692121907,0.0
359,4.288268327713013,-5.376839108658848,7.212747697090029,1.4806550645821965,-26.9880831108139,0.0,0.20012829717385613,0.01,0.0029993057250976562,0.06851553916931152,0.005019204,0.04912723,-5.609925695165624,-0.06611226459828848,-0.054117121516922606,0.0,1815,0.27303004264831543,0.05224537957765484,0.04347591386034893,763031,-9.560822563833414,0.0
360,4.2870988845825195,-5.48555275966695,7.521810448864455,1.213812115377141,-34.31472910973074,0.0,0.19005714428684872,0.01,0.003999233245849609,0.06651020050048828,0.0050509525,0.049772292,-5.597488401615757,-0.0659835993498715,-0.05521270426398173,0.0,1810,0.2428724765777588,0.0670423269809989,0.045120009267489145,764841,-9.424650704185733,0.0
361,4.175184726715088,-5.301527013136837,7.261525620992372,1.402662836427758,-23.893088862942196,0.0,0.19786917806196092,0.01,0.002997159957885742,0.06151437759399414,0.00499107,0.048739538,-5.567892262767865,-0.06611584353720289,-0.05342758175099897,0.0,1758,0.22702717781066895,0.0557917731268896,0.040014860177731384,766599,-9.371955569684342,0.0
362,4.181524753570557,-5.202112167659534,7.240405679067557,1.8127482527599998,-22.055234616341576,0.0,0.2075043100179496,0.01,0.003998756408691406,0.06600761413574219,0.004989948,0.047529154,-5.531314253257032,-0.06595988603575112,-0.05237883144198393,0.0,1755,0.2474820613861084,0.05310111948526292,0.04014067570369497,768354,-9.431548687869379,0.0
363,4.261248826980591,-5.244249277938456,7.202835410170032,1.9201494662276852,-25.841852588190385,0.0,0.20192724038462256,0.01,0.003999471664428711,0.06251955032348633,0.0049847076,0.04729527,-5.502607755725175,-0.06543576186998509,-0.05285710134393713,0.0,1790,0.23202276229858398,0.05614519519745688,0.04050742255416931,770144,-9.254215541574627,0.0
364,4.2395548820495605,-5.396508093948318,7.16995171310091,1.593301507016971,-22.863782257412158,0.0,0.1925847555135224,0.01,0.0030012130737304688,0.06250715255737305,0.0050656665,0.049292583,-5.49199778954749,-0.06607420343789266,-0.05437719362367159,0.0,1781,0.22602438926696777,0.05258580696988961,0.037991775527241506,771925,-9.257430964278802,0.0
365,4.272442579269409,-5.183390368115559,6.970875950113541,1.7386968079171818,-22.19602669749392,0.0,0.1869662205049499,0.01,0.004000186920166016,0.06200361251831055,0.0050445846,0.05243873,-5.461137047404297,-0.06584724111999947,-0.052191473437559456,0.0,1785,0.22554898262023926,0.0551669604681324,0.033530998041819686,773710,-9.278472213469726,0.0
366,4.252238988876343,-5.457575612809505,7.273684267249451,1.6489112180498449,-23.648115058154254,0.0,0.18812100551078662,0.01,0.004000425338745117,0.07051897048950195,0.005011614,0.04993826,-5.460780903944818,-0.06639046668235642,-0.054894046091535496,0.0,1792,0.23453640937805176,0.06976872471302203,0.048516144515757295,775502,-9.115596061145743,0.0
367,4.20960807800293,-5.110528274978422,7.1084846177854,1.1500378301222818,-23.545099740396793,0.0,0.20085240663711953,0.01,0.004000186920166016,0.06406831741333008,0.004993681,0.048986815,-5.425755641048179,-0.06550269634258914,-0.051455310444109184,0.0,1760,0.23903155326843262,0.05716689354847216,0.03934204218841813,777262,-9.195999398882023,0.0
368,4.224414110183716,-5.170010765754848,7.232494320482439,1.861223106039201,-27.75416494016829,0.0,0.18703467379829727,0.01,0.004000425338745117,0.06251859664916992,0.0049946797,0.04963845,-5.400181153518846,-0.06573118125214891,-0.05205677610995481,0.0,1775,0.2250349521636963,0.048263796267253314,0.034424256830073476,779037,-9.150648299132667,0.0
369,4.326432466506958,-5.322688916941187,7.199417694878594,1.2324949094178241,-23.79695481186057,0.0,0.2084783183095059,0.01,0.00400090217590332,0.07358908653259277,0.0049863495,0.04655589,-5.392431929861081,-0.06569049217016372,-0.05358605291201009,0.0,1772,0.2321023941040039,0.05731435935768524,0.038286536566615355,780809,-9.135530727380393,0.0
370,4.246571063995361,-5.317014101898749,7.124848303007662,1.6681137961396417,-26.408453283262507,0.0,0.18860291212008623,0.01,0.003998517990112305,0.07051324844360352,0.0049808,0.051071938,-5.384890147064848,-0.06614515829132776,-0.05358832801636397,0.0,1754,0.2285470962524414,0.050852441993263456,0.03417157671561284,782563,-9.16820697654643,0.0
371,4.218001365661621,-5.111829847471683,7.162482586646591,1.6424512798699664,-24.733786142413216,0.0,0.19467252948946925,0.01,0.0029993057250976562,0.06452202796936035,0.004948865,0.04826987,-5.357584117105532,-0.06545665639443014,-0.05153203278005773,0.0,1752,0.22802972793579102,0.05007431201748034,0.036681985264282756,784315,-9.037427061477501,0.0
372,4.249099016189575,-5.060607011297511,7.179291423885684,1.3446975979331743,-23.57957030239064,0.0,0.20520440105848023,0.01,0.0039997100830078125,0.06358051300048828,0.005058349,0.046821173,-5.32788640652473,-0.06535266383344229,-0.050964206015756464,0.0,1731,0.23104500770568848,0.06188020414781907,0.03984641995606748,786046,-9.232720855746004,0.0
373,4.206714630126953,-5.281929003775213,7.186986910077529,1.5694375375008658,-24.247043612014366,0.0,0.19872248891138997,0.01,0.0030002593994140625,0.06352043151855469,0.005009585,0.049196474,-5.323290666249779,-0.06608951188356499,-0.053234000943359075,0.0,1764,0.23402857780456543,0.05343793062219598,0.0415076500757846,787810,-8.919447170337392,0.0
374,4.242815732955933,-5.241778925450143,7.078075908646623,0.9384385274735149,-22.08791491397243,0.0,0.1974850432249948,0.01,0.0035126209259033203,0.06499767303466797,0.00499464,0.04874668,-5.315139492169816,-0.06594664839505596,-0.052831556247229794,0.0,1782,0.22304010391235352,0.05518983748545108,0.03883075009262726,789592,-8.715221408995664,0.0
375,4.278687238693237,-5.067571310257953,7.041485658104449,1.7632652345529392,-21.937828440615462,0.0,0.18751161887790632,0.01,0.003997802734375,0.06751322746276855,0.005017816,0.05128209,-5.2903826739786295,-0.06531467766793406,-0.051088092398457054,0.0,1794,0.23702692985534668,0.04728221517857643,0.035929470199913154,791386,-8.63941409119288,0.0
376,4.405026435852051,-5.004477374205809,7.1659610147020025,1.6628639811313504,-23.624812140497568,0.0,0.1909913096130406,0.01,0.00400090217590332,0.07551813125610352,0.0049647214,0.051574644,-5.2617921440013475,-0.06488128209341013,-0.05045840802490091,0.0,1825,0.24702978134155273,0.03816633816411923,0.024106114516329658,793211,-8.613175271024279,0.0
377,4.254806041717529,-5.026225189403509,6.954673853580256,1.8558208620919188,-23.146140148418155,0.0,0.19894548138263074,0.01,0.003004789352416992,0.06300067901611328,0.004991219,0.0459483,-5.238235448541563,-0.06504735114311722,-0.05067629885891452,0.0,1788,0.231550931930542,0.051880958205499636,0.039796970021282,794999,-8.389709698523323,0.0
378,4.193821668624878,-4.776620779910398,6.930250182666315,1.1930140055922087,-21.58270216745653,0.0,0.20050044107419046,0.01,0.0029985904693603516,0.06751394271850586,0.0050147003,0.04968157,-5.192073981678447,-0.06486135716645214,-0.04818068098692106,0.0,1752,0.24280595779418945,0.04105455878564172,0.025401680787982602,796751,-8.351114118515525,0.0
379,4.141616582870483,-5.024763731238258,7.048374122247398,1.6240081090007785,-26.51332873887851,0.0,0.18883580065776284,0.01,0.003998517990112305,0.058999061584472656,0.0050619766,0.05031211,-5.175342956634428,-0.0656121358077142,-0.05066158937276808,0.0,1726,0.22505927085876465,0.04074985881266309,0.026961089750856062,798477,-8.38838183684858,0.0
380,4.279903173446655,-5.098259081070848,7.08323071200369,1.3281169036538054,-23.348159061621004,0.0,0.19941226461243625,0.01,0.0029993057250976562,0.0645151138305664,0.0050188573,0.04924768,-5.1676345690780705,-0.06542067860179464,-0.051302274838884686,0.0,1799,0.23302412033081055,0.043263410644373994,0.031089153152454172,800276,-8.27595801747557,0.0
381,4.2006471157073975,-4.903807959933259,6.903995302285787,1.4299759047035339,-23.8904524230791,0.0,0.19594615509906893,0.01,0.0030019283294677734,0.061510562896728516,0.005035363,0.050351977,-5.141251908163589,-0.06551187769300806,-0.0494520274011821,0.0,1687,0.21602916717529297,0.048684483720101486,0.03430280309564694,801963,-8.341670417942144,0.0
382,4.2027812004089355,-5.012054634069807,6.908797091881257,1.2678169359055387,-22.148584199939293,0.0,0.19574357953980878,0.01,0.004002809524536133,0.06351041793823242,0.0050117136,0.049874302,-5.128332180754211,-0.0652696432803214,-0.050534605845775384,0.0,1755,0.23053836822509766,0.04803798638094431,0.03465001177504953,803718,-8.304975470690234,0.0
383,4.234337568283081,-4.939457675871921,7.011792434336523,1.8850781611583183,-23.584302469688804,0.0,0.1972952490519308,0.01,0.0035102367401123047,0.06860065460205078,0.004995779,0.049272478,-5.109444730265982,-0.06517778286574671,-0.049717420736502774,0.0,1768,0.2365429401397705,0.03835254066899456,0.029797708929674403,805486,-8.128025359588618,0.0
384,4.108989238739014,-4.8434535034652555,6.903328656354036,1.027263657114046,-23.20118504052763,0.0,0.20241613989182505,0.01,0.004001140594482422,0.0665135383605957,0.0050305496,0.048466533,-5.082845607585909,-0.0651447830782759,-0.048845405803261945,0.0,1704,0.22904491424560547,0.0449982972982873,0.02670974059797098,807190,-8.093034550633675,0.0
385,4.117426872253418,-5.019786611700624,7.113052337362454,1.0439233320694217,-22.86825726648098,0.0,0.198622510989908,0.01,0.003000497817993164,0.060543060302734375,0.005051634,0.04829649,-5.076539707997381,-0.06582156044983085,-0.050558006759884734,0.0,1721,0.2170259952545166,0.044812562482814976,0.03057670936873684,808911,-7.825901027569564,0.0
386,4.161695957183838,-4.92815573826053,7.0420501406559115,1.7138390613450634,-21.971825397475346,0.0,0.1964261138023263,0.01,0.0039997100830078125,0.06551694869995117,0.0050095934,0.050394267,-5.061701311023696,-0.06491631993397401,-0.049636469971507356,0.0,1728,0.23355412483215332,0.03738622092713214,0.02720793713148284,810639,-7.735932853606758,0.0
387,4.097261905670166,-4.966353617970681,7.032364403392595,1.2863219186770594,-23.0577135437789,0.0,0.19457900965606986,0.01,0.0030014514923095703,0.06451797485351562,0.0050297943,0.049397107,-5.052166541718394,-0.06560951270711632,-0.050075608094530155,0.0,1709,0.22902464866638184,0.03668578766827821,0.02702908512500672,812348,-7.667281564613018,0.0
388,4.2075488567352295,-4.926894312253032,7.000285249160173,1.3846446007389601,-23.17406156543723,0.0,0.19456315991378015,0.01,0.003999233245849609,0.06399774551391602,0.0050349166,0.051304426,-5.039639318771858,-0.0647970579322273,-0.04968288099041244,0.0,1754,0.2431941032409668,0.04978197695325333,0.0372691632092222,814102,-7.698686715699845,0.0
389,4.109074592590332,-4.910030693996033,7.009272995241454,1.5863269765761094,-23.025075970044554,0.0,0.2013633290915408,0.01,0.004000425338745117,0.06351256370544434,0.0050033955,0.04817308,-5.026678456294276,-0.06547111354619657,-0.049420664116768716,0.0,1709,0.22503209114074707,0.042906063426586906,0.03244424873493451,815811,-7.6633525296821405,0.0
390,4.0638628005981445,-4.916530207098045,7.127779737435761,1.485077403192523,-24.857531294341356,0.0,0.18993318682710925,0.01,0.002998828887939453,0.06352043151855469,0.004988301,0.05077296,-5.015663631374653,-0.06560871436138857,-0.04957838439981326,0.0,1681,0.2112133502960205,0.03714118455248779,0.024182351711272823,817492,-7.6327464312235405,0.0
391,4.152604579925537,-4.814283382515873,7.015912177272631,1.5376766192447284,-21.878509262493427,0.0,0.20169114792994905,0.01,0.003999948501586914,0.0630800724029541,0.004997667,0.048546825,-4.9955256064887745,-0.06500104388648469,-0.04855605475559744,0.0,1730,0.23403406143188477,0.03647026506209961,0.027178685047867975,819222,-7.671150810024258,0.0
392,4.124659776687622,-4.772747647704155,6.895015876634856,1.8035801828654487,-22.1338710127657,0.0,0.20305827504535506,0.01,0.0030012130737304688,0.06300187110900879,0.004994989,0.049051475,-4.973247810610313,-0.06479513056372607,-0.04814178988180716,0.0,1723,0.22303986549377441,0.039550910181007974,0.02660985436492257,820945,-7.647464110951337,0.0
393,4.110642433166504,-5.068638119515903,7.186527046949251,1.668092058349159,-24.777368294739134,0.0,0.18806800303885274,0.01,0.0029993057250976562,0.06051826477050781,0.0050282315,0.05164822,-4.9827868415008725,-0.0656460439440042,-0.05110255870975168,0.0,1710,0.2275524139404297,0.054724273805792006,0.03756631062285023,822655,-7.628518724541576,0.0
394,4.1857008934021,-4.866787281269592,6.948739082844742,2.1356149065838688,-21.65248769969225,0.0,0.18759717888552727,0.01,0.004000186920166016,0.07799816131591797,0.005021299,0.052255657,-4.971186885477745,-0.0651704939956089,-0.049018686975428036,0.0,1726,0.263049840927124,0.0560908512504521,0.029391226290723448,824381,-7.607561804157716,0.0
395,4.273096323013306,-4.967650001282729,7.007757532974731,1.0504105718531909,-22.73619407185192,0.0,0.20523317847706027,0.01,0.004001140594482422,0.07051730155944824,0.0050416794,0.04640656,-4.970833197058243,-0.0651344394407159,-0.05008804843817597,0.0,1735,0.2505514621734619,0.05585157322938052,0.03372973003914377,826116,-7.528423798846454,0.0
396,4.154653072357178,-4.714374249021577,6.710083951467285,1.563301100836856,-20.792968106823544,0.0,0.18022998863737294,0.01,0.004004716873168945,0.06011557579040527,0.0050137877,0.049846433,-4.945187302254577,-0.06469799038164807,-0.04749457124936565,0.0,1708,0.22464513778686523,0.05656863863554278,0.03602715287942778,827824,-7.555213756199346,0.0
397,4.16874098777771,-4.853634236587901,6.752652586215138,1.4257867962064419,-21.642985524769884,0.0,0.1976017973948217,0.01,0.004002094268798828,0.06551480293273926,0.004951843,0.04933665,-4.93603199568791,-0.06525496483994804,-0.04894772466402386,0.0,1730,0.22202372550964355,0.056525299419680514,0.03630864343041836,829554,-7.552206555428526,0.0
398,4.081293344497681,-4.7167033382491015,6.888038265061923,1.7244002493962864,-23.269565083303295,0.0,0.19513784137642134,0.01,0.00400090217590332,0.0635080337524414,0.0049333656,0.049294084,-4.914099129944029,-0.06486865659424709,-0.04757659848399407,0.0,1677,0.222029447555542,0.033901633998412735,0.023386353030118313,831231,-7.618536093298381,0.0
399,4.0727598667144775,-4.8538536781403305,6.70175787287335,0.7682289057224001,-21.943555216580705,0.0,0.19654323882305455,0.01,0.003507852554321289,0.05900144577026367,0.0049739624,0.04934576,-4.90807458476366,-0.06576454308765953,-0.04895408393135807,0.0,1681,0.21608495712280273,0.04246723684846076,0.030072815492761855,832912,-7.547314535168344,0.0
400,4.12241005897522,-5.009623861455023,6.847827414914382,1.3075248349065496,-21.61209712755205,0.0,0.19507286735708543,0.01,0.0029997825622558594,0.05850648880004883,0.0050591654,0.04926479,-4.918229512432797,-0.06591647104532596,-0.05044908470456122,0.0,1721,0.22153544425964355,0.05696937026618361,0.03608005341588853,834633,-7.593987209452832,0.0
401,4.058812618255615,-4.622946594085041,6.832510145801092,1.2779838478970404,-24.403500739550395,0.0,0.18937240867203314,0.01,0.0030002593994140625,0.0630040168762207,0.0050256536,0.051566906,-4.888701220598021,-0.0648504228501052,-0.046642405915109805,0.0,1648,0.2250971794128418,0.04526950886856868,0.030016062188195396,836281,-7.545954700044173,0.0
402,4.238931655883789,-4.720736451708381,6.81335394093144,1.3776057279923468,-22.56179343999589,0.0,0.19988710909003232,0.01,0.003000974655151367,0.07000112533569336,0.005011105,0.047930494,-4.871904743709058,-0.06457796565660952,-0.047615665265260114,0.0,1739,0.2435462474822998,0.0408063829467027,0.029241219936765046,838020,-7.537263982894055,0.0
403,4.821231126785278,-4.793289557383626,6.9403631410809,1.6122308623973127,-22.210928333762055,0.0,0.19526529957695385,0.01,0.00400233268737793,0.08752942085266113,0.005029894,0.050651595,-4.864043225076515,-0.06481984336148822,-0.048281486577125374,0.0,1700,0.28385472297668457,0.038264577211913356,0.026473771016163366,839720,-7.502909574086561,0.0
404,4.946603298187256,-4.687192578538142,6.737489954875078,1.7029889864458183,-20.902136904897116,0.0,0.1930222648895669,0.01,0.008999347686767578,0.1063835620880127,0.004999037,0.050146405,-4.846358160422678,-0.0645657285628927,-0.04728466036379545,0.0,1687,0.303386926651001,0.04297434671691444,0.03084139546186051,841407,-7.330954263222682,0.0
405,5.096538305282593,-4.783775627036102,7.028270526140341,1.4620733800863943,-22.24395522589873,0.0,0.19141702144657508,0.01,0.004000663757324219,0.06751728057861328,0.0049720476,0.05079259,-4.840099907084021,-0.06476706323044001,-0.04819220121421217,0.0,1710,0.32054710388183594,0.037686645102374454,0.022952883914475877,843117,-7.189077740048509,0.0
406,4.639260530471802,-4.535798410235264,6.740414392541667,1.5128567443670518,-20.950259281339388,0.0,0.1921101854026543,0.01,0.0030002593994140625,0.06551265716552734,0.0049648196,0.05086985,-4.809669757399146,-0.06435834523622216,-0.045714008957626784,0.0,1684,0.32043933868408203,0.03922202116098649,0.02466443032254306,844801,-7.412368375555751,0.0
407,4.837552547454834,-4.68793569696982,6.787010929193902,1.5607243022558466,-22.57850100331833,0.0,0.18500039351540445,0.01,0.005000114440917969,0.1305069923400879,0.0050030146,0.049982224,-4.797496351356213,-0.06506837696058229,-0.047292253624771304,0.0,1728,0.331636905670166,0.04298439470056988,0.026714262041093655,846529,-7.39329389797175,0.0
408,4.832427263259888,-4.822587804567504,7.024772436458514,2.1065580147093277,-23.546577534653157,0.0,0.1899000132543261,0.01,0.003000497817993164,0.1349496841430664,0.0050060637,0.04910674,-4.800005496677342,-0.06478664336452297,-0.048641237338296464,0.0,1739,0.28745269775390625,0.06652917615913884,0.043986075522854384,848268,-7.43407452309126,0.0
409,4.609894275665283,-4.72221731027188,6.965228634738285,1.4017696242930462,-21.785975295282615,0.0,0.20244827270540833,0.01,0.00599980354309082,0.0775136947631836,0.005012156,0.049193315,-4.792226678036797,-0.0644014044067398,-0.0475675664595844,0.0,1702,0.253037691116333,0.04127456413367538,0.022826829668195086,849970,-7.433969980703035,0.0
410,6.370212078094482,-4.652848578956851,6.8475636127385435,1.8637400284721781,-25.955812250057907,0.0,0.19704996322431126,0.01,0.010002374649047852,0.2708878517150879,0.0050109588,0.048868533,-4.778288868128802,-0.06456905262022239,-0.04694132114873305,0.0,1693,0.8062114715576172,0.040417427280988544,0.035527000663060825,851663,-7.465850298018566,0.0
411,5.4296019077301025,-4.7604627375969795,7.052480882805598,1.350217944024776,-22.386096531876582,0.0,0.2026008820213414,0.01,0.004999399185180664,0.0845179557800293,0.004993817,0.046562303,-4.77650625507562,-0.06442421344026907,-0.04801468986991901,0.0,1713,0.32555341720581055,0.04933814586047888,0.03045381365688429,853376,-7.378386889585085,0.0
412,4.9667041301727295,-4.632656717548427,7.030693964113896,1.973919564496653,-23.858249745835185,0.0,0.18670850812322662,0.01,0.004001140594482422,0.09651589393615723,0.00496822,0.05126926,-4.7621213013229005,-0.06471838761091997,-0.0467358259105212,0.0,1688,0.3738687038421631,0.042311665972026874,0.02804615446144353,855064,-7.507379177363977,0.0
413,5.351956129074097,-4.505040788113976,6.740316720258459,1.5029799169468818,-20.943578505900234,0.0,0.19070612563210637,0.01,0.0040950775146484375,0.09051227569580078,0.0050025797,0.051846012,-4.736413250002008,-0.06425843185015563,-0.04546665321719989,0.0,1649,0.28756046295166016,0.033112395188161094,0.024087240639748535,856713,-7.516321751897346,0.0
414,4.991552352905273,-4.6782903596769145,6.880324673112677,1.7891515384215266,-21.849504800900757,0.0,0.1824344964564674,0.01,0.003999948501586914,0.07851290702819824,0.00500522,0.052142605,-4.730600960969499,-0.06435985454794282,-0.0471965647373087,0.0,1683,0.26924657821655273,0.04110517868919181,0.028063686647819757,858396,-7.4753656735600655,0.0
415,4.9719932079315186,-4.673551447124265,6.8195253695773275,1.4553394762217393,-22.0740164575416,0.0,0.1883737118343659,0.01,0.003999948501586914,0.0940554141998291,0.005036742,0.050119992,-4.724896009584976,-0.06453381451563525,-0.04705303180649688,0.0,1701,0.28605055809020996,0.05890493274572017,0.04238907239694924,860097,-7.418044200036332,0.0
416,5.023167848587036,-4.560930496764824,6.750738462163339,0.8048609131680156,-22.566889989643904,0.0,0.1749629421323584,0.01,0.003998756408691406,0.08251833915710449,0.0049873847,0.055707134,-4.708499458302961,-0.06487640758682997,-0.04602300435627529,0.0,1625,0.2650339603424072,0.0471970324297802,0.031675388099290526,861722,-7.479240290884545,0.0
417,6.373637437820435,-4.629204403533181,6.792249917882954,1.5899601707034627,-24.525446800818038,0.0,0.1948861866861491,0.01,0.0050013065338134766,0.11682581901550293,0.0050467183,0.04951656,-4.700569952825982,-0.06435952921002355,-0.046705451071566026,0.0,1721,0.2799971103668213,0.038962975100912046,0.022245681192191148,863443,-7.425762474703168,0.0
418,4.614144563674927,-4.749911500949933,6.909868987399229,1.4186428604886392,-21.24450743804403,0.0,0.1945933260486388,0.01,0.003998756408691406,0.07151603698730469,0.0049515744,0.049936548,-4.705504107638378,-0.06470230196561397,-0.047912772224516675,0.0,1706,0.25655055046081543,0.048548745314858976,0.03450911315887307,865149,-7.166678490654465,0.0
419,4.294675588607788,-4.644005316474557,6.707825874849696,1.5260459820649817,-22.946264289321718,0.0,0.1966164210257079,0.01,0.0060002803802490234,0.10714316368103027,0.005014902,0.050061613,-4.699354228521996,-0.06469295263779029,-0.04678720086167838,0.0,1692,0.3411836624145508,0.040551841187133446,0.028649391681417946,866841,-6.8954467419230365,0.0
420,4.535946607589722,-4.486432212696636,6.81110487084325,2.0415947669024153,-23.1915494538671,0.0,0.20021051576968388,0.01,0.005000114440917969,0.08451604843139648,0.004961671,0.048526403,-4.67806202693946,-0.06391563876164062,-0.04518282912721799,0.0,1718,0.2732658386230469,0.04346972596739,0.03282742773143189,868559,-6.78516584603485,0.0
421,4.2239179611206055,-4.4618148577491485,6.806454409817821,1.1447444726597367,-21.76418150147526,0.0,0.21294992210093108,0.01,0.003998517990112305,0.06951498985290527,0.0049756267,0.046764173,-4.656437310020429,-0.06389283523818703,-0.04503044009767554,0.0,1683,0.24474024772644043,0.031313109107234054,0.01669401520517076,870242,-6.767705667845108,0.0
422,4.376067399978638,-4.5241344199036435,6.82743096821411,1.607727300723298,-23.060305129518653,0.0,0.19589513299695177,0.01,0.004000186920166016,0.0695185661315918,0.0050058016,0.04838974,-4.643207021008751,-0.06433988108718786,-0.04565269855048711,0.0,1690,0.2494816780090332,0.04092919555499937,0.02900341771634242,871932,-6.684311585715695,0.0
423,5.3152546882629395,-4.586309567377075,7.057351440236582,1.8204859213882454,-28.21746819440743,0.0,0.2146545488282634,0.01,0.007997512817382812,0.12403464317321777,0.00504547,0.0439527,-4.637517275645583,-0.06449199164187173,-0.04621589237530017,0.0,1645,0.35916733741760254,0.060110858033263596,0.043212108465868634,873577,-6.798926051056489,0.0
424,4.759601831436157,-4.4823510187385525,6.747539882102057,1.1620796215934555,-21.33061627951264,0.0,0.18417645068566407,0.01,0.004005908966064453,0.13402891159057617,0.005017898,0.05348694,-4.62200064995488,-0.06441620859972189,-0.04523776947065699,0.0,1639,0.5957505702972412,0.04298314496029317,0.019746470144978996,875216,-7.074924092353051,0.0
425,5.771685361862183,-4.536294147308089,6.784943308183074,1.3534214802988256,-22.332176038644207,0.0,0.19020378598242887,0.01,0.004000425338745117,0.08250975608825684,0.004995955,0.050652616,-4.613429999690201,-0.06467787810165967,-0.04571381617049925,0.0,1624,0.2670612335205078,0.036321642416484015,0.026097070608766305,876840,-6.966836424122772,0.0
426,5.239140748977661,-4.4398952282243,6.841679478029067,1.7960206136751466,-22.156942221636108,0.0,0.19623180901994106,0.01,0.00500035285949707,0.12251567840576172,0.0049946867,0.04911057,-4.596076522543611,-0.06418492522851553,-0.044811847681689616,0.0,1629,0.3315873146057129,0.043291310466117554,0.026256259875503434,878469,-7.137928142365439,0.0
427,5.280787944793701,-4.50291942341631,6.720197309593631,1.2951098209172829,-21.429049675855467,0.0,0.20387839914750477,0.01,0.0069997310638427734,0.13051962852478027,0.004977979,0.048032925,-4.586760812630882,-0.06463178848640709,-0.045446345738804975,0.0,1615,0.3190791606903076,0.029465921464432915,0.02031491995210257,880084,-7.05123892514016,0.0
428,5.478448152542114,-4.627152781834122,6.917021577879361,0.7176188811745446,-26.3213203368405,0.0,0.19082608436537443,0.01,0.005000114440917969,0.1066126823425293,0.0050147483,0.04461129,-4.590800009551206,-0.06454800165416762,-0.04668680345083661,0.0,1609,0.29506540298461914,0.08820841625980758,0.04399119404968855,881693,-7.274558561582997,0.0
429,6.731153964996338,-4.4945848781721995,6.821783078757293,1.4254101324854456,-21.62899372257867,0.0,0.20475307853010555,0.01,0.006825685501098633,0.14629006385803223,0.005039206,0.047829412,-4.5811784964133055,-0.06417997663835144,-0.04535727806972288,0.0,1669,0.5655937194824219,0.04378601653094725,0.020541769490516806,883362,-7.337222713797134,0.0
430,4.721301078796387,-4.553950081703986,6.733131858553532,1.8406545879713765,-20.767909823894616,0.0,0.19460207773116908,0.01,0.0036551952362060547,0.07666301727294922,0.0049933847,0.05006111,-4.578455654942374,-0.06446106882329697,-0.045893150337070795,0.0,1672,0.2396843433380127,0.03168154021741232,0.021900358595278644,885034,-7.369050064291029,0.0
431,4.979910373687744,-4.405482021962547,6.744957612793979,1.4743177827125558,-23.63329817700059,0.0,0.19695907905589122,0.01,0.007997989654541016,0.09652042388916016,0.004984737,0.04907039,-4.561158291644392,-0.06445593284360839,-0.044470902938302206,0.0,1621,0.3424386978149414,0.030907355486786893,0.019892770079872623,886655,-7.299407244124325,0.0
432,4.762942790985107,-4.426892862506833,6.77221387171252,1.5714393623269785,-22.5310010051456,0.0,0.18874931705178635,0.01,0.004000663757324219,0.07226967811584473,0.004990431,0.05071735,-4.547731748730636,-0.06394965459206162,-0.044681245569862846,0.0,1624,0.24297571182250977,0.03399967083734249,0.02878240307280406,888279,-6.959027036817778,0.0
433,4.576415300369263,-4.511754845844523,6.6467480014630285,1.6657689267911286,-22.495995376603744,0.0,0.19525999677345585,0.01,0.00599980354309082,0.08602738380432129,0.0049922974,0.04854598,-4.544134058442025,-0.06436967642666329,-0.04553019753383329,0.0,1665,0.2910614013671875,0.05172768087420657,0.03180217765024564,889944,-6.840389555261953,0.0
434,4.3767290115356445,-4.45519039238892,6.766234311846562,1.7513605542690684,-21.986062371945575,0.0,0.19643962188664996,0.01,0.00299835205078125,0.06751704216003418,0.0049673533,0.047943063,-4.535239691836715,-0.0641041493142959,-0.04496335120910737,0.0,1611,0.2357165813446045,0.04376257633109192,0.02688820690076205,891555,-6.819140164679257,0.0
435,4.457392454147339,-4.357456864879098,6.79145016639597,1.5844576856056038,-22.768359878561057,0.0,0.19671148172117953,0.01,0.0029985904693603516,0.08351922035217285,0.005023313,0.049059786,-4.517461409140953,-0.06405362065215889,-0.04399034693196254,0.0,1615,0.3010592460632324,0.030046095961922738,0.02168711964267177,893170,-6.654703358556368,0.0
436,4.405348062515259,-4.569562756151962,6.754865290995183,1.1192946823760979,-21.151618781989413,0.0,0.1879877467589771,0.01,0.005000114440917969,0.10110974311828613,0.0050065774,0.04980727,-4.522671543842054,-0.06445589626556378,-0.04610989028627223,0.0,1646,0.2824435234069824,0.038335298319340086,0.026401269449906777,894816,-6.7495594585703245,0.0
437,4.91339111328125,-4.332087814111866,6.766059046031574,2.3104695428575446,-20.889486770795965,0.0,0.186425544014832,0.01,0.004001140594482422,0.06850790977478027,0.0050136438,0.05143669,-4.503613170869036,-0.06358859080886328,-0.043735089727414814,0.0,1637,0.2317187786102295,0.03548734180546165,0.023877549379917856,896453,-6.680261364690343,0.0
438,4.5792810916900635,-4.269608208219067,6.6042511428163255,1.2636029336174568,-22.71143147621213,0.0,0.18194566353271963,0.01,0.003998756408691406,0.0645136833190918,0.0050038164,0.05436166,-4.480212674604039,-0.06414229072438307,-0.04311167946136383,0.0,1648,0.2315514087677002,0.030463528411185183,0.02375010235284245,898101,-6.634312083673616,0.0
439,3.954324245452881,-4.451757753105623,6.857183432894391,1.8807728021120438,-21.774997236393254,0.0,0.17253492440812668,0.01,0.004004478454589844,0.06104612350463867,0.0049873046,0.052564047,-4.477367182454198,-0.0641269379385326,-0.0448710619244209,0.0,1598,0.20702362060546875,0.07392053308150666,0.04080853888472233,899699,-6.509827986064711,0.0
440,4.5429627895355225,-4.341166618593647,6.695125621238148,1.760225604509492,-21.798846933058094,0.0,0.21274612552473607,0.01,0.00500035285949707,0.08951735496520996,0.004907159,0.046104863,-4.463747126068143,-0.06375671650572604,-0.04376682543073094,0.0,1687,0.27704834938049316,0.04015017183096925,0.025552018877554938,901386,-6.64954592750031,0.0
441,4.486162185668945,-4.372170547640534,6.693624743465205,1.3964370785171711,-20.573659929316072,0.0,0.20042341921418827,0.01,0.004000425338745117,0.08751654624938965,0.0049870387,0.047877867,-4.454589468225382,-0.06446482704833781,-0.04413656293186883,0.0,1596,0.28018808364868164,0.03094561641986535,0.023743995224708575,902982,-6.698176010384358,0.0
442,4.45346474647522,-4.302089776765267,6.690417693439915,1.4022008632089005,-22.17330917452352,0.0,0.18988605492920105,0.01,0.003004312515258789,0.07402539253234863,0.0050051734,0.05115728,-4.439339499079371,-0.06399407135586237,-0.0434359760479228,0.0,1581,0.24005436897277832,0.03805944848911304,0.02463121299758412,904563,-6.561296018688674,0.0
443,4.662749767303467,-4.2955231780989465,6.707607306451537,1.7822365701567762,-21.31428114247929,0.0,0.1949414468658767,0.01,0.003999471664428711,0.08400559425354004,0.0050264383,0.048417766,-4.4249578669813285,-0.06365678602955761,-0.043367604852830866,0.0,1646,0.29605627059936523,0.030729956090175092,0.01943043947324577,906209,-6.446354495640316,0.0
444,5.039710998535156,-4.445412193707679,6.784163235542224,1.4262591647350369,-21.60864844702645,0.0,0.189449517716626,0.01,0.013000249862670898,0.22728395462036133,0.004967034,0.051142015,-4.427003299653964,-0.06452193118575193,-0.04486847723015737,0.0,1619,0.447068452835083,0.026081237526505256,0.018665658044360642,907828,-6.34329332386544,0.0
445,4.656853675842285,-4.279916938725288,6.767956799743314,1.6339582048324606,-22.156571818667658,0.0,0.19908044662573487,0.01,0.0040018558502197266,0.07959389686584473,0.005061136,0.04851817,-4.412294663561097,-0.0641412110709518,-0.04315068221413561,0.0,1597,0.24487590789794922,0.023817814581035875,0.018515376218357055,909425,-6.297022892630098,0.0
446,5.989256381988525,-4.358855649734063,6.811094085538579,1.5955630755164105,-22.66141780288196,0.0,0.1925395576993325,0.01,0.00800013542175293,0.1540367603302002,0.005021832,0.04924321,-4.406950762178393,-0.06345255914905015,-0.04400336264941314,0.0,1698,1.522212266921997,0.029611813561976164,0.02060574779331108,911123,-6.3158252883437465,0.0
447,5.181739091873169,-4.38319885246681,6.5986162329546705,1.115622277648521,-21.34560320424707,0.0,0.19179494147622442,0.01,0.003999233245849609,0.0690760612487793,0.005032,0.051048335,-4.404575571207235,-0.06467029484093248,-0.04424243801489577,0.0,1594,0.22715449333190918,0.02970578620453773,0.02136080919587267,912717,-6.489412766068322,0.0
448,4.346346855163574,-4.275758467274699,6.641886713732344,1.6889962450153369,-21.04219416277077,0.0,0.1989393333876183,0.01,0.003996372222900391,0.0715172290802002,0.0050121937,0.05016581,-4.391693860813981,-0.06342605914338934,-0.04316753077061568,0.0,1624,0.24154090881347656,0.025005436999331714,0.016250897962270406,914341,-6.316547704245846,0.0
449,5.438787937164307,-4.230934337760338,6.725974342458017,1.03031074896847,-20.673723881980855,0.0,0.19703689878991204,0.01,0.0050008296966552734,0.0805196762084961,0.004967362,0.04952236,-4.375617908508617,-0.06388443945101722,-0.042659372781211194,0.0,1658,0.2545435428619385,0.02231092161411516,0.014908712675468921,915999,-6.345794544735759,0.0
450,4.4129884243011475,-4.200075505155477,6.610955716044257,1.2194986208028156,-20.830321812582767,0.0,0.20066674287528566,0.01,0.0030024051666259766,0.11990976333618164,0.0049812626,0.049013898,-4.358063668173303,-0.0636798057112095,-0.04235546170885489,0.0,1638,0.25208091735839844,0.02621577821619842,0.016726263125156227,917637,-6.173995873735988,0.0
451,5.376203775405884,-4.331834327038794,6.6676312398614535,1.950064535484326,-21.995132662049894,0.0,0.18587764441142332,0.01,0.0055925846099853516,0.08382773399353027,0.004997653,0.05247866,-4.355440734059852,-0.06422408799759836,-0.04367541168646823,0.0,1623,0.2962033748626709,0.025250410157255983,0.019273048316351196,919260,-6.340860410257079,0.0
452,4.336788654327393,-4.215575718277206,6.596993476586285,1.5463277981663792,-20.675395273521932,0.0,0.1910983083514486,0.01,0.003009796142578125,0.06599807739257812,0.004971928,0.051045578,-4.3414542324815875,-0.0635522219157455,-0.04247892028858659,0.0,1614,0.23543477058410645,0.027189394386766284,0.016257548684852966,920874,-6.255628630760468,0.0
453,3.9456424713134766,-4.265577860210284,6.721411522693475,1.6996430748648175,-23.465847158529456,0.0,0.18494415875823306,0.01,0.003002166748046875,0.07000494003295898,0.005029096,0.050320435,-4.333866595254457,-0.06430664041863436,-0.04307004167274867,0.0,1550,0.22571110725402832,0.03361357418223371,0.02407239464040924,922424,-6.067314352451433,0.0
454,4.518237113952637,-4.227350924849531,6.580216892132935,1.3152137929854104,-21.574279513623743,0.0,0.20405342071107943,0.01,0.004004716873168945,0.06299948692321777,0.005049008,0.046394624,-4.323215028213965,-0.06397847947777106,-0.04268555014909696,0.0,1610,0.22453761100769043,0.031707774844153845,0.023162306683528148,924034,-6.156416050903188,0.0
455,4.104902982711792,-4.295282814009129,6.674172204719963,1.0775976156269755,-21.38188637124522,0.0,0.1844976539152972,0.01,0.0029993057250976562,0.06651926040649414,0.00496164,0.04888998,-4.320421806793481,-0.06349687241036936,-0.04330887355557923,0.0,1626,0.23502898216247559,0.04894390135658484,0.030421154669287805,925660,-6.220911343622711,0.0
456,3.8928892612457275,-4.279137794059776,6.531884924038874,1.431060727555371,-20.553672234183335,0.0,0.18325757976011914,0.01,0.003998756408691406,0.06500482559204102,0.0050002486,0.053339418,-4.316293405520111,-0.06426187999748653,-0.04320707920908175,0.0,1535,0.20605802536010742,0.03129799807749622,0.020731946295381345,927195,-5.845892800547921,0.0
457,4.1194236278533936,-4.336333441279274,6.642127202299286,1.7226640986427388,-25.1275313083883,0.0,0.19964577115559734,0.01,0.004000425338745117,0.0625152587890625,0.004993066,0.04734666,-4.3182974090960276,-0.0641268538387327,-0.04377316112781223,0.0,1631,0.23255157470703125,0.04797599941751914,0.030635076858420235,928826,-5.817269779348707,0.0
458,3.989081621170044,-4.150627953643765,6.512714267052925,1.6411921661865416,-20.811239430409945,0.0,0.1916117398703672,0.01,0.0039980411529541016,0.06652045249938965,0.0049924236,0.051291097,-4.301530463550802,-0.06369356999195777,-0.041917786141770004,0.0,1579,0.2405412197113037,0.028575123050681044,0.01921421409632498,930405,-5.75037616576786,0.0
459,3.9124538898468018,-4.280612717339066,6.626671226190957,1.8313771415396274,-20.246926579568804,0.0,0.1889818338100688,0.01,0.0029993057250976562,0.06951546669006348,0.004922906,0.05154776,-4.299438688929628,-0.06413349139825389,-0.04322358527789994,0.0,1548,0.2190232276916504,0.02297298635531426,0.013659474256393564,931953,-5.471453883983104,0.0
460,3.993967056274414,-4.257272210368323,6.636744287915512,1.3320535409835241,-20.443782623496443,0.0,0.18992189565371026,0.01,0.004001140594482422,0.06051206588745117,0.0049968017,0.05133487,-4.295222041073498,-0.06396265720171615,-0.042980695508611465,0.0,1583,0.22003626823425293,0.023205083879996678,0.017947494567256084,933536,-5.43250423906937,0.0
461,3.967911720275879,-4.23991922315693,6.510981421653575,1.3032677066610394,-20.179408720231528,0.0,0.2026514792319395,0.01,0.004000186920166016,0.06557917594909668,0.005025635,0.04878378,-4.289691759281841,-0.06393241058197965,-0.042811712410734795,0.0,1582,0.22155094146728516,0.02006702733926923,0.013321887896389398,935118,-5.443857149931075,0.0
462,4.038212060928345,-4.252237881306587,6.6203039823116,1.4010933273123358,-20.98940799211962,0.0,0.19497290480236698,0.01,0.004006624221801758,0.06402206420898438,0.00503895,0.047978975,-4.285946371484316,-0.06391694645912346,-0.04288131078852693,0.0,1585,0.23355460166931152,0.036873434542965225,0.0246830030784292,936703,-5.3505062303892545,0.0
463,3.8838353157043457,-3.9238715418008803,6.404095418926136,1.571680495733871,-19.479761379242245,0.0,0.18365910811646602,0.01,0.0039980411529541016,0.06852054595947266,0.00502004,0.055677984,-4.249738888515973,-0.0637659950018141,-0.03965320382246028,0.0,1524,0.21202492713928223,0.019610029426122475,0.009554116821178953,938227,-5.406895575674343,0.0
464,3.989715099334717,-4.19427749939887,6.4179652589556575,1.0700443034418439,-20.041125981284246,0.0,0.19777236076711563,0.01,0.003000497817993164,0.06774353981018066,0.0050244485,0.04784431,-4.244192749604262,-0.06338435935781125,-0.042355209654074966,0.0,1593,0.19816994667053223,0.032627875684289584,0.023596197992737208,939820,-5.29608893069818,0.0
465,3.957462787628174,-4.116067826592709,6.6021497702242655,1.367967523966478,-21.80994099688095,0.0,0.18918781115822583,0.01,0.004000186920166016,0.06982731819152832,0.004950455,0.04967136,-4.2313802573031065,-0.0635972837501913,-0.041572902816155846,0.0,1584,0.21663832664489746,0.022425033425144902,0.014273215347747281,941404,-5.323157248221491,0.0
466,3.8860456943511963,-4.148106212453802,6.596580471623116,1.498073284773222,-20.531426462894952,0.0,0.17394130772053426,0.01,0.003000020980834961,0.06151556968688965,0.0050137937,0.055002812,-4.223052852818176,-0.06387655705609854,-0.04189845613565735,0.0,1570,0.20754742622375488,0.03597376370898166,0.02180339255247939,942974,-5.203850537908512,0.0
467,4.067402124404907,-4.141188664915966,6.697156481050268,1.6529537289742677,-20.74992679904756,0.0,0.1958898347210212,0.01,0.004000663757324219,0.0655364990234375,0.0049400507,0.05055129,-4.214866434027956,-0.06370398405907626,-0.04182881224959058,0.0,1573,0.2304677963256836,0.026935762191177253,0.01817434526730623,944547,-5.240113096780584,0.0
468,4.168161153793335,-4.153165161328403,6.626674878794744,1.632644171081703,-20.578395743611107,0.0,0.1920406523605312,0.01,0.00500035285949707,0.07343840599060059,0.005011018,0.04888549,-4.208696306758,-0.06300249052497038,-0.041943602106275325,0.0,1640,0.22778773307800293,0.030065121733819696,0.020327626675575472,946187,-5.232953623867887,0.0
469,4.011340618133545,-4.257192381043618,6.601543714261126,1.2914379755099827,-23.180732561989068,0.0,0.17938696644771748,0.01,0.004000425338745117,0.06451106071472168,0.004976848,0.05205566,-4.213545914186562,-0.06369870065687988,-0.042919658794374906,0.0,1582,0.22004079818725586,0.036856813206838854,0.024464945517424876,947769,-5.164674878653081,0.0
470,4.081164598464966,-4.185156827957708,6.595396902706893,1.8669809209341888,-21.152281667880832,0.0,0.1916600639058102,0.01,0.003999233245849609,0.06800317764282227,0.005005072,0.049226206,-4.210707005563677,-0.06366135698162077,-0.04226134116855418,0.0,1635,0.22437024116516113,0.03765226080078491,0.026762023761834113,949404,-5.191700277346463,0.0
471,3.909348964691162,-4.155948992103554,6.530632691357934,1.653239851251904,-21.502668550381827,0.0,0.19788624223212675,0.01,0.004002094268798828,0.07578277587890625,0.0049865195,0.048187423,-4.2052312042176645,-0.0639921750471639,-0.04197192721738049,0.0,1551,0.2226572036743164,0.036710892236408825,0.020351247110657264,950955,-5.105237769434012,0.0
472,3.9665489196777344,-4.122288281029055,6.6218126132823585,1.6031552576834611,-21.005861453929565,0.0,0.19420004163565868,0.01,0.00400233268737793,0.06700301170349121,0.005026143,0.04990013,-4.196936911898804,-0.06370242358544957,-0.041638550840322266,0.0,1560,0.21654295921325684,0.02746154728883707,0.018760927702240852,952515,-5.056616493880018,0.0
473,3.9877569675445557,-4.192635643456785,6.52103535609513,1.5481312136050513,-20.04834087854347,0.0,0.19177280468181904,0.01,0.003997802734375,0.06451988220214844,0.004969047,0.048813477,-4.196506785054602,-0.06363269662684153,-0.04234147099148931,0.0,1590,0.21503233909606934,0.05069538579425301,0.033795583601613215,954105,-4.964706234688341,0.0
474,4.030862808227539,-4.128270973829669,6.634878679968909,1.0478301120387878,-20.811430658190105,0.0,0.1878516690527994,0.01,0.003998994827270508,0.06300544738769531,0.0050157825,0.05131996,-4.189683203932109,-0.06374742517589108,-0.04164096565016782,0.0,1573,0.22538328170776367,0.027120000293102714,0.01807888889151298,955678,-4.931298772594888,0.0
475,3.9107089042663574,-4.062455324387504,6.651423348021868,1.6672780343848936,-21.058960700669196,0.0,0.19685019978359186,0.01,0.003997802734375,0.06602334976196289,0.005008547,0.050892673,-4.176960415977649,-0.06361833244041351,-0.041038818216286264,0.0,1545,0.21902799606323242,0.023654414193059144,0.01345503405767756,957223,-4.95869909135558,0.0
476,3.876326560974121,-4.149449081999152,6.58622137052824,1.4086913215077268,-20.467580309470012,0.0,0.17312080438007083,0.01,0.004006147384643555,0.06450581550598145,0.0049545914,0.05557875,-4.1742092825798,-0.0640233152501492,-0.04190984232948281,0.0,1522,0.2010350227355957,0.01913560390271118,0.014017433321229988,958745,-5.055486113007817,0.0
477,3.9222333431243896,-4.059381983498258,6.494136456560739,1.2318264080445602,-20.61964543062963,0.0,0.18582666807398118,0.01,0.003998994827270508,0.0736703872680664,0.005036924,0.052237306,-4.162726552671646,-0.06355371488740127,-0.04100395382538698,0.0,1556,0.22147083282470703,0.026183637368556587,0.017673121672433584,960301,-5.108479306768738,0.0
478,3.9211742877960205,-3.9791272268607556,6.494887869721943,1.581530203466764,-20.882121743406277,0.0,0.1948140374539759,0.01,0.003534078598022461,0.06627202033996582,0.0049904417,0.050144713,-4.144366620090557,-0.06379407355715316,-0.040205270423927034,0.0,1549,0.24118685722351074,0.02063419316271457,0.013402923745130118,961850,-5.052611098628149,0.0
479,3.986266851425171,-4.13022479526436,6.498024323869438,1.3623026718808768,-19.998274687876503,0.0,0.18760338686022868,0.01,0.003998994827270508,0.06403779983520508,0.004970821,0.047886174,-4.142952437607938,-0.06367817435577987,-0.04171677603520829,0.0,1580,0.21904206275939941,0.0287732912493784,0.019565340556697106,963430,-5.052428734531082,0.0
480,3.92520809173584,-3.992062779813169,6.402292725147862,1.154706514962966,-20.138537584191255,0.0,0.20012574123143245,0.01,0.0029981136322021484,0.06700634956359863,0.0050105858,0.04885589,-4.12786347182846,-0.06389257652970264,-0.040333901668376526,0.0,1551,0.21712088584899902,0.021505687668958696,0.01399897893571144,964981,-5.106818943122425,0.0
481,4.071161270141602,-4.027522322225467,6.4669723680983155,1.5272517099588083,-19.919720867688696,0.0,0.20298636304167778,0.01,0.002999544143676758,0.06971621513366699,0.005016768,0.0499034,-4.117829356868161,-0.06314990947343231,-0.04068734807536778,0.0,1599,0.2304384708404541,0.019132517721829962,0.01372720603120391,966580,-5.123029211205375,0.0
482,4.079777479171753,-4.048263551880624,6.577450597919674,1.4994666683829754,-21.763178993939885,0.0,0.19653582894300653,0.01,0.003999233245849609,0.06400680541992188,0.0049768025,0.049856164,-4.1108727763694075,-0.06354209018283555,-0.040799656800019825,0.0,1619,0.23154687881469727,0.02324600295494597,0.0159508212870473,968199,-5.185063177642027,0.0
483,4.140835762023926,-4.186512512966476,6.595791305149718,1.3919594960360477,-21.058449188780916,0.0,0.1877603748119101,0.01,0.003003358840942383,0.06984114646911621,0.0050030705,0.049600367,-4.118436750029114,-0.06366265115250799,-0.042215826728797,0.0,1614,0.22882461547851562,0.04570928181454598,0.02569551391075717,969813,-5.143390970752387,0.0
484,4.0488293170928955,-3.96753483793594,6.458842808661686,1.7912984904220535,-20.04016545166057,0.0,0.18667552197205184,0.01,0.005999565124511719,0.06752634048461914,0.0049603893,0.051231492,-4.103346558819797,-0.06295286040891887,-0.04008632209696904,0.0,1599,0.23203349113464355,0.03215490297426707,0.021443267156641216,971412,-5.104308122914376,0.0
485,4.310702562332153,-4.003513211220239,6.43321936356573,0.8502376544456504,-20.059322709611635,0.0,0.189296262948762,0.01,0.004001140594482422,0.07000398635864258,0.0049734944,0.049762152,-4.093363224059841,-0.06309815708254701,-0.040449003201147346,0.0,1608,0.2415637969970703,0.03749242293425921,0.026013666212869282,973020,-5.006506946094708,0.0
486,4.171925783157349,-4.013411314202719,6.489189577747106,1.454249191243272,-21.079613211209693,0.0,0.19825139476256456,0.01,0.004999637603759766,0.08098888397216797,0.005008714,0.050386414,-4.085368033074129,-0.06349235599802779,-0.040546296338531664,0.0,1538,0.21871542930603027,0.02098710261889989,0.011748112893799628,974558,-4.984164024118471,0.0
487,4.094050884246826,-4.07181771681559,6.6250476426299425,1.2801973019177264,-20.67990918256912,0.0,0.18931353912983148,0.01,0.003998994827270508,0.0610041618347168,0.00496921,0.05081811,-4.084013001448275,-0.06326173014520176,-0.04113253404294972,0.0,1570,0.21407580375671387,0.02871471363399002,0.020617774797208898,976128,-4.991158294408966,0.0
488,4.029430627822876,-3.9978464033746492,6.542801368244904,1.0295643393021858,-20.80033596173195,0.0,0.1873711214523631,0.01,0.0035233497619628906,0.08100128173828125,0.005015437,0.051755942,-4.0753963416409125,-0.06312947664573818,-0.040392107821171294,0.0,1537,0.22268319129943848,0.018136900826471725,0.012254203044109988,977665,-4.958390672642842,0.0
489,4.159030437469482,-4.018030611202024,6.586593602918888,2.1155518383259975,-20.815728473038632,0.0,0.2083741126664575,0.01,0.0039980411529541016,0.11603522300720215,0.004942474,0.044730857,-4.069659768597024,-0.0633329898813453,-0.040589632775067164,0.0,1628,0.22460126876831055,0.027819887877964883,0.020087542734838412,979293,-4.922881570405212,0.0
490,3.9425783157348633,-4.086649253738848,6.5737976050243745,1.5419245123094414,-21.263856812894055,0.0,0.18918725619992846,0.01,0.004000663757324219,0.06551051139831543,0.004932325,0.05168487,-4.071358717111206,-0.06365611124690099,-0.04127682644581536,0.0,1522,0.20554518699645996,0.025072650073368195,0.01598463094637244,980815,-4.977251721130976,0.0
491,3.9384546279907227,-3.9821356585401615,6.5137863482891865,1.3242691037331955,-20.603583192738128,0.0,0.18161646836893156,0.01,0.004510641098022461,0.06299948692321777,0.004999547,0.053511918,-4.062436411254102,-0.06364521499687255,-0.040178770932501655,0.0,1526,0.21657633781433105,0.02390475162459637,0.016615793417013646,982341,-5.029061139268864,0.0
492,4.105937242507935,-4.027776597422486,6.571750055252835,1.270143212694978,-20.448785378809685,0.0,0.18565650900656244,0.01,0.005098819732666016,0.06546711921691895,0.005078483,0.047728088,-4.05897042987094,-0.06322998411012892,-0.0406931348323754,0.0,1564,0.22109770774841309,0.03435924679374357,0.020089173642147438,983905,-5.007609609496197,0.0
493,3.9373114109039307,-3.908737173475714,6.537568276668105,1.5433352745461564,-20.608166872241036,0.0,0.2007728741562094,0.01,0.004000663757324219,0.06700921058654785,0.004914977,0.048077885,-4.0439471042314175,-0.06340567157539961,-0.03950319050314096,0.0,1543,0.22003889083862305,0.02390582084376577,0.015195272106839297,985448,-5.021143911881735,0.0
494,3.9797935485839844,-4.075077682782792,6.530044275410467,1.4927914571599203,-20.336683954983076,0.0,0.18564019564664808,0.01,0.003000020980834961,0.06651639938354492,0.0050216834,0.05187941,-4.047060162086555,-0.06339264068155945,-0.041164646402481915,0.0,1564,0.22103095054626465,0.031192303968936713,0.023184650720504976,987012,-5.0067926854242195,0.0
495,3.901420831680298,-3.995357717813417,6.434301095080484,1.3438898757979563,-20.214915808296613,0.0,0.19102085188953227,0.01,0.002999544143676758,0.0690314769744873,0.005028389,0.049870633,-4.041889917659241,-0.06335156441049498,-0.04036427280896265,0.0,1542,0.22366976737976074,0.025535927643589192,0.018135048325641685,988554,-4.945641453719764,0.0
496,3.9730336666107178,-4.082538742575416,6.389622056732697,1.1518108727740815,-20.87618443134211,0.0,0.2032238930921828,0.01,0.004003286361694336,0.06751465797424316,0.00498133,0.047104105,-4.0459548001508585,-0.06365138323896051,-0.041237383149368166,0.0,1581,0.2220315933227539,0.03789513003385134,0.02845825162990499,990135,-4.954357087260581,0.0
497,4.211194038391113,-3.913236735061082,6.45140254472407,1.505954018043036,-20.704439296024205,0.0,0.19226163459767254,0.01,0.0029985904693603516,0.07451486587524414,0.005005496,0.051298752,-4.032682993641881,-0.06321496539318193,-0.03954840108967097,0.0,1519,0.21854901313781738,0.02155301339365479,0.010005817505614922,991654,-5.012899085943376,0.0
498,4.125017404556274,-3.933628463195305,6.436066534408215,1.4710270919774997,-20.577937258325683,0.0,0.19383118957731735,0.01,0.003999471664428711,0.07551383972167969,0.004902818,0.05020919,-4.0227775405972235,-0.06336896567067958,-0.03974737638369108,0.0,1534,0.22723388671875,0.0246447333046552,0.016783466919984356,993188,-5.048273706049641,0.0
499,4.32932710647583,-4.029681438135322,6.522454206082797,1.2176498325566962,-23.466278253578164,0.0,0.1915349245768508,0.01,0.004999399185180664,0.07400703430175781,0.0050249877,0.047822863,-4.023467930351034,-0.06303152459748909,-0.040711650729104334,0.0,1620,0.24304461479187012,0.040238142968442296,0.03285570266642611,994808,-5.032302419950794,0.0
500,4.2710349559783936,-3.9851816078928066,6.390377917599061,1.498056434450264,-19.35706645786245,0.0,0.19777678728996517,0.01,0.003998994827270508,0.07000112533569336,0.0049732425,0.046358127,-4.019639298105211,-0.06329595042048429,-0.0402021868971935,0.0,1563,0.24071860313415527,0.05034244251699249,0.028425473743960844,996371,-5.035321057820953,0.0
501,4.320008039474487,-3.886213834215603,6.464915239941486,1.0749876478774563,-20.06385291826761,0.0,0.18868002548065727,0.01,0.004999399185180664,0.08151054382324219,0.005011494,0.05396376,-4.006296751716251,-0.06329545921930034,-0.03921921412088826,0.0,1522,0.23705291748046875,0.019189052779973154,0.011071405967303206,997893,-5.041982050117638,0.0
502,4.327383279800415,-3.9715349478937725,6.409329380563244,0.8818925086543221,-20.724536079013756,0.0,0.2004004972572846,0.01,0.003998517990112305,0.07652020454406738,0.0050157974,0.04718678,-4.002820571334003,-0.06343926616040607,-0.04013094238564532,0.0,1541,0.25170278549194336,0.02170956889081809,0.014938823524858936,999434,-4.992881370064927,0.0
503,4.231434106826782,-3.954003307285139,6.53306438350866,1.1671559438497123,-20.479721658473416,0.0,0.19510462137198845,0.01,0.003999233245849609,0.08230996131896973,0.005005308,0.049763646,-3.997938844929117,-0.06364670372269847,-0.039887968951051,0.0,1518,0.22255873680114746,0.02626596416069375,0.019882983953417598,1000952,-5.034478752919406,0.0
504,4.175267696380615,-3.9248152254304856,6.518457323362117,1.3538371389015258,-20.26031424602289,0.0,0.19284986825577521,0.01,0.004547834396362305,0.06509780883789062,0.0050073066,0.05025417,-3.9906264829792537,-0.06306452857206594,-0.03966061148482519,0.0,1519,0.208038330078125,0.019669537741985436,0.01105034096152991,1002471,-5.009314093526898,0.0
505,4.065250396728516,-3.9518967191172543,6.430201690111024,1.4045818628684297,-20.468733281447456,0.0,0.18575122283817527,0.01,0.004000186920166016,0.06502103805541992,0.0050033643,0.05278039,-3.986753506593054,-0.06364035032120743,-0.03993368910259151,0.0,1535,0.2130279541015625,0.017688731671762988,0.012065876555981047,1004006,-4.994984322989709,0.0
506,4.021953821182251,-3.9418303718456187,6.4360421801246925,1.7840397530336163,-19.16605091651481,0.0,0.19249928101575947,0.01,0.003999471664428711,0.07350802421569824,0.005005123,0.051094253,-3.9822611931183105,-0.06323927785204334,-0.039768113573357744,0.0,1531,0.2265474796295166,0.01779895247672229,0.011611829322432671,1005537,-4.9856927065051755,0.0
507,3.9878852367401123,-4.003121867561485,6.423530092880838,1.152977131041249,-20.312763429463107,0.0,0.20524751052777307,0.01,0.0029997825622558594,0.06016278266906738,0.004943511,0.045013014,-3.984347260562628,-0.06289732950459914,-0.040386342188011626,0.0,1556,0.20661139488220215,0.02919955092870066,0.022139839264987957,1007093,-4.994099138811757,0.0
508,4.156141996383667,-4.019781404943048,6.510754088898152,0.7458109157846795,-20.12906163257857,0.0,0.19652972066450558,0.01,0.0030012130737304688,0.0645151138305664,0.004966035,0.049146175,-3.98789067500067,-0.06339003693473158,-0.040610743574574046,0.0,1523,0.22203469276428223,0.024229395666707527,0.01590095060773331,1008616,-4.9567750091790295,0.0
509,3.94336199760437,-3.9730924010342035,6.562606753991371,1.2333895210252515,-20.840291418621863,0.0,0.18233900905171882,0.01,0.004006385803222656,0.12003016471862793,0.005005346,0.052992858,-3.9864108476040236,-0.06330309520582145,-0.04014506859793946,0.0,1497,0.25704026222229004,0.024457864799714568,0.016745211500521398,1010113,-5.00903261282623,0.0
510,4.71453332901001,-3.9006764200293516,6.500612243064758,1.4670898119160323,-20.716573192487942,0.0,0.1949954172280346,0.01,0.003999233245849609,0.08651566505432129,0.0049973456,0.051044602,-3.9778374048465563,-0.06329952086609232,-0.03942026283978979,0.0,1507,0.24456405639648438,0.020259566316230614,0.01249630472650405,1011620,-4.9793873901553,0.0
511,4.649878740310669,-3.9177416887318257,6.499200627910892,1.390641724463678,-20.11594894811118,0.0,0.17282090456662696,0.01,0.005001068115234375,0.09651541709899902,0.0049845036,0.052313566,-3.971827833235084,-0.06323214901086043,-0.03953157713898464,0.0,1530,0.2623560428619385,0.04427982619774004,0.029222014102488487,1013150,-4.923343024646478,0.0
512,4.701679468154907,-3.926992903077307,6.4359022307112745,1.3234667217014804,-20.24678698013365,0.0,0.18679340030259475,0.01,0.005000591278076172,0.10651636123657227,0.004997849,0.051313113,-3.9673443402193063,-0.06323579715510108,-0.039685248602060984,0.0,1554,0.2670462131500244,0.03229871878482324,0.01848236134528763,1014704,-4.902157855970136,0.0
513,4.541775465011597,-3.808715137295465,6.372671055131696,1.2474368074535245,-20.53620164533576,0.0,0.20070262129313118,0.01,0.00599980354309082,0.0955197811126709,0.005046605,0.048660535,-3.951481419926922,-0.06275074276815903,-0.038501227173839934,0.0,1493,0.25906991958618164,0.01830595185964653,0.012435342786051531,1016197,-4.896845010275572,0.0
514,5.039252996444702,-3.864757054408586,6.440294525508975,1.1906458070471526,-20.38256900544674,0.0,0.1834178932363732,0.01,0.004000425338745117,0.0675663948059082,0.00504795,0.0513689,-3.9428089833750883,-0.06320901009528677,-0.039057268073780994,0.0,1498,0.20862340927124023,0.017106585178606373,0.011475925195403908,1017695,-4.905419712983343,0.0
515,3.790806770324707,-3.928198075872223,6.421992420604381,0.7236469177722222,-21.00537983160693,0.0,0.19632709072761126,0.01,0.003000020980834961,0.06751608848571777,0.0049966406,0.049845964,-3.941347892624802,-0.06385904646982822,-0.039695490201209216,0.0,1499,0.20603084564208984,0.02116047550574849,0.01387993759338121,1019194,-4.936501387355532,0.0
516,3.7584104537963867,-3.8552432624877064,6.411860121617196,0.9648638035590835,-20.53286517345266,0.0,0.18110932050218664,0.01,0.0029997825622558594,0.062006473541259766,0.0049955584,0.05192883,-3.932737429611093,-0.06333032120977884,-0.038966615367000204,0.0,1495,0.2015538215637207,0.02085183801090993,0.014104088638059368,1020689,-4.893984048960816,0.0
517,3.7585060596466064,-3.88614386425958,6.429722562923736,0.775352616948939,-23.420768155660596,0.0,0.17841699594889934,0.01,0.0029981136322021484,0.06551337242126465,0.0050204825,0.052899502,-3.9280780730759415,-0.06352230742752872,-0.03926990072618904,0.0,1486,0.19706058502197266,0.027423635529891986,0.01879279610549389,1022175,-4.92373946641989,0.0
518,3.712212324142456,-4.002714660342267,6.484041992057855,0.706716632253849,-20.925380390137942,0.0,0.18837398076835474,0.01,0.004136562347412109,0.06942439079284668,0.0049952534,0.052165013,-3.9355417318025743,-0.06354770816057591,-0.04044160098471089,0.0,1469,0.21460199356079102,0.018550622863869656,0.01138326393864882,1023644,-4.912038662665312,0.0
519,3.725863456726074,-3.8680960215975433,6.405242535642548,1.4726482135433665,-20.031148421692123,0.0,0.18134480905368308,0.01,0.0039975643157958984,0.06151437759399414,0.0050028767,0.05244678,-3.9287971607820715,-0.06322222547753842,-0.03909626297002368,0.0,1483,0.2116389274597168,0.013503217671507004,0.009149644090588235,1025127,-4.918057093739845,0.0
520,3.842837333679199,-3.8385665479674005,6.425820829845788,1.5461549562675663,-19.864135953137342,0.0,0.181405873032791,0.01,0.003507852554321289,0.06099987030029297,0.0050130403,0.051718272,-3.9197740995006045,-0.06278469094536397,-0.03879176346612415,0.0,1526,0.20102834701538086,0.022581667580643255,0.016119579449448678,1026653,-4.917245954410563,0.0
521,3.790295362472534,-3.863107948387122,6.467049727660811,1.1332453409551013,-20.702575523057135,0.0,0.1830473535947294,0.01,0.002999544143676758,0.06451296806335449,0.0050158706,0.047103632,-3.9141074843892563,-0.06336805868760827,-0.039047387764121325,0.0,1496,0.2030315399169922,0.07612342683378082,0.052875705003297274,1028149,-4.925678204513096,0.0
522,3.9265120029449463,-3.9128866799054904,6.429567581505488,1.3434507488387233,-20.427250324303966,0.0,0.1860280242789504,0.01,0.0030014514923095703,0.0625152587890625,0.004996284,0.052660286,-3.9139854039408797,-0.0629738489329259,-0.039540134914573956,0.0,1556,0.22269058227539062,0.03187435778889583,0.01639110499954233,1029705,-4.934734708503806,0.0
523,3.755018472671509,-3.8456367516901864,6.384780306068741,0.8387892837125479,-18.99530278888978,0.0,0.1882223057695515,0.01,0.004000663757324219,0.06451582908630371,0.005033897,0.051494665,-3.9071505387158103,-0.06305386455835882,-0.038871636414701295,0.0,1483,0.21774029731750488,0.015862460441890488,0.009605945993536171,1031188,-4.9257276336571145,0.0
524,3.8658101558685303,-3.9616975168226842,6.326239764198151,0.8963895112793391,-19.26404604514326,0.0,0.19471618818077438,0.01,0.003998756408691406,0.06706070899963379,0.005039014,0.047810473,-3.9126052365264976,-0.06359758090079654,-0.040031145100662864,0.0,1537,0.21194243431091309,0.032790563607370225,0.021206918342367136,1032725,-4.886007486582201,0.0
525,3.794187307357788,-3.8218897920969868,6.428185210336796,1.346114347197592,-21.083385692555556,0.0,0.2088850899372849,0.01,0.0040056705474853516,0.06601643562316895,0.0050070053,0.046789303,-3.903533692083547,-0.06269972789364457,-0.038633996798408406,0.0,1489,0.20502233505249023,0.02191593042424412,0.01202083419569955,1034214,-4.896818582068412,0.0
526,3.8687705993652344,-3.795538640396373,6.30865932004114,1.404699903877505,-20.449075131644236,0.0,0.19689788831114144,0.01,0.004003763198852539,0.06923627853393555,0.005040147,0.048734188,-3.8927341869148293,-0.06331193640171325,-0.0383641352824135,0.0,1511,0.2020254135131836,0.02938493216096122,0.020478978310654827,1035725,-4.859665040249622,0.0
527,3.7978363037109375,-3.84058217354011,6.448180178399319,1.5749597976242322,-19.83979571504895,0.0,0.2059309116956375,0.01,0.003996372222900391,0.06900501251220703,0.0049663885,0.04838017,-3.8875189855773575,-0.06320356303188904,-0.03880722347597294,0.0,1512,0.21141362190246582,0.01991686056673306,0.011376102339358143,1037237,-4.874679446814399,0.0
528,3.7445108890533447,-3.8441024204092016,6.36535506252098,1.6963583077544153,-20.47220744178523,0.0,0.18614293990468456,0.01,0.002998828887939453,0.059515953063964844,0.0050032204,0.053519696,-3.883177329060542,-0.06313445790619891,-0.03885516304826988,0.0,1488,0.20730352401733398,0.017313747476620067,0.011282524538252963,1038725,-4.847790790866223,0.0
529,3.908627986907959,-3.8946490313405873,6.531689098029541,1.3164958785278336,-20.134059393622262,0.0,0.19492356602549163,0.01,0.003000497817993164,0.06498551368713379,0.005006502,0.04862259,-3.8843244992885464,-0.06322295220179784,-0.039360411211965984,0.0,1543,0.2100229263305664,0.01783052274505169,0.012219886609280358,1040268,-4.693866901342531,0.0
530,3.9417154788970947,-3.838970049459097,6.386488332708783,1.8233638204029576,-20.009111366028378,0.0,0.20159230093512853,0.01,0.003999948501586914,0.06651473045349121,0.004983802,0.048639964,-3.8797890543056015,-0.06281670631136577,-0.03880387445456215,0.0,1554,0.21165251731872559,0.01639518680994374,0.010071981766830737,1041822,-4.665963778171688,0.0
531,3.8315393924713135,-3.865816006374027,6.47966828842397,1.5838677830809993,-20.522560349302744,0.0,0.19294248911968231,0.01,0.004000663757324219,0.06520342826843262,0.005025736,0.050352428,-3.878391749512444,-0.06317634417783712,-0.03907037016251027,0.0,1501,0.21745085716247559,0.02055855413262687,0.013457828082488474,1043323,-4.680862969934886,0.0
532,3.820631265640259,-3.886285644752732,6.438604918261478,1.0412475047554202,-19.377708491134,0.0,0.2064035014639613,0.01,0.002999544143676758,0.06551647186279297,0.0049915756,0.045605343,-3.879181139036473,-0.06306299962422801,-0.03927606937268589,0.0,1506,0.2002575397491455,0.024110511919342253,0.014409495911542109,1044829,-4.599618999774112,0.0
533,3.808279037475586,-3.8339833799815373,6.373105837299214,1.301472174793147,-20.10890542575678,0.0,0.19277624116085393,0.01,0.003000974655151367,0.061515092849731445,0.0050102454,0.049936935,-3.874661363130979,-0.06305656945269662,-0.03875470477176142,0.0,1518,0.2090294361114502,0.027968630297223625,0.01875998665484869,1046347,-4.570183346154824,0.0
534,3.7484891414642334,-3.853479976504878,6.43174536436274,1.3556640375700395,-20.58369923119801,0.0,0.1850215691035957,0.01,0.003001689910888672,0.05902814865112305,0.004998732,0.05203959,-3.872543224468369,-0.06306650192931565,-0.03895064628495807,0.0,1450,0.19308853149414062,0.024705229415227847,0.01665902088921421,1047797,-4.776063293880823,0.0
535,3.9410927295684814,-3.836104030928978,6.377940274648405,1.5515723820377614,-19.944278781845895,0.0,0.18180713675401136,0.01,0.003516674041748047,0.06299877166748047,0.0050134957,0.051807858,-3.86889930511443,-0.06268235242072981,-0.038772303177052395,0.0,1564,0.21402907371520996,0.022244529203902286,0.014141087436111532,1049361,-4.612391278608709,0.0
536,3.84765625,-3.8320330894352432,6.447070273969439,1.109015930988246,-20.775587842486207,0.0,0.19081317348949053,0.01,0.003999471664428711,0.06508755683898926,0.0049619745,0.048972785,-3.8652126835465115,-0.06257978026375707,-0.03873432382707927,0.0,1535,0.2146928310394287,0.029480587904468704,0.020964730636838364,1050896,-4.600761938042019,0.0
537,3.777337074279785,-3.7851785389197814,6.372408305454671,2.1381696103718233,-19.47443851788526,0.0,0.19913141037405852,0.01,0.003999471664428711,0.06963300704956055,0.0049379957,0.04580069,-3.8572092690838384,-0.0625883144603354,-0.03826166632898157,0.0,1500,0.204817533493042,0.025232681618386363,0.016473819158920797,1052396,-4.596048104189572,0.0
538,3.9113450050354004,-3.8755973800167163,6.439914599655627,1.3623053585422975,-19.20331195215794,0.0,0.19144579979842044,0.01,0.004000425338745117,0.06451249122619629,0.0050181462,0.050902158,-3.8590480801771263,-0.06299901295615029,-0.03916957798049168,0.0,1521,0.20597147941589355,0.020730154547770198,0.014646729427450428,1053917,-4.570022956271886,0.0
539,3.8334596157073975,-3.8840420015062533,6.377104551441661,1.2677221972417982,-20.773099924614645,0.0,0.16864094926545264,0.01,0.003999471664428711,0.0625147819519043,0.005023575,0.050411798,-3.861547472310039,-0.06338945105472944,-0.039249675684550824,0.0,1532,0.20253491401672363,0.023276866971345418,0.014089069560961393,1055449,-4.5412495472159495,0.0
540,3.884373188018799,-3.858023025188646,6.387075448435126,1.184884049225994,-19.001605915006966,0.0,0.20769197576515963,0.01,0.002999544143676758,0.07199764251708984,0.0050449246,0.045955654,-3.8611950275979,-0.06267065822661617,-0.03899231552390307,0.0,1549,0.21329760551452637,0.04282036502005113,0.03343105789443606,1056998,-4.576407972344985,0.0
541,3.8572444915771484,-3.8265921601702324,6.4036424865241335,1.8936957350161554,-20.336014918803805,0.0,0.1987297161656364,0.01,0.003000497817993164,0.06551384925842285,0.004976351,0.04846516,-3.857734740855133,-0.06307561667387192,-0.038621525687284886,0.0,1546,0.2161390781402588,0.02552502283001775,0.016177687562816147,1058544,-4.598346131405064,0.0
542,3.8558285236358643,-3.712146332023283,6.374931597099053,1.7580857388117332,-19.557706096333792,0.0,0.19217994209957515,0.01,0.004508018493652344,0.06599974632263184,0.005007638,0.049686547,-3.843175899971948,-0.062409384873366135,-0.037535468900318364,0.0,1534,0.20403194427490234,0.021212243539258442,0.013468765043013585,1060078,-4.6180401875245085,0.0
543,4.067056655883789,-3.8349695203490652,6.365085389838121,1.7018232920334495,-18.970935659879224,0.0,0.20427543668577197,0.01,0.0060024261474609375,0.0695192813873291,0.005034144,0.047303364,-3.8423552620096597,-0.06319395706480233,-0.03876137298739605,0.0,1532,0.22603797912597656,0.018190585968786508,0.011847996753678624,1061610,-4.589465979080993,0.0
544,3.8512394428253174,-3.7732150890613894,6.336447736983298,1.1737746682048011,-20.27124406663384,0.0,0.1869300218190794,0.01,0.004000663757324219,0.0621798038482666,0.0049986816,0.053329688,-3.8354412447148327,-0.06287569794989148,-0.038142653793003134,0.0,1503,0.20302605628967285,0.015137522522585671,0.009864637145362481,1063113,-4.576039189055034,0.0
545,3.936018943786621,-3.777789008300722,6.372063169448743,1.9214061166350123,-19.75630888700014,0.0,0.20984632324165536,0.01,0.0030002593994140625,0.06709098815917969,0.0049698316,0.04711525,-3.829676021073422,-0.06250026373492823,-0.03819173482543432,0.0,1556,0.2181107997894287,0.01731495252976085,0.011985976690471632,1064669,-4.5288695399985714,0.0
546,3.900601387023926,-3.868559417796702,6.3911623921267005,1.514272477376085,-20.694522087544506,0.0,0.19507505755428875,0.01,0.004000186920166016,0.06152153015136719,0.0049967715,0.04716228,-3.8335643607457506,-0.06281732664945743,-0.03909389896578014,0.0,1569,0.21257972717285156,0.023440472083648654,0.019780253071050875,1066238,-4.5244195839242325,0.0
547,3.802330255508423,-3.853563661079542,6.37398659348413,1.3795090810592072,-20.265716533287513,0.0,0.17569142492832485,0.01,0.003001689910888672,0.0610506534576416,0.0050010313,0.051483873,-3.8355642907791294,-0.06358998543068232,-0.03894994353185518,0.0,1495,0.20525407791137695,0.044920870646237385,0.0268327352800579,1067733,-4.542069682285826,0.0
548,3.7994561195373535,-3.7153807309122397,6.381501792502946,1.404728407130361,-19.81370427900222,0.0,0.1965005219140063,0.01,0.0030050277709960938,0.06352043151855469,0.004983286,0.051421255,-3.8235459347924405,-0.06318195016335479,-0.037567555087086736,0.0,1512,0.19853615760803223,0.02407701685801797,0.013158892989665515,1069245,-4.523333965054875,0.0
549,3.716996431350708,-3.730252127831727,6.4007879159548455,1.541951545214814,-20.29682297291624,0.0,0.20151444727344206,0.01,0.0029997825622558594,0.059999942779541016,0.004973248,0.04926464,-3.8142165540963693,-0.06273984987002604,-0.03771768184417658,0.0,1460,0.2096259593963623,0.014016343391165436,0.008003761295379832,1070705,-4.723556423261069,0.0
550,4.36374044418335,-3.714888223662457,6.333547570157805,1.7503742872378827,-20.51096054392337,0.0,0.19555389875259602,0.01,0.003999948501586914,0.06051373481750488,0.0050065857,0.050573766,-3.804283721052978,-0.06248644301913905,-0.037562649704959726,0.0,1609,0.21807336807250977,0.015539825836224427,0.010515067259373114,1072314,-4.4932503792591865,0.0
551,3.864365816116333,-3.910508997026775,6.43311941221721,1.1210375707111353,-19.924338034589404,0.0,0.18629102674128165,0.01,0.004004240036010742,0.06521224975585938,0.004962907,0.047626846,-3.8149062486503578,-0.06309266098541597,-0.03951826346103718,0.0,1529,0.19462227821350098,0.04504624207284943,0.028150071487829227,1073843,-4.547267620922016,0.0
552,3.7424867153167725,-3.753049351169583,6.33603888620379,1.142584740082904,-18.959274662909678,0.0,0.1940089649329434,0.01,0.004001140594482422,0.06400585174560547,0.0050514806,0.049764387,-3.8087205589022806,-0.06257676856355347,-0.037942975579326174,0.0,1484,0.2134387493133545,0.026319973065389753,0.016982828034260895,1075327,-4.513716962980345,0.0
553,3.7377829551696777,-3.635197802200814,6.29217242546772,0.9582032481696686,-19.641185495016845,0.0,0.19236134329771395,0.01,0.002999544143676758,0.06351280212402344,0.0050032614,0.052221216,-3.791368283232134,-0.0627486110061635,-0.03676226350489869,0.0,1468,0.20302557945251465,0.015803372591175906,0.008854191351371667,1076795,-4.498376866902697,0.0
554,3.856531858444214,-3.758740131192627,6.404059673947566,1.3035368786299073,-21.37470868114446,0.0,0.19900583002858963,0.01,0.003996372222900391,0.06651639938354492,0.0050059143,0.04672821,-3.788105468028183,-0.06277412799944156,-0.037942590174923754,0.0,1523,0.2020256519317627,0.0223760883697812,0.012545221938553203,1078318,-4.469510332435036,0.0
555,3.8111658096313477,-3.78532529986861,6.446244078069183,1.2431357654925956,-20.354995449948454,0.0,0.19759327850684436,0.01,0.0030002593994140625,0.06351876258850098,0.005026378,0.048609488,-3.787827451212226,-0.0628719839252158,-0.03826723899638127,0.0,1508,0.20203328132629395,0.021079353124932886,0.016848758309680436,1079826,-4.472120244973511,0.0
556,3.958024501800537,-3.70288295048192,6.32147587431153,1.5331057079875574,-20.19348070566029,0.0,0.1876964425508305,0.01,0.002999544143676758,0.06700420379638672,0.0050001265,0.050277058,-3.7793330011391952,-0.06232084356095158,-0.0374384964596879,0.0,1558,0.2266237735748291,0.025373966130470577,0.01390880108408878,1081384,-4.497053738142337,0.0
557,3.855654239654541,-3.7506651022112907,6.362902461080505,1.1493198812132206,-19.834881721930827,0.0,0.18060038458077454,0.01,0.0040018558502197266,0.061998605728149414,0.0049520857,0.047612138,-3.776466211246405,-0.06314046094652966,-0.037920293277482815,0.0,1510,0.20302605628967285,0.042758009429925165,0.027939219020465627,1082894,-4.480234813835646,0.0
558,3.8245813846588135,-3.7193387154853426,6.322591682478371,1.7059503268439422,-19.31523581948686,0.0,0.19245398401273092,0.01,0.004000186920166016,0.06451010704040527,0.0049916785,0.049637266,-3.7707534616702985,-0.06275316877469042,-0.03760837778965963,0.0,1517,0.2075502872467041,0.02220675576129531,0.014156202711942486,1084411,-4.454537035817447,0.0
559,3.8497424125671387,-3.8525008467015196,6.334197827455132,0.6894800979998801,-19.982196938086396,0.0,0.19513006896526303,0.01,0.0039997100830078125,0.06551647186279297,0.005005285,0.049192056,-3.7789282001734206,-0.06316726646809208,-0.03893877163388332,0.0,1542,0.21602940559387207,0.03400265738350747,0.019397383830168813,1085953,-4.467227629519379,0.0
560,3.918290138244629,-3.75579593050591,6.306932478607291,1.5560951166242982,-18.849034549903575,0.0,0.2077489166359149,0.01,0.0040051937103271484,0.06305289268493652,0.0050172517,0.047339313,-3.7766149732066694,-0.0626830392569702,-0.03796925565580929,0.0,1561,0.2290329933166504,0.019348162888497254,0.010517968259404377,1087514,-4.493659247103137,0.0
561,3.8129379749298096,-3.6920241799685685,6.194722923362443,1.1564321293865227,-19.207756846376927,0.0,0.19631321126015852,0.01,0.004000663757324219,0.06451678276062012,0.004983257,0.0489383,-3.7681558938828594,-0.06285156157032508,-0.03733251924984363,0.0,1511,0.20563030242919922,0.01843321962965535,0.013441223042962004,1089025,-4.468317360882793,0.0
562,4.020269155502319,-3.7846894038005603,6.226495623222825,1.0676053843438837,-19.08545146156065,0.0,0.16751456420671842,0.01,0.004004478454589844,0.06851530075073242,0.0050233845,0.051417474,-3.7698092448746294,-0.06320092160650762,-0.038258825574834385,0.0,1553,0.2170257568359375,0.0388208657165877,0.0309467048651221,1090578,-4.511291403449104,0.0
563,3.722419023513794,-3.6915470620666953,6.273181062867123,1.6587343029424941,-19.105871128428117,0.0,0.18352599157277524,0.01,0.0039997100830078125,0.061002254486083984,0.0049397466,0.05070323,-3.7619830265938363,-0.06269076729976299,-0.03732941450454776,0.0,1476,0.2040271759033203,0.032832751315675965,0.01917730429802361,1092054,-4.525654807302205,0.0
564,3.839641809463501,-3.7586302285342157,6.327486761512463,1.2951420852111806,-19.98369180814738,0.0,0.1736651276651075,0.01,0.003997802734375,0.06462407112121582,0.0049656355,0.049809996,-3.7616477467878746,-0.06280121197219654,-0.03800020857592351,0.0,1502,0.2106647491455078,0.05372600151424775,0.03524671734174265,1093556,-4.509974936004658,0.0
565,4.488406181335449,-3.77463113789362,6.3849204783549265,1.149218591761925,-19.95905957333659,0.0,0.19996926301139561,0.01,0.004001617431640625,0.08951210975646973,0.0050362637,0.04938922,-3.762946085898449,-0.06257460815718592,-0.038096982807650615,0.0,1544,0.24104762077331543,0.03517115207652527,0.020254092713261486,1095100,-4.521524081158722,0.0
566,4.17041802406311,-3.768374257460416,6.368887450471285,1.4933406800412339,-20.27555763574986,0.0,0.20172946868728708,0.01,0.003998517990112305,0.06800198554992676,0.0049049724,0.047170695,-3.763488903054646,-0.06286827989293016,-0.03803693252574799,0.0,1514,0.21208953857421875,0.026371716205216087,0.019762500569976024,1096614,-4.497336576314931,0.0
567,4.1552348136901855,-3.657872408572092,6.292069198888207,1.5927779210498842,-18.911300556968303,0.0,0.17200605572035904,0.01,0.003999948501586914,0.06566929817199707,0.0050336216,0.051209867,-3.7529272536063907,-0.06211908406452913,-0.03699239284880847,0.0,1524,0.20502901077270508,0.027636612392724053,0.017897740394050423,1098138,-4.547318746031904,0.0
568,3.935781240463257,-3.7841309042294413,6.239544578264816,1.2599258151257184,-19.121329657813984,0.0,0.20896644209497306,0.01,0.003998994827270508,0.06700539588928223,0.0049940567,0.046412162,-3.7560476186686955,-0.06277863017219491,-0.038255945516778835,0.0,1547,0.21353363990783691,0.038584496298198115,0.022441268892259454,1099685,-4.551080821287649,0.0
569,3.874324321746826,-3.7176085808072648,6.41846661875419,1.8007344391121904,-20.153829413041798,0.0,0.1995201862737248,0.01,0.004000186920166016,0.08251190185546875,0.0050054234,0.05118624,-3.7522037148825524,-0.06281625561247879,-0.037588907855070505,0.0,1518,0.21068620681762695,0.026217434948028553,0.015408884794118867,1101203,-4.5046353015419625,0.0
570,3.91467022895813,-3.728016956111925,6.272848297949373,1.333659253488204,-18.9409139180134,0.0,0.18405050258391897,0.01,0.004000425338745117,0.06759262084960938,0.004981641,0.052209686,-3.7497850390054897,-0.06254607670047738,-0.0376942993278092,0.0,1552,0.20761632919311523,0.01582958655888952,0.010871788051533717,1102755,-4.498970639128836,0.0
571,3.9120585918426514,-3.7951592512840455,6.341141425446476,1.6784602254717618,-19.98487912002993,0.0,0.20258014706384014,0.01,0.004003763198852539,0.06351041793823242,0.005009989,0.041850965,-3.7543224602333454,-0.06266091226308138,-0.038363329526006996,0.0,1543,0.21403074264526367,0.03436936906848027,0.024740154083570404,1104298,-4.489823629645066,0.0
572,3.816574811935425,-3.724594218879157,6.269813862638067,1.3416075929876732,-18.904874249759477,0.0,0.1942317206553359,0.01,0.004000186920166016,0.05999946594238281,0.0049788198,0.048564147,-3.7513496360979266,-0.06275106862155858,-0.0376613016057286,0.0,1505,0.1935582160949707,0.02584301695819826,0.015356637550072154,1105803,-4.546164395413468,0.0
573,3.8574717044830322,-3.6177249210042346,6.210047661192169,1.5025082313433087,-18.829680627107116,0.0,0.2119561666666843,0.01,0.0029997825622558594,0.06200766563415527,0.00497766,0.046402395,-3.7379871645885574,-0.06224506342962137,-0.03658547235628227,0.0,1559,0.2107541561126709,0.022533848697414947,0.014008259577713133,1107362,-4.517207202134763,0.0
574,4.06844687461853,-3.718890782315536,6.3262274934902925,1.646348442356305,-20.1927903468679,0.0,0.1869440100501258,0.01,0.0029981136322021484,0.0670018196105957,0.0050192988,0.050926685,-3.7360775263612553,-0.06220466091841433,-0.03753294817869775,0.0,1607,0.22504568099975586,0.02184331256890655,0.014649775783065784,1108969,-4.480012531023087,0.0
575,3.826158285140991,-3.6480009101558837,6.269667905243237,1.0135449787019304,-20.393330910370047,0.0,0.17113778806869556,0.01,0.003512144088745117,0.06500053405761719,0.005003201,0.058810078,-3.727269864740718,-0.062344288966928584,-0.036893691850669666,0.0,1499,0.2100231647491455,0.01721933423588427,0.011412081662397286,1110468,-4.491235432284212,0.0
576,4.0408713817596436,-3.7004568212255613,6.242158582755325,1.8536023148728604,-18.882255207674483,0.0,0.1864600593038777,0.01,0.00400090217590332,0.06351280212402344,0.0050154575,0.049266737,-3.7245885603892024,-0.06276409606906726,-0.03741662807903159,0.0,1531,0.20556211471557617,0.021387942478446036,0.013545620957848932,1111999,-4.532592256968945,0.0
577,3.8964314460754395,-3.6945034165921316,6.1944486675220976,1.3937323711999061,-19.104450528514835,0.0,0.19249043799086554,0.01,0.004000425338745117,0.06809115409851074,0.005002543,0.04954213,-3.721580046009495,-0.06232430897368243,-0.03735478830772058,0.0,1545,0.22025561332702637,0.02344642483414363,0.014776154101741355,1113544,-4.4936759551545,0.0
578,3.754173517227173,-3.6401793964251974,6.307492897653551,1.1252075598185627,-19.89273451989332,0.0,0.20656133125551593,0.01,0.004008054733276367,0.06250977516174316,0.005001581,0.04743431,-3.7134399810510654,-0.062487677110103335,-0.03681202268910039,0.0,1475,0.2010352611541748,0.01390823338827721,0.009279064902679287,1115019,-4.5227583586993365,0.0
579,3.8139402866363525,-3.6666839519692234,6.305546996642094,1.3842508993326332,-20.00870475455453,0.0,0.1993366960958451,0.01,0.003997802734375,0.06099820137023926,0.005021807,0.046737105,-3.7087643781428814,-0.06252272033389172,-0.03708018045493285,0.0,1500,0.2120351791381836,0.019406062641668654,0.019171505471262236,1116519,-4.524646540431049,0.0
580,4.013211011886597,-3.652962980108609,6.233816903676405,1.642162651372986,-20.015888225777342,0.0,0.2073499759178398,0.01,0.003999948501586914,0.059515953063964844,0.0050371173,0.04456905,-3.703184238339454,-0.06213871981805221,-0.03688342905234797,0.0,1591,0.21703124046325684,0.024422276288128104,0.012888542650105854,1118110,-4.430332311967698,0.0
581,3.797431707382202,-3.66488898926655,6.352923530229063,1.0769127065446877,-20.17875846158371,0.0,0.19480061959348235,0.01,0.0035080909729003906,0.06257820129394531,0.005006164,0.048604827,-3.6993547134321636,-0.06231533028254804,-0.037061317768386184,0.0,1497,0.20167970657348633,0.01454770555096481,0.009372011362415802,1119607,-4.485140836511613,0.0
582,3.760767936706543,-3.618169084038082,6.239718276544142,1.0994472414159424,-19.88410294438894,0.0,0.19492029944058872,0.01,0.004002809524536133,0.08051800727844238,0.0050439634,0.051071487,-3.6912361504927556,-0.06261682293233758,-0.036595484940526384,0.0,1479,0.25455236434936523,0.012955750705264975,0.009277812627551025,1121086,-4.454129921645671,0.0
583,3.92596697807312,-3.652682379021403,6.299050019601559,1.510422095184713,-19.955186866685704,0.0,0.18941771084976577,0.01,0.004000186920166016,0.06251382827758789,0.005018776,0.05103263,-3.6873807733456205,-0.062234631777346026,-0.03688268859103555,0.0,1534,0.2040271759033203,0.015743670668934735,0.010366651879873724,1122620,-4.470272468248944,0.0
584,3.778360366821289,-3.6429943647840424,6.169325500125104,1.8892733543904687,-18.89339522404982,0.0,0.1802725405179393,0.01,0.002999544143676758,0.06110548973083496,0.0050029554,0.051155344,-3.6829421324894627,-0.06286297339324444,-0.03684318408540098,0.0,1469,0.19102716445922852,0.01983916470504877,0.014967775153351124,1124089,-4.371513306783688,0.0
585,3.808579921722412,-3.6824282489658358,6.218964990844383,1.5840703869502093,-19.417721851358305,0.0,0.1942017769214633,0.01,0.0035152435302734375,0.07129049301147461,0.0049961777,0.049614906,-3.6828907441371,-0.06298929275937451,-0.03723907312978296,0.0,1517,0.20917558670043945,0.01835570704034019,0.014645374630311398,1125606,-4.501103102968336,0.0
586,3.8436267375946045,-3.639614099402242,6.200022422824145,1.0905839428411477,-18.831666533970115,0.0,0.1870060653076356,0.01,0.003998517990112305,0.06651759147644043,0.0050031915,0.04736047,-3.6785630796636144,-0.062725347535548,-0.03680879976849486,0.0,1478,0.21084904670715332,0.01939896635453676,0.012390709283962204,1127084,-4.378297797739918,0.0
587,3.912095069885254,-3.6443458895669614,6.195793851088862,1.146188423283884,-18.84296193849303,0.0,0.16953919043086935,0.01,0.0030002593994140625,0.06500530242919922,0.0049766717,0.05061199,-3.675141360653949,-0.06227279103332882,-0.036796378136908135,0.0,1542,0.21555137634277344,0.04455324430231828,0.026871969265040617,1128626,-4.605684430469486,0.0
588,3.7749249935150146,-3.687090678140278,6.239373187811846,1.4770208833407559,-19.717339803073052,0.0,0.20093982511493744,0.01,0.003999233245849609,0.06300592422485352,0.004994016,0.048839,-3.6763362924025818,-0.06297577209513852,-0.037286362281131885,0.0,1497,0.2090897560119629,0.02385679619919194,0.01350328697083656,1130123,-4.791379584580238,0.0
589,3.88826060295105,-3.5701543991384184,6.194432082169428,1.0911286517089678,-19.81164168940354,0.0,0.20945757930145162,0.01,0.004000425338745117,0.07104682922363281,0.004963002,0.04757307,-3.6657181030761654,-0.062390386073319926,-0.036111419129055744,0.0,1551,0.21744441986083984,0.014587638006051005,0.010135915495333917,1131674,-4.575999233507343,0.0
590,3.892652750015259,-3.606419335260783,6.239857892207181,1.533316668975016,-19.59343657246269,0.0,0.19349195179561254,0.01,0.0039980411529541016,0.06424140930175781,0.005006162,0.049006768,-3.6597882262946273,-0.06214247416567268,-0.03647882439711837,0.0,1535,0.21103858947753906,0.019068043249030876,0.013321442182180336,1133209,-4.688585011173777,0.0
591,3.7803962230682373,-3.7057131302896025,6.2574039475563605,1.5121735303062451,-20.61526599585402,0.0,0.1821820731342698,0.01,0.003998756408691406,0.06500744819641113,0.0049836435,0.05057939,-3.664380716694125,-0.06324520104232437,-0.03747250269246834,0.0,1456,0.20253372192382812,0.020139652963924216,0.01249535257652169,1134665,-4.8090087987749675,0.0
592,3.7848334312438965,-3.61157660223992,6.197565898146935,1.7368115114131721,-19.090855988121184,0.0,0.19565598575053436,0.01,0.004002094268798828,0.06251072883605957,0.005020288,0.049574338,-3.6591003052487046,-0.06238002286803022,-0.0365299078951649,0.0,1494,0.20402884483337402,0.017974908690483845,0.011401132567924853,1136159,-4.702781589342269,0.0
593,3.891308307647705,-3.621774304395538,6.208726864301412,1.1578097488130341,-19.756056308133864,0.0,0.19070441003118896,0.01,0.003999948501586914,0.0645139217376709,0.004981747,0.04899011,-3.6553677051633877,-0.0621791093083859,-0.03663322706553325,0.0,1536,0.21527600288391113,0.024267776609381647,0.01629037166829864,1137695,-4.656635922176223,0.0
594,3.7984187602996826,-3.6232214023196514,6.286574667106007,1.551555852342093,-19.1830505274282,0.0,0.1889248951522384,0.01,0.003998279571533203,0.06155800819396973,0.0050061513,0.05115793,-3.6521530748790143,-0.06264368033704482,-0.036644739554073734,0.0,1487,0.2100369930267334,0.025023450913046454,0.013790023547418241,1139182,-4.684718118308851,0.0
595,3.8554978370666504,-3.6111811933359683,6.269754803314235,1.5386932217945415,-20.110714384393045,0.0,0.19512612775552704,0.01,0.003537893295288086,0.06499838829040527,0.004951701,0.050106406,-3.64805588672471,-0.06226651307021821,-0.03652573260833343,0.0,1517,0.21103596687316895,0.02141766934687024,0.011829552118564785,1140699,-4.646284978959623,0.0
596,3.8331172466278076,-3.711551509438452,6.349223039502722,1.2270516227197517,-19.938044611571268,0.0,0.19531266678022566,0.01,0.002998828887939453,0.06351613998413086,0.0049304254,0.04714065,-3.6544054489960844,-0.06255359552934545,-0.03752831966198271,0.0,1511,0.20603132247924805,0.02380313662896477,0.015552099533431493,1142210,-4.670601890298229,0.0
597,3.7323529720306396,-3.6812470271047344,6.371165917391875,1.821006068234304,-20.800571342853868,0.0,0.1979594095643468,0.01,0.00299835205078125,0.06400370597839355,0.004974244,0.048804637,-3.6570896068069496,-0.06292494421789496,-0.037227433294377596,0.0,1481,0.2110307216644287,0.016733155052556858,0.010324554792962364,1143691,-4.627465746655839,0.0
598,3.796274423599243,-3.6245914334781353,6.1959781054233725,0.9201442130631553,-18.783728893198752,0.0,0.20517216077867903,0.01,0.00500035285949707,0.06651163101196289,0.0049905498,0.04803694,-3.6538397894740684,-0.06249187351285081,-0.0366600414062057,0.0,1495,0.21241021156311035,0.015327065954586062,0.011154900112410167,1145186,-4.662381248737685,0.0
599,3.9160029888153076,-3.4872311454585145,6.291265842406396,1.5876523556843771,-19.009385090391664,0.0,0.1943354572253197,0.01,0.003997802734375,0.06600379943847656,0.0049754228,0.05090487,-3.6371789250725133,-0.06187417986361219,-0.03528751849577898,0.0,1532,0.20453906059265137,0.015522564635473744,0.009980360915477922,1146718,-4.686182640527129,0.0
600,3.8390679359436035,-3.640322081906511,6.177218453910619,0.9927962930728828,-18.93744700489159,0.0,0.1832195237381972,0.01,0.003999948501586914,0.06401658058166504,0.005046411,0.04966268,-3.6374932407559135,-0.062227995946583646,-0.03681749360407138,0.0,1518,0.2120344638824463,0.04453504463234793,0.029923483301331488,1148236,-4.694124312159813,0.0
601,3.831238031387329,-3.5507336757779213,6.242708356833136,1.3981249408861327,-19.36591786641112,0.0,0.19538015907187675,0.01,0.003002166748046875,0.0660257339477539,0.005016855,0.04880613,-3.6288172842581146,-0.062149978930034114,-0.03586187322990801,0.0,1510,0.21275639533996582,0.029683454535166843,0.013303635594004689,1149746,-4.6429610294684975,0.0
602,3.967916488647461,-3.5718117937077354,6.154168923413493,1.537674425228687,-19.232069805657606,0.0,0.19133469905651185,0.01,0.004001140594482422,0.06351494789123535,0.004974076,0.04867245,-3.6231167352030766,-0.061856382825280234,-0.03606385429923311,0.0,1576,0.21702313423156738,0.024032189737290596,0.018040032090640125,1151322,-4.689865430277882,0.0
603,4.000354290008545,-3.6375757188200355,6.228790439739597,1.2775932660805092,-18.933211589691407,0.0,0.20805706240125396,0.01,0.005999565124511719,0.0689995288848877,0.0050246674,0.04758443,-3.6245626335647727,-0.062433895807192254,-0.036789200107682295,0.0,1507,0.23955869674682617,0.020269995137621538,0.014070387043629637,1152829,-4.699457981775114,0.0
604,3.8524460792541504,-3.5312990143894907,6.222992238723083,1.3827204152732055,-19.3564062377603,0.0,0.19826400548969927,0.01,0.0030002593994140625,0.06451177597045898,0.004964488,0.049439937,-3.6152362716472446,-0.061976360682016174,-0.03572651169446443,0.0,1506,0.2140352725982666,0.011329839043597778,0.007382910801330136,1154335,-4.87388670409773,0.0
605,3.815692663192749,-3.534517811113987,6.182340211379146,1.5239066985744592,-18.759893128985595,0.0,0.2103418818170709,0.01,0.0041654109954833984,0.06337380409240723,0.004971307,0.0473288,-3.6071644255939193,-0.06212596472632716,-0.03576157795074688,0.0,1506,0.21111607551574707,0.016649516622531408,0.010825464134245334,1155841,-4.826886051585499,0.0
606,3.965571165084839,-3.52907454014462,6.210439700102561,1.773478222850986,-18.784573417247415,0.0,0.19411002340207953,0.01,0.0040013790130615234,0.0660398006439209,0.00500115,0.051983535,-3.5993554370489895,-0.06204339151418746,-0.03570380257682617,0.0,1581,0.21654939651489258,0.01109861581477547,0.008089895678055957,1157422,-4.694494783205433,0.0
607,3.889930486679077,-3.586752634328737,6.225601665570261,1.5120468920427816,-18.929012577895925,0.0,0.21911461213536929,0.01,0.003999948501586914,0.06399917602539062,0.004993584,0.043258812,-3.598095156776964,-0.06219680086079613,-0.036279705652442255,0.0,1541,0.21655511856079102,0.014287973345761396,0.009699037764273154,1158963,-4.918179024071398,0.0
608,3.8849682807922363,-3.516548214603522,6.14990357249954,1.5680199427656478,-18.651921821447836,0.0,0.19004604578377435,0.01,0.004000186920166016,0.06351542472839355,0.0049955472,0.050175756,-3.58994046255962,-0.06190999672735509,-0.03557678658565015,0.0,1526,0.20803403854370117,0.019971867729670058,0.014158020927039897,1160489,-4.978035769077367,0.0
609,3.7877509593963623,-3.6488197679619234,6.305948973848773,1.5074968551993047,-20.1725682742863,0.0,0.19723246405464692,0.01,0.00424647331237793,0.06855177879333496,0.0050134542,0.04906983,-3.5958283930998505,-0.06271761534431483,-0.03690278148166084,0.0,1491,0.20574426651000977,0.017768499550839378,0.010977261330776278,1161980,-4.979301251675453,0.0
610,4.052995443344116,-3.6070324769073574,6.236723919298732,1.6054837674385518,-19.90935368279134,0.0,0.20941365814373827,0.01,0.0029981136322021484,0.06751894950866699,0.0050152102,0.0465175,-3.5969488014806013,-0.06205391414100823,-0.036483964410020574,0.0,1563,0.2350311279296875,0.014091807685582408,0.009918818426248126,1163543,-5.007251022661899,0.0
611,4.043693542480469,-3.5617527064488272,6.203723334105407,1.410206129397346,-19.356086563704427,0.0,0.1799360658618829,0.01,0.004509687423706055,0.07599973678588867,0.00502213,0.04779553,-3.593429191977424,-0.0623646383168564,-0.036031803041113065,0.0,1519,0.24254989624023438,0.0487396169832275,0.03127500742143001,1165062,-5.135139187108565,0.0
612,4.4005632400512695,-3.611672980635723,6.146544239442935,1.4163106363118194,-20.022973847174672,0.0,0.18278719394722887,0.01,0.003999948501586914,0.06800389289855957,0.0050291754,0.053896632,-3.595253570843254,-0.06231814272072157,-0.03653201650195705,0.0,1542,0.2130265235900879,0.0332079940729776,0.018751540412851264,1166604,-4.804144905564101,0.0
613,3.9519591331481934,-3.553939505425859,6.201664115261115,1.5029386072973574,-19.010054540477928,0.0,0.19143791660538292,0.01,0.0040018558502197266,0.06951284408569336,0.004992662,0.052610982,-3.5911221643015145,-0.06267098960140885,-0.03595360872182429,0.0,1470,0.20754313468933105,0.017648790540553325,0.008796216913115763,1168074,-4.617152224073468,0.0
614,5.4586968421936035,-3.489391895791404,6.199804176144818,1.934983051190263,-20.643261082506797,0.0,0.17641505082703846,0.01,0.004998207092285156,0.09853005409240723,0.005025296,0.050190896,-3.580949137450504,-0.06171315940874191,-0.03530885318337779,0.0,1567,0.3210735321044922,0.028783254992659463,0.0210647831489455,1169641,-4.608765667870389,0.0
615,5.540978193283081,-3.536581326730753,6.073983577309336,1.5157215828368553,-18.689463209778026,0.0,0.19301678912516784,0.01,0.005001544952392578,0.1590287685394287,0.005023055,0.05045498,-3.576512356378529,-0.06213145283277195,-0.03577488322049345,0.0,1538,0.31803226470947266,0.019932345948914444,0.013132698058958654,1171179,-4.5892137700833535,0.0
616,5.788844585418701,-3.5364120911366284,6.261824732899984,1.2154962666149896,-19.261870233139685,0.0,0.20651447517679122,0.01,0.003999233245849609,0.1130363941192627,0.0049684583,0.04440621,-3.572502329854339,-0.06228235377668816,-0.03571603086733294,0.0,1518,0.3840665817260742,0.03912085007905391,0.025140124511806285,1172697,-4.579647560794163,0.0
617,3.8895621299743652,-3.5784983082141224,6.137891237472027,1.5007831302019043,-18.73010001629888,0.0,0.19086621073898155,0.01,0.003999948501586914,0.06451416015625,0.004972088,0.05061514,-3.5731019276903178,-0.06237725899066,-0.03619763991920035,0.0,1488,0.2105402946472168,0.019828799058714645,0.01195280354535761,1174185,-4.587454309064752,0.0
618,3.9054911136627197,-3.5064380320461064,6.194098486321098,1.3249417625517004,-20.337224460609388,0.0,0.1865164510328231,0.01,0.0029993057250976562,0.06400847434997559,0.005016324,0.049614783,-3.5664355381258965,-0.06233420029604384,-0.03541632077592188,0.0,1518,0.2732269763946533,0.015564681511134546,0.009531325213958523,1175703,-4.424673778082727,0.0
619,4.465899467468262,-3.4981244550680826,6.219463012732679,1.8339910716930792,-18.840008729733558,0.0,0.1921724437599972,0.01,0.003998279571533203,0.07551741600036621,0.005018003,0.050720442,-3.5596044298201153,-0.061895353087946615,-0.03539495232937538,0.0,1530,0.31006407737731934,0.01292642472289605,0.01010092632637286,1177233,-4.397856790585537,0.0
620,4.383349418640137,-3.621464784390315,6.184782667200996,1.5206387834132349,-18.789366095281895,0.0,0.2050114887434347,0.01,0.0040056705474853516,0.06812310218811035,0.0050077257,0.047051914,-3.5657904652771353,-0.06239216557894935,-0.03662686043496714,0.0,1518,0.21635031700134277,0.019526457957524425,0.01091658120518586,1178751,-4.386138654159202,0.0
621,4.691403388977051,-3.5995803992553426,6.238231485880471,1.0883340915835373,-19.773507606006667,0.0,0.18459541252532546,0.01,0.004000425338745117,0.0785222053527832,0.005011716,0.052044984,-3.569169458674956,-0.0623008551930085,-0.03641010920573573,0.0,1545,0.2921304702758789,0.023117106713245492,0.016527927967614764,1180296,-4.4183975097048185,0.0
622,4.212764501571655,-3.5193239887881718,6.218242047085219,1.5424829520883983,-20.03278501119378,0.0,0.21417729084963433,0.01,0.0040013790130615234,0.06909871101379395,0.004990385,0.045513425,-3.5641849116862776,-0.06236720338142356,-0.035606682107387044,0.0,1499,0.24866962432861328,0.013067090071215393,0.008846814387724717,1181795,-4.391339156859639,0.0
623,4.265035152435303,-3.5726191893381127,6.169450246456286,1.7388126182035464,-19.2829651298871,0.0,0.19129452688915777,0.01,0.004001617431640625,0.08151602745056152,0.005039185,0.04986833,-3.5650283394514615,-0.06196136362310787,-0.036139310580378226,0.0,1556,0.27203965187072754,0.024605982865130747,0.017846131947788866,1183351,-4.374464102029893,0.0
624,4.531892776489258,-3.511741283851028,6.192553859500759,1.9046674038785871,-19.931494959322873,0.0,0.20160336833265746,0.01,0.003002643585205078,0.08652043342590332,0.0049825115,0.04828295,-3.559699633891418,-0.061846992474021666,-0.0355335472123415,0.0,1565,0.2775580883026123,0.020452126998482357,0.013309800426292318,1184916,-4.375928426415039,0.0
625,4.505575656890869,-3.5063030382369718,6.2145239836197295,1.3746401361821075,-19.19935215388274,0.0,0.19371419669193643,0.01,0.00500178337097168,0.11951708793640137,0.0050053042,0.051907726,-3.5543599743259735,-0.06194100979093935,-0.03547304556159184,0.0,1516,0.24246573448181152,0.011329023973159677,0.007086769411092416,1186432,-4.388044134432088,0.0
626,4.7224438190460205,-3.594343230186548,6.142691580290074,1.1624017758141525,-18.798391696194745,0.0,0.20122212271412737,0.01,0.00599980354309082,0.08302760124206543,0.0050217346,0.046773165,-3.558358299912031,-0.06256360910568678,-0.036358576625766935,0.0,1505,0.3062431812286377,0.028589104453256894,0.018326429338695004,1187937,-4.371464502124205,0.0
627,4.58610200881958,-3.56424403866081,6.135586637769859,1.4306391400747271,-18.68546081939392,0.0,0.2132125086845932,0.01,0.004999876022338867,0.09651803970336914,0.004980063,0.046523478,-3.5589468737869088,-0.06230740073090062,-0.03605410067781102,0.0,1530,0.2548997402191162,0.02308636712939932,0.013433429754397652,1189467,-4.3473984851654714,0.0
628,4.001078844070435,-3.447789497592429,6.045509871323922,1.4902609011493793,-18.88378267942665,0.0,0.19799031602107028,0.01,0.003999948501586914,0.06400346755981445,0.0049756384,0.052763797,-3.547831136167461,-0.06232374622984012,-0.034891626435979727,0.0,1490,0.21054434776306152,0.014734061769980867,0.00883558375588763,1190957,-4.333703667372318,0.0
629,4.064820289611816,-3.4985929985376787,6.1305135264386035,1.218785645505737,-18.773652709863367,0.0,0.21471115063112017,0.01,0.0070002079010009766,0.10151505470275879,0.004977098,0.045506235,-3.5429073224044827,-0.062320467524135136,-0.03540122178881391,0.0,1493,0.2636752128601074,0.017254228816917093,0.01327854303727556,1192450,-4.259060318331346,0.0
630,3.9491231441497803,-3.541532639959724,6.131848077452056,0.8376992632262676,-20.23062692593723,0.0,0.1977827358981089,0.01,0.004998922348022461,0.07452082633972168,0.005027923,0.047889795,-3.542769854160007,-0.06261867953547892,-0.035827415498953616,0.0,1513,0.22520184516906738,0.021957208392974915,0.01484683118047895,1193963,-4.245390203554782,0.0
631,4.024476051330566,-3.5950121121665277,6.237665311778442,1.0495752564795544,-19.708603068375577,0.0,0.21190998878174286,0.01,0.004000186920166016,0.06951451301574707,0.0049687666,0.044681054,-3.547994079960659,-0.062167922295882395,-0.03636108718117635,0.0,1535,0.20703387260437012,0.028636910261301184,0.01806882252574135,1195498,-4.246705496088447,0.0
632,3.8526206016540527,-3.5022410981886125,6.174277843928378,2.0619825761067405,-18.785728122129054,0.0,0.20065121236923428,0.01,0.00400090217590332,0.06951665878295898,0.005018176,0.047253713,-3.543418781783455,-0.06230011634415504,-0.03543616723841998,0.0,1488,0.21103191375732422,0.022540505814267718,0.014213746745552687,1196986,-4.234638391156933,0.0
633,4.206165790557861,-3.5531985338914915,6.187287531977065,0.9916583296247531,-18.878949853037966,0.0,0.18940716949720485,0.01,0.006999969482421875,0.19403505325317383,0.0050151967,0.050252046,-3.5443967569942587,-0.06254293662923745,-0.03594811694247408,0.0,1485,0.8701727390289307,0.01812537719094282,0.01291081853659288,1198471,-4.214847460853575,0.0
634,4.0197224617004395,-3.531689892657911,6.202467823819942,1.0656420959642026,-18.731044293598906,0.0,0.2050243617501494,0.01,0.010000944137573242,0.1393277645111084,0.0050062523,0.046685215,-3.543126070560624,-0.06259542823408298,-0.035730964201967405,0.0,1477,0.23221421241760254,0.014623333162830765,0.009164549095043427,1199948,-4.326273399939153,0.0
635,4.884910345077515,-3.4971104009404845,6.1075818409975255,1.4991479065495528,-18.57494189860269,0.0,0.21214268145142526,0.01,0.004088163375854492,0.06876182556152344,0.005030133,0.04522831,-3.53852450359861,-0.06207396791898147,-0.03538292638147844,0.0,1532,0.243149995803833,0.027453130471309452,0.02046944242145047,1201480,-4.333078100135554,0.0
636,3.961620807647705,-3.607125409836729,6.232509496970964,0.7874250147161617,-19.25503557249278,0.0,0.2018022752748794,0.01,0.0039975643157958984,0.07051992416381836,0.005014757,0.048771773,-3.5453845942224222,-0.06272998096793621,-0.03639242245746582,0.0,1458,0.20831990242004395,0.027902792614170266,0.014138076454720172,1202938,-4.314013388890469,0.0
637,3.85369610786438,-3.5103722750046935,6.156426754840101,1.0228799811315379,-19.21594560132726,0.0,0.19737233381954944,0.01,0.0039958953857421875,0.0670008659362793,0.0049652946,0.05015836,-3.5418833623006494,-0.06259642526720723,-0.035518044827696084,0.0,1459,0.20153236389160156,0.019144723407153095,0.010703982881635899,1204397,-4.319239567128511,0.0
638,3.9313251972198486,-3.5019455547780174,6.227632661739725,1.9136189207451229,-19.173243908674227,0.0,0.19548918746075963,0.01,0.003999948501586914,0.06852197647094727,0.0050113103,0.0480214,-3.537889581548386,-0.06220693815596327,-0.03543200710774412,0.0,1515,0.2500894069671631,0.02296877913586925,0.014859542217081634,1205912,-4.33779315321919,0.0
639,4.061992883682251,-3.58298010679066,6.128887335162674,0.8829900896023435,-19.131426026087446,0.0,0.19513990088887204,0.01,0.005001068115234375,0.07551717758178711,0.0049994793,0.047231186,-3.542398634072614,-0.06265813136712749,-0.036242267791641955,0.0,1507,0.2185530662536621,0.022036890618733797,0.016336439115259553,1207419,-4.354997696580069,0.0
640,3.884988784790039,-3.5125261821506357,6.165509955566247,1.2796261550798778,-20.150095978128814,0.0,0.19844522206652446,0.01,0.003998994827270508,0.06951594352722168,0.0050526387,0.05020367,-3.539411388880416,-0.06230818411279586,-0.035531982144377396,0.0,1482,0.22409343719482422,0.0179297936217786,0.010099694030569347,1208901,-4.337733811690272,0.0
641,3.7906577587127686,-3.459311710672638,6.143023049549741,1.0918514230589027,-19.4950499959288,0.0,0.19581733747538851,0.01,0.003999948501586914,0.05599784851074219,0.0050161816,0.049466386,-3.5314014210596385,-0.062008373267902796,-0.034946921655552944,0.0,1470,0.19603610038757324,0.013712075427290967,0.009147445296410272,1210371,-4.317774167508079,0.0
642,4.239991188049316,-3.5046471802470043,6.160228707624202,1.5170568637432273,-18.777188386120084,0.0,0.21841781468942736,0.01,0.003999471664428711,0.07651877403259277,0.0050437124,0.0451168,-3.528725996978375,-0.06210306809916044,-0.0354592983163983,0.0,1522,0.21506690979003906,0.01530155748731504,0.01091967778530534,1211893,-4.329813872651677,0.0
643,3.939941883087158,-3.529842219317088,6.255648168652812,1.8921669222507007,-20.348784726337207,0.0,0.20720061828178085,0.01,0.002999544143676758,0.07199931144714355,0.0049839527,0.04751561,-3.5288376192122466,-0.062239510397228616,-0.03565156830490066,0.0,1545,0.23006486892700195,0.017727515986831133,0.012118332135619652,1213438,-4.296920738533065,0.0
644,3.8260297775268555,-3.4313962765515846,6.1672050809995405,1.4413248878613494,-18.857217363141228,0.0,0.2053008134460427,0.01,0.004002571105957031,0.06699776649475098,0.004986854,0.047762092,-3.5190934849461804,-0.06174475694358796,-0.034729270509174945,0.0,1485,0.21805739402770996,0.011226848263423543,0.007597590503476995,1214923,-4.319505375018362,0.0
645,4.16553258895874,-3.46855021043458,6.111594075168977,1.7870367266306322,-19.080366406380282,0.0,0.20355629829020117,0.01,0.0050013065338134766,0.06800317764282227,0.0049625426,0.046158686,-3.51403915749502,-0.062179420545717366,-0.035100437311800015,0.0,1482,0.20403122901916504,0.01719909638752586,0.012663793514646512,1216405,-4.319282578533307,0.0
646,4.024384021759033,-3.3856480609652793,6.141674493981882,1.3525643365969484,-18.88588010328468,0.0,0.20304165255543827,0.01,0.004001140594482422,0.07400298118591309,0.0050288895,0.049272835,-3.501200047842046,-0.061963120807740545,-0.034271304066407535,0.0,1464,0.2320389747619629,0.011191215731544944,0.006706847506977135,1217869,-4.333324327933843,0.0
647,4.267132043838501,-3.424727903514497,6.071910038768844,1.1023215507583402,-18.783574154316664,0.0,0.19647747291625545,0.01,0.004999399185180664,0.16393280029296875,0.0050170245,0.04867346,-3.493552833409291,-0.06202218633347978,-0.03465961821208373,0.0,1498,0.22703862190246582,0.0116196519665924,0.008086789486853332,1219367,-4.33200195223211,0.0
648,4.219269037246704,-3.5286843400652472,6.252371473053026,1.4974444444027466,-18.73196343629896,0.0,0.21163302419615962,0.01,0.00500178337097168,0.07775044441223145,0.0050262967,0.045842804,-3.497065984074887,-0.06219575932245221,-0.03563755428727502,0.0,1487,0.26006102561950684,0.013647843766993165,0.009222701814195777,1220854,-4.278451343385201,0.0
649,4.141884803771973,-3.4127689885725787,6.07997775097472,1.1527863845333108,-18.877526274948988,0.0,0.20550396507601268,0.01,0.004004001617431641,0.06651091575622559,0.0050158612,0.047224417,-3.488636284524656,-0.062281645556831966,-0.03454139077325694,0.0,1488,0.23233985900878906,0.013138804650701937,0.00836459011959617,1222342,-4.250367678831015,0.0
650,4.021491527557373,-3.487037083130475,6.059178836804612,1.711774965171726,-18.81884737144409,0.0,0.1944768665710242,0.01,0.004001617431640625,0.06900310516357422,0.0050042565,0.046354573,-3.488476364385238,-0.06217201452370004,-0.035285762984510055,0.0,1535,0.21056509017944336,0.025349928701991657,0.019097748352758855,1223877,-4.239014655401735,0.0
651,3.8964970111846924,-3.4457135479971206,6.078203710080659,1.379219182816185,-18.78454269795756,0.0,0.19115569495094695,0.01,0.003997325897216797,0.06851744651794434,0.005003506,0.053616755,-3.484200082746426,-0.061955366131230295,-0.03487222601041905,0.0,1517,0.2140369415283203,0.018041703328628807,0.010170289043348798,1225394,-4.243745125478116,0.0
652,3.9148757457733154,-3.4271709100595347,6.075224490096094,1.6649542684554217,-18.894699359973703,0.0,0.1990857846341218,0.01,0.0039997100830078125,0.06900548934936523,0.004993072,0.049378585,-3.478497165477737,-0.061919147538968655,-0.03468463776012333,0.0,1499,0.2176342010498047,0.011411866762388381,0.0076072731716160785,1226893,-4.292638065060685,0.0
653,3.870821475982666,-3.398304424251857,6.063294500535409,1.0028423430505817,-18.56594590125604,0.0,0.19448194140627895,0.01,0.004001617431640625,0.06704115867614746,0.0050249198,0.050757103,-3.470477891355149,-0.062026450105719985,-0.03433368829935046,0.0,1478,0.2200334072113037,0.009831471390174613,0.006949347361131372,1228371,-4.2838362118798194,0.0
654,3.9204494953155518,-3.4311611668081667,6.2135195698565795,2.0792535164911827,-18.855154403412993,0.0,0.19107989442405912,0.01,0.004000425338745117,0.06800580024719238,0.0050016837,0.051124044,-3.466546218900451,-0.06196625199285673,-0.03466928218484179,0.0,1512,0.21280145645141602,0.01311207246038642,0.008698329450136474,1229883,-4.281607449568675,0.0
655,4.038616418838501,-3.4497683544773614,6.21255448455681,1.2849007177377625,-18.799329446430068,0.0,0.20362940299560603,0.01,0.0039997100830078125,0.06399917602539062,0.005010141,0.04815271,-3.4648684324581422,-0.061765462363078005,-0.03491061552984849,0.0,1547,0.22354555130004883,0.010633197861808323,0.007740226567019259,1231430,-4.313330628662873,0.0
656,3.8587393760681152,-3.404224833858506,6.060086885689783,1.97998063104793,-18.765442730342958,0.0,0.19157026154539458,0.01,0.00500035285949707,0.07827377319335938,0.005019446,0.050831094,-3.458804072598179,-0.061837490547539155,-0.03445621259253981,0.0,1502,0.22028064727783203,0.016175399872129074,0.010882756607662835,1232932,-4.302281001451929,0.0
657,3.890106201171875,-3.4607055937381,6.072287916398955,1.4932313093388754,-18.7429373211351,0.0,0.17548602409477587,0.01,0.003998517990112305,0.06751012802124023,0.0049958075,0.05382432,-3.458994224712171,-0.06205941087142654,-0.03501944161148558,0.0,1500,0.21804141998291016,0.017216231942398415,0.012172586766416417,1234432,-4.287732349676177,0.0
658,3.8863306045532227,-3.381915578488678,6.066347853199555,1.5037786120293433,-18.802560185013114,0.0,0.2123322642496034,0.01,0.003999233245849609,0.07110238075256348,0.0049904464,0.047185604,-3.451286360089822,-0.061968411526545995,-0.03423311953969046,0.0,1491,0.2180318832397461,0.010946394913330305,0.007835934232582682,1235923,-4.318672360928125,0.0
659,3.7876474857330322,-3.386982745013923,6.089031638068815,1.7198181866314148,-18.721072285952044,0.0,0.20284316591201887,0.01,0.004000425338745117,0.0655066967010498,0.005008452,0.04854593,-3.444855998582232,-0.061981776959775005,-0.03428438908431786,0.0,1456,0.21454644203186035,0.009977578819495417,0.006595367415655105,1237379,-4.294111876109691,0.0
660,4.743314743041992,-3.347424834832453,6.074704695194452,1.7422499017936643,-18.67789594194407,0.0,0.1940957589277795,0.01,0.004508495330810547,0.1415233612060547,0.004978316,0.04881486,-3.435112882207254,-0.06135619102447161,-0.03388721724827907,0.0,1532,0.25654172897338867,0.016031815233167216,0.011616328492834378,1238911,-4.325311798550226,0.0
661,4.841993808746338,-3.407933995875408,6.108071660045633,1.3235583018121242,-19.991542107534965,0.0,0.20031168452509623,0.01,0.005006313323974609,0.08001828193664551,0.005007459,0.049476624,-3.4323949935740696,-0.06166797908596282,-0.03443414522667869,0.0,1531,0.2702198028564453,0.013589732008530695,0.007758775636168284,1240442,-4.308714570074989,0.0
662,4.492192983627319,-3.366778000989661,6.104458686798237,1.6710579177298261,-19.073520125658113,0.0,0.2033580857262477,0.01,0.004004478454589844,0.07600140571594238,0.0050257333,0.048168,-3.4258332943156287,-0.06198587469393611,-0.03408481675875441,0.0,1490,0.31000661849975586,0.011854952370567221,0.008385667008537325,1241932,-4.31172314379671,0.0
663,5.043630838394165,-3.437486380816709,6.09081338146303,1.5356331764381994,-19.20755771541604,0.0,0.20144694590465634,0.01,0.006998538970947266,0.12752580642700195,0.004999667,0.048947375,-3.4269986029657367,-0.061996286776523,-0.03478882213767358,0.0,1478,0.3127870559692383,0.01164225328742133,0.009202172500124802,1243410,-4.302102503168697,0.0
664,4.5569093227386475,-3.392841236764396,6.1064415311791675,1.1926259236049785,-18.54108314586441,0.0,0.17017607901079004,0.01,0.00500035285949707,0.08350944519042969,0.0050222343,0.059095204,-3.4235828663456025,-0.0621797025295304,-0.034342112935459135,0.0,1465,0.2580711841583252,0.013987844772809593,0.009668915225586824,1244875,-4.267990626932759,0.0
665,6.141576290130615,-3.3900203676986735,6.043854036935755,1.0930698967565813,-18.37664962176426,0.0,0.20183861931013497,0.01,0.005001068115234375,0.09502768516540527,0.0049681915,0.049710948,-3.42022661648091,-0.062326440615607215,-0.03431375529215643,0.0,1480,0.3890571594238281,0.009721696981690694,0.006703427538788115,1246355,-4.269057714146854,0.0
666,4.859772443771362,-3.4170045525981023,6.116401179545774,0.9322606638523887,-18.51595190505318,0.0,0.20846586369602346,0.01,0.005001544952392578,0.0983891487121582,0.0050473874,0.04711558,-3.419904410092629,-0.062056561212238084,-0.03458402153354164,0.0,1486,0.2605471611022949,0.010623852702361004,0.008202729103874878,1247841,-4.302681416199105,0.0
667,4.466623544692993,-3.4558750432198737,6.125873258543003,1.1204932864445187,-18.75762108630973,0.0,0.17945378005748938,0.01,0.009999275207519531,0.10551905632019043,0.0050299596,0.050125994,-3.4235014734053535,-0.062078943551420615,-0.034969934886194,0.0,1530,0.23805546760559082,0.03102210964930002,0.016877114881757287,1249371,-4.288041703106126,0.0
668,5.145355224609375,-3.419713136631631,6.050501039687558,1.615948354015022,-18.753023152568417,0.0,0.2242955747001388,0.01,0.0029997825622558594,0.06900620460510254,0.0050198445,0.042446185,-3.423122639727981,-0.06159013605238778,-0.034606880873038516,0.0,1547,0.2535512447357178,0.026384370982216746,0.01646710548670973,1250918,-4.314408583467216,0.0
669,3.9080073833465576,-3.428952584778107,6.047239704674889,0.9920099020537776,-18.579199715341332,0.0,0.2006763760087231,0.01,0.004177570343017578,0.0672307014465332,0.0049993135,0.0477198,-3.4237056342329937,-0.06217432885667403,-0.03470295046239287,0.0,1468,0.20325326919555664,0.01650609799247117,0.011589816959598926,1252386,-4.3180375351992435,0.0
670,3.9365241527557373,-3.3909566879904944,6.0057472131428185,1.0967613227835527,-18.647109058010034,0.0,0.18913950771868512,0.01,0.0039997100830078125,0.06400656700134277,0.004993936,0.049642995,-3.4204307396087437,-0.062149643509633035,-0.034323035592204905,0.0,1506,0.2268216609954834,0.02100044400414381,0.01444129017349142,1253892,-4.3223241486711075,0.0
671,3.992727518081665,-3.381114471438424,6.096610708940162,1.262786044081627,-18.653654445918164,0.0,0.2037429224658957,0.01,0.005999088287353516,0.08851909637451172,0.0049636043,0.047983322,-3.416499112791712,-0.06182373035128058,-0.03422377852617285,0.0,1504,0.23904109001159668,0.014586858963855757,0.00941044104338198,1255396,-4.287071164915367,0.0
672,3.9111075401306152,-3.4867654187584676,6.063951389913406,1.5284230470570666,-18.217672391673435,0.0,0.19845851042447663,0.01,0.005000114440917969,0.08951759338378906,0.005022925,0.049067326,-3.4235257433883874,-0.06240427191233451,-0.035225473470185106,0.0,1488,0.26093268394470215,0.01854981997848817,0.012054249204563062,1256884,-4.321955341958937,0.0
673,4.068608045578003,-3.455921549628532,6.101391376338714,1.437417121775206,-18.608215494207936,0.0,0.18946679535643512,0.01,0.003999948501586914,0.06902647018432617,0.004949632,0.049367264,-3.426765324012402,-0.06243763440624546,-0.03497286415098849,0.0,1496,0.24922990798950195,0.02611135294710257,0.017325137393431132,1258380,-4.274365031920569,0.0
674,4.203486204147339,-3.400735151672909,6.093180853777142,1.2539091413979921,-18.496958835117347,0.0,0.21810394119479568,0.01,0.005007028579711914,0.07744145393371582,0.0049247537,0.045133565,-3.424162306778453,-0.061709141743660115,-0.03442153897245176,0.0,1511,0.21604347229003906,0.0145544362059395,0.009390940043942109,1259891,-4.297129490506135,0.0
675,4.2254719734191895,-3.384376233958124,6.11230205507492,1.3030985257073437,-18.79256207584676,0.0,0.2034700597318585,0.01,0.003999948501586914,0.07058000564575195,0.0049944953,0.047674708,-3.4201836994964196,-0.061730944097385075,-0.0342005857329515,0.0,1500,0.2220287322998047,0.013738944838830279,0.00967245339494666,1261391,-4.269945471112843,0.0
676,4.554570913314819,-3.347243272588675,6.068799971557526,1.561873065294368,-18.723595943270425,0.0,0.19617011223820113,0.01,0.003998994827270508,0.08251500129699707,0.0049928627,0.050336882,-3.4128896568056453,-0.06185542063871456,-0.033887163354128225,0.0,1492,0.2460319995880127,0.011616112940125645,0.007671423533010863,1262883,-4.268621268744974,0.0
677,4.070801734924316,-3.4080636610117834,6.0866368683060585,1.4402520514649715,-18.38086914350037,0.0,0.1958886362277387,0.01,0.003002166748046875,0.06904482841491699,0.0049891323,0.048928376,-3.4124070572262593,-0.06204384088059567,-0.03449348236447129,0.0,1491,0.22204065322875977,0.011424212342504063,0.008116174744225418,1264374,-4.264484867987141,0.0
678,4.128065347671509,-3.3604541247835207,6.081459948165918,1.4783042517776928,-18.905297480252255,0.0,0.20260306306213505,0.01,0.00400090217590332,0.06451773643493652,0.005015214,0.04712875,-3.4072117639819854,-0.06162516885729917,-0.03401852517298737,0.0,1523,0.2130422592163086,0.01592287044911872,0.011603465371207811,1265897,-4.255213970359771,0.0
679,4.641265153884888,-3.3663234139838827,6.189205165263416,2.040541878531951,-19.858909295432934,0.0,0.18494751461787862,0.01,0.004009723663330078,0.0855107307434082,0.0050012157,0.05197748,-3.4031229289821754,-0.061350977856065005,-0.0340780162746203,0.0,1539,0.29955148696899414,0.013376844350079428,0.009410870960821141,1267436,-4.265682448423696,0.0
680,4.532443284988403,-3.3899185437779904,6.153335591440421,1.7069432368369504,-18.85085304189731,0.0,0.19776798064645368,0.01,0.00700068473815918,0.09952044486999512,0.0049847574,0.048691977,-3.401802490461757,-0.061954947557742376,-0.03431289512069116,0.0,1493,0.35309576988220215,0.01579374865703865,0.013401193935761974,1268929,-4.2716274137132215,0.0
681,5.356108903884888,-3.401836714413661,6.041721652551011,1.3056692727976678,-20.046000454551052,0.0,0.20454859169445191,0.01,0.0039997100830078125,0.1500537395477295,0.0049974667,0.048082918,-3.4018059128569473,-0.06219153295280662,-0.03443275834512649,0.0,1488,0.5115687847137451,0.014577829912870292,0.008192983265487725,1270417,-4.277305995602796,0.0
682,4.628207445144653,-3.43038367413455,6.10216179387753,1.2960944625365394,-18.813604939776823,0.0,0.1920163415391844,0.01,0.0070056915283203125,0.07651257514953613,0.005016296,0.049812585,-3.4046636889847077,-0.06182826392968186,-0.03471781300581537,0.0,1464,0.4261620044708252,0.013157460437195411,0.008853144268192286,1271881,-4.282409088777781,0.0
683,4.36648964881897,-3.402701421906061,6.129879158682613,1.6883553874326074,-18.75899914495738,0.0,0.19725181131925756,0.01,0.0039997100830078125,0.06551194190979004,0.0049640057,0.049772035,-3.4044674622768434,-0.06168108824012321,-0.03443450561064023,0.0,1498,0.23654651641845703,0.012902230200663771,0.009593817581805686,1273379,-4.252719644706394,0.0
684,4.355529069900513,-3.4725657029511154,6.100847775115042,1.1113384377966622,-18.969971416483386,0.0,0.19362696140827898,0.01,0.004000425338745117,0.06551384925842285,0.005009346,0.048164487,-3.411277286344271,-0.06216645563719568,-0.03513947866426443,0.0,1506,0.24337387084960938,0.02340484070526901,0.014294114334853269,1274885,-4.2460127326810175,0.0
685,4.3286402225494385,-3.3830516514876634,6.110490275244234,1.8974706249882638,-19.194023559077063,0.0,0.19708662819690212,0.01,0.005006313323974609,0.09151172637939453,0.005004459,0.050093137,-3.40845472285861,-0.061964279614186143,-0.03424469572206336,0.0,1534,0.280550479888916,0.0144978593772034,0.008843857309675397,1276419,-4.237683884720973,0.0
686,4.3338305950164795,-3.3112577295870596,6.036926612202122,1.7865661095059684,-18.802555086439614,0.0,0.20410711619836816,0.01,0.009000062942504883,0.20872783660888672,0.0050079236,0.049444687,-3.3987350235314553,-0.06110858381277353,-0.033527556115393764,0.0,1570,0.3990509510040283,0.011120243496012133,0.007299917939384179,1277989,-4.245268121728797,0.0
687,4.569722652435303,-3.4330166696315465,6.068479325826059,1.154793542204651,-18.67872480662316,0.0,0.2082787868703342,0.01,0.0039997100830078125,0.08600568771362305,0.0050385827,0.04727384,-3.4021631881414645,-0.062100736598410325,-0.03474144911655161,0.0,1472,0.26055169105529785,0.0136013040514031,0.0108384829196157,1279461,-4.228291318696011,0.0
688,5.1020026206970215,-3.398562661531497,6.121307210730451,1.3976758740510453,-18.817194450684685,0.0,0.21427901595221652,0.01,0.005999565124511719,0.10052108764648438,0.0049883584,0.043664034,-3.401803135480468,-0.06197132147360962,-0.0343995925476162,0.0,1509,0.28655099868774414,0.021435064647287574,0.015373888351826136,1280970,-4.263819027607571,0.0
689,4.803184270858765,-3.399124417192526,6.014515777626085,1.6649802077434168,-18.781188186873212,0.0,0.20510543713365378,0.01,0.003998517990112305,0.08900856971740723,0.005025138,0.046861354,-3.401535263651674,-0.06246081664005334,-0.034400513418297515,0.0,1471,0.2420341968536377,0.018967618303142454,0.011797638204580296,1282441,-4.258776432256313,0.0
690,4.693875074386597,-3.358618785701887,6.115657838293966,1.4361320049107293,-18.64729023523051,0.0,0.1858910722565153,0.01,0.004998207092285156,0.08551692962646484,0.005002834,0.053722154,-3.397243615856695,-0.062139598194252424,-0.03399535382009654,0.0,1453,0.3448643684387207,0.011028088360536484,0.006191500547732845,1283894,-4.2446062119527594,0.0
691,4.858057975769043,-3.3553656864931325,6.1027805237921555,1.3892231059448903,-18.671027999594873,0.0,0.22181521044718136,0.01,0.00400543212890625,0.07451319694519043,0.0050187283,0.042485848,-3.393055822920339,-0.06173931796304688,-0.03396477387779852,0.0,1521,0.28185391426086426,0.017597115415611493,0.01244403171224214,1285415,-4.242657262970111,0.0
692,4.375337839126587,-3.333955978801593,6.054622878629258,1.2415511735417026,-18.788649076401615,0.0,0.18941498673892027,0.01,0.0029993057250976562,0.05900096893310547,0.00500849,0.049564183,-3.3871458385084647,-0.061944332141930604,-0.03375410844142333,0.0,1466,0.20154190063476562,0.014971114198512584,0.010150565276065242,1286881,-4.2292996869286155,0.0
693,4.633913993835449,-3.3928976385457994,6.032215217911208,1.745229702714647,-18.782323940310235,0.0,0.20020926012726317,0.01,0.004000663757324219,0.0735175609588623,0.004982394,0.049160615,-3.3877210185121984,-0.06177632738372204,-0.03434679281762107,0.0,1522,0.2455441951751709,0.012959331633378243,0.010325135594053993,1288403,-4.237884276234072,0.0
694,4.2204368114471436,-3.3983660978656403,6.095976207915468,1.3516291275843333,-18.73955803558483,0.0,0.20976929671017394,0.01,0.003999948501586914,0.0675194263458252,0.0049944865,0.04619092,-3.3887855264475424,-0.06207697101008166,-0.03439737118834205,0.0,1489,0.21503591537475586,0.014318989330780164,0.008564169383432895,1289892,-4.2511783763425175,0.0
695,5.407251358032227,-3.359074947872439,5.99058466319924,1.1119406378524863,-18.583055488715274,0.0,0.18816982326924597,0.01,0.01900005340576172,0.19803643226623535,0.005005806,0.050216716,-3.385814468590032,-0.061620702616784186,-0.03394754975448881,0.0,1522,0.2573509216308594,0.012386566931583501,0.008151500742193502,1291414,-4.236379494326877,0.0
696,4.174522161483765,-3.3023013410082753,5.994441364780271,1.6709542678724834,-18.534983401679852,0.0,0.19666678477817817,0.01,0.0030007362365722656,0.06851792335510254,0.004990156,0.04576883,-3.3774631558318564,-0.06159528886353673,-0.03343801350427509,0.0,1507,0.21572566032409668,0.017941798640375393,0.011952294960364276,1292921,-4.2338496695632895,0.0
697,4.000420093536377,-3.335587063252966,6.001718318016577,1.6932937523921168,-18.378555271411994,0.0,0.18824760919681724,0.01,0.004000663757324219,0.06900572776794434,0.0049994593,0.050578658,-3.3732755465739674,-0.0618741600112902,-0.03377079815500188,0.0,1494,0.21003031730651855,0.017503821502177774,0.011400624764856862,1294415,-4.209208711193318,0.0
698,3.769879102706909,-3.3380247627811754,5.945951604830469,1.2602026649253921,-18.772286890084043,0.0,0.19460396658043264,0.01,0.002998828887939453,0.07151985168457031,0.0050246357,0.05057005,-3.369750468194688,-0.0625081250717516,-0.033794753676940854,0.0,1450,0.2816948890686035,0.010323437653323123,0.007080961487404908,1295865,-4.222781258497049,0.0
699,4.097262144088745,-3.364045550749836,6.0121898061793555,1.648366712212455,-18.504303269955834,0.0,0.2188393367573465,0.01,0.004003763198852539,0.07099747657775879,0.0050180703,0.043025065,-3.3691799764502033,-0.06170960691972969,-0.03405498972630015,0.0,1521,0.21344852447509766,0.020597796213180992,0.014320776829892431,1297386,-4.171039107356656,0.0
700,4.133934736251831,-3.34662709630346,6.099175397314574,1.2494712554898206,-18.640753940516717,0.0,0.23022527821171748,0.01,0.005000114440917969,0.11703109741210938,0.004983957,0.042598315,-3.366924688435529,-0.061504902100371586,-0.03387860849281409,0.0,1492,0.3440585136413574,0.010547206451672885,0.006080509249275937,1298878,-4.161981763144795,0.0
701,4.480087518692017,-3.299344415430885,6.102128484888629,0.8366772905905837,-18.48060608887835,0.0,0.21569805484126633,0.01,0.008001089096069336,0.11852192878723145,0.0049886983,0.04604891,-3.360166661135065,-0.06201475541709025,-0.03340805041477738,0.0,1485,0.22209548950195312,0.010030693942125933,0.007244949484214186,1300363,-4.180354156447885,0.0
702,4.217914819717407,-3.3750296283017702,6.108276485886572,1.7447500247019487,-18.885639252925337,0.0,0.1944235773965422,0.01,0.004999876022338867,0.08951687812805176,0.0050091306,0.04610167,-3.3616529578517356,-0.06167116546215999,-0.034162309231543564,0.0,1489,0.46315693855285645,0.021673386474637804,0.013982903939082926,1301852,-4.186792064390699,0.0
703,4.478452444076538,-3.3210455098405105,6.0639654273357975,1.4862299466440314,-18.811605237741798,0.0,0.1974368810290344,0.01,0.00299835205078125,0.07158112525939941,0.0050199153,0.049829453,-3.357592213050613,-0.06213830115562659,-0.033624294013252856,0.0,1508,0.22553086280822754,0.012402613828054588,0.0070053547103738865,1303360,-4.194676092441658,0.0
704,4.30056619644165,-3.3569954937608744,6.052178704990411,1.2972252579248635,-18.63438492958947,0.0,0.1946288671938897,0.01,0.003999233245849609,0.06852102279663086,0.0049779564,0.049525466,-3.357532541121639,-0.06180788999197656,-0.03398549988393216,0.0,1509,0.23297548294067383,0.011651287969151087,0.007995483824008269,1304869,-4.167922238962908,0.0
705,3.972421884536743,-3.3919689790984338,6.0189453672392945,1.199835982098211,-18.472679172646103,0.0,0.1882704268075273,0.01,0.0029969215393066406,0.06605267524719238,0.0049976865,0.04921469,-3.360976184919319,-0.062259892579190956,-0.034331735347821,0.0,1478,0.21711373329162598,0.01897086315116162,0.013265316787181567,1306347,-4.203813656701983,0.0
706,3.982246160507202,-3.2997305818685647,6.063791183979426,1.7275448365592572,-18.525811905639472,0.0,0.2020797864006825,0.01,0.004004240036010742,0.06900238990783691,0.0049430947,0.049056116,-3.3548516246142435,-0.06143622121861082,-0.03341017817230144,0.0,1471,0.21276450157165527,0.012270263555704082,0.006060992579399178,1307818,-4.191690073762367,0.0
707,4.1660315990448,-3.3493508860645624,6.060785730268057,1.6190693098864273,-18.54475560024638,0.0,0.18247622998688925,0.01,0.004001140594482422,0.0715174674987793,0.0050172396,0.048262276,-3.3543015507592755,-0.06168281308175481,-0.033850350801761055,0.0,1531,0.23079872131347656,0.019760088037907127,0.013904516205956294,1309349,-4.190542045641016,0.0
708,4.046764612197876,-3.3448714855005504,5.9617612118089065,1.3559542725929152,-18.473388481717947,0.0,0.2036258109966827,0.01,0.005001068115234375,0.08052611351013184,0.0049779476,0.047114443,-3.3533585442334033,-0.06183387713796098,-0.03376360622261765,0.0,1500,0.2083427906036377,0.013926517209569804,0.00942112971796385,1310849,-4.15555881325073,0.0
709,4.031793832778931,-3.2684781610330704,6.0456455448520465,1.67912312501545,-18.827604809179533,0.0,0.19537604710599077,0.01,0.003999948501586914,0.07356095314025879,0.0049928664,0.050991796,-3.34487050591337,-0.06163693769783694,-0.03304170828148166,0.0,1502,0.23288631439208984,0.00872237790374443,0.005329032179930773,1312351,-4.170856991073048,0.0
710,4.076380968093872,-3.3578465283924865,6.031927617172607,1.5272506536258956,-18.54473095922059,0.0,0.210114470943576,0.01,0.004000663757324219,0.06800317764282227,0.0050355047,0.046578277,-3.3461681081612817,-0.061542803498497056,-0.03399393720847057,0.0,1484,0.21802854537963867,0.011194933478689929,0.008064988027588546,1313835,-4.186430486224905,0.0
711,4.0477213859558105,-3.3316609334091667,5.953471410247641,1.4574656367275223,-18.194985213815027,0.0,0.19084595794707468,0.01,0.0050008296966552734,0.0775153636932373,0.004994506,0.042247757,-3.3447173906860703,-0.061794459311407035,-0.0337295475663786,0.0,1490,0.22307920455932617,0.030819595289493185,0.024178224596988204,1315325,-4.197143323889284,0.0
712,3.911898374557495,-3.412817524506721,6.07869605669225,1.4774575560489605,-18.793789684729305,0.0,0.18844880906118935,0.01,0.003999948501586914,0.06951236724853516,0.005007463,0.051824257,-3.3515274040681353,-0.06191331219254838,-0.03453792586901476,0.0,1472,0.22810101509094238,0.014914254963911204,0.009521641161563819,1316797,-4.142828296669892,0.0
713,4.175436973571777,-3.3305890419757196,5.973080583879495,1.4433917941100298,-18.545396495866026,0.0,0.20792679163444086,0.01,0.0070002079010009766,0.10951638221740723,0.0049963393,0.0466485,-3.3494335678588936,-0.06195700324588094,-0.03371916814305008,0.0,1489,0.2670724391937256,0.02234763296392012,0.014387637490949507,1318286,-4.164499579865202,0.0
714,4.519912958145142,-3.346068496861142,6.0723984444226815,1.4069063042354566,-18.651929259556123,0.0,0.22362007529022998,0.01,0.00299835205078125,0.1015162467956543,0.004964377,0.04268429,-3.3490970607591186,-0.062161762307816705,-0.03387025528122064,0.0,1435,0.23964214324951172,0.018258877053372306,0.012144727922194629,1319721,-4.156387209495808,0.0
715,4.274226427078247,-3.324821055304967,6.085832769149302,1.2262159927255047,-18.590366323808357,0.0,0.2044818309806528,0.01,0.004999876022338867,0.07000112533569336,0.005072319,0.048836265,-3.346669460213704,-0.06165074822638187,-0.033665476620401626,0.0,1473,0.22905516624450684,0.009420608609538252,0.006786623708400504,1321194,-4.167691483763825,0.0
716,5.028865814208984,-3.429146732383883,6.080805564464233,1.3168770408964119,-18.57673311028835,0.0,0.18260541326238222,0.01,0.0039997100830078125,0.06652188301086426,0.0050015827,0.046701897,-3.354917187430722,-0.06186311400737334,-0.034705901841525964,0.0,1514,0.209031343460083,0.042659241843998615,0.026386180164807628,1322708,-4.161047559850294,0.0
717,4.086634635925293,-3.3224395343605773,6.100550177014268,1.6021910835180884,-18.309925008159002,0.0,0.1890739553554676,0.01,0.004998445510864258,0.06131911277770996,0.0050069927,0.05353915,-3.3516694221237078,-0.06178867570131077,-0.0336379338088224,0.0,1494,0.21002602577209473,0.01734303514298239,0.008613006831574427,1324202,-4.154439214064741,0.0
718,3.987192153930664,-3.340147296896886,6.030653299417556,0.969358803499822,-18.485144295352097,0.0,0.21068147096741277,0.01,0.004000425338745117,0.07551431655883789,0.0049826317,0.0466198,-3.3505172096010254,-0.06190128641877253,-0.03381436688512587,0.0,1472,0.26758766174316406,0.012268158543349138,0.009251172138416329,1325674,-4.081685591690901,0.0
719,3.93082594871521,-3.2538177826877543,5.986295190590293,1.2387139724252574,-18.642609604306333,0.0,0.22393093686043272,0.01,0.003999233245849609,0.06352019309997559,0.0050275372,0.043979224,-3.3408472669096985,-0.06191882163573946,-0.03289640100028268,0.0,1504,0.19902849197387695,0.011931182392061689,0.008478030540822482,1327178,-4.05261139859382,0.0
720,3.7616517543792725,-3.3604343497086773,6.157538205616879,1.6919330336301648,-18.722245846503156,0.0,0.20688818712069748,0.01,0.00400090217590332,0.06251358985900879,0.0049701305,0.04624015,-3.3428059751895964,-0.06168146623959085,-0.03401855611935571,0.0,1483,0.20002341270446777,0.018075579350467507,0.01223877782101782,1328661,-4.0652163614449055,0.0
721,3.9283149242401123,-3.3584348041254772,6.033773673544376,1.8001539367410784,-18.794367493256303,0.0,0.19145013910667724,0.01,0.00400090217590332,0.05651259422302246,0.0050291014,0.04796537,-3.3443688580831843,-0.06198220614207911,-0.03399735068864401,0.0,1497,0.20057988166809082,0.020657287539472956,0.01463480932571264,1330158,-4.162578170813548,0.0
722,3.706573247909546,-3.3934272450957126,6.09550309766029,1.8323588901290115,-18.801242258169765,0.0,0.18501426440277927,0.01,0.002997159957885742,0.05699944496154785,0.005004274,0.052199934,-3.349274696784437,-0.06204873528852162,-0.03434686788887213,0.0,1452,0.19255876541137695,0.017951078849186085,0.01169427947155161,1331610,-4.1680053739296605,0.0
723,3.751598358154297,-3.3450064244418245,6.08053462131777,1.1337135545745105,-18.652650058511163,0.0,0.20810699106998196,0.01,0.00400090217590332,0.07004618644714355,0.005009631,0.047112707,-3.348847869550176,-0.06165350447467677,-0.0338656353778021,0.0,1475,0.20787596702575684,0.012142153756130638,0.008459816246308234,1333085,-4.158668834624126,0.0
724,3.785384178161621,-3.2619233082707866,5.955047954305074,1.0886170705998377,-18.058525337024456,0.0,0.20678680118250142,0.01,0.004002094268798828,0.05800199508666992,0.0050305226,0.047534052,-3.340155413422237,-0.06180817583200131,-0.03303023708991519,0.0,1471,0.19252514839172363,0.011778159406348625,0.008018823462738498,1334556,-4.193918389370265,0.0
725,3.6796693801879883,-3.3362343911511503,5.9756293163324345,0.900403073891384,-18.33667309830341,0.0,0.21190775547647261,0.01,0.0030035972595214844,0.055995941162109375,0.004987752,0.04666274,-3.339763311195129,-0.0621217269519286,-0.033771790078719874,0.0,1436,0.19454264640808105,0.009905909853044346,0.006470908838118395,1335992,-4.168605090851102,0.0
726,3.864706039428711,-3.2369278593674906,5.972635359723603,1.3115676657489508,-18.284932171586995,0.0,0.20163903692080218,0.01,0.003998756408691406,0.06151700019836426,0.004976164,0.048803486,-3.3294797660123647,-0.06147713746265195,-0.03278324681213124,0.0,1520,0.1980304718017578,0.00965407665430462,0.007089212492248849,1337512,-4.189765542739612,0.0
727,3.8039517402648926,-3.2031167044944437,5.985931982419209,1.4785778728922037,-18.664564284914785,0.0,0.2141755413938954,0.01,0.003999948501586914,0.06051325798034668,0.0050347215,0.045835383,-3.316843459860573,-0.06108820285683987,-0.032445458448517664,0.0,1504,0.21203851699829102,0.009753195661313455,0.00741449367532839,1339016,-4.151899486048349,0.0
728,3.71061110496521,-3.2686792055257228,5.994911444111795,1.6508705210184307,-18.52053434070218,0.0,0.20657196331915162,0.01,0.0030028820037841797,0.06051278114318848,0.0050020525,0.047685303,-3.3120270344270883,-0.061871862705935185,-0.0330992628140408,0.0,1454,0.20243430137634277,0.009895112674752621,0.007386285919788287,1340470,-4.149832399510652,0.0
729,3.7109992504119873,-3.2792080294349133,5.97631982840069,1.4371401053882944,-18.364102090472407,0.0,0.185534268282488,0.01,0.0029993057250976562,0.05750918388366699,0.0049988185,0.052378193,-3.308745133927871,-0.06166456269062193,-0.03314702321458092,0.0,1448,0.1910243034362793,0.008743801328337008,0.004966126623285201,1341918,-4.158024837935912,0.0
730,3.748565912246704,-3.2712122563639796,6.010396389760892,1.6887386776821833,-18.304637844680368,0.0,0.1911563819056684,0.01,0.004001617431640625,0.06200408935546875,0.0050149066,0.049488783,-3.304991846171482,-0.061632970815364986,-0.03312766406184323,0.0,1466,0.1855165958404541,0.013037051767520355,0.008964986333003718,1343384,-4.161786944787746,0.0
731,3.8046000003814697,-3.2742749059068372,6.014141652773914,1.47618566307764,-18.624325712223335,0.0,0.18886313914766545,0.01,0.003000497817993164,0.05999946594238281,0.0050110496,0.05240105,-3.3019201521450174,-0.06171111893480159,-0.033100693819827685,0.0,1498,0.20653724670410156,0.01079851413253955,0.007657004747690352,1344882,-4.122783420127328,0.0
732,3.773782253265381,-3.283082174314795,5.969598506054085,1.4706932921595999,-18.041350804875382,0.0,0.20725210160338595,0.01,0.003999948501586914,0.05651664733886719,0.0049943137,0.044872556,-3.3000363543619953,-0.061551148786510024,-0.0332446799072927,0.0,1494,0.1905355453491211,0.013800724790147052,0.009470848357492992,1346376,-4.144791164590105,0.0
733,3.8266499042510986,-3.234550098897791,5.958566255654621,1.1863863099975815,-18.240506511701337,0.0,0.20694079801001591,0.01,0.004000186920166016,0.06569409370422363,0.00502004,0.047361877,-3.2934877288155753,-0.06134896412436593,-0.03275918571775188,0.0,1487,0.20014190673828125,0.008715070770102152,0.0052341851889280465,1347863,-4.050245103019773,0.0
734,3.926196336746216,-3.3413715958044725,6.071049231144488,1.6354709996098933,-19.18998341289453,0.0,0.1977251630092988,0.01,0.004000186920166016,0.06200075149536133,0.004991735,0.04797485,-3.298276115514465,-0.06145490056586524,-0.033771286779100074,0.0,1556,0.2065434455871582,0.020572165518134945,0.014874845846318667,1349419,-4.146120351447121,0.0
735,3.8005590438842773,-3.27813078204981,5.968573513622445,1.6921051759832975,-19.35455195466753,0.0,0.20609879861324928,0.01,0.003999948501586914,0.059005022048950195,0.0050021205,0.047150586,-3.296261582168,-0.061474622866790195,-0.03319371215561101,0.0,1507,0.2015361785888672,0.013328687271167972,0.009520840273028328,1350926,-4.220094516178144,0.0
736,3.6063072681427,-3.315207882571257,6.065603405236119,1.0668931861154727,-18.729513760717417,0.0,0.20397337734538867,0.01,0.0039997100830078125,0.0565187931060791,0.004999784,0.046243466,-3.2981562122083257,-0.0621008685342734,-0.03356603628422463,0.0,1415,0.18751883506774902,0.00813046038567773,0.005478044190424661,1352341,-4.163957341196729,0.0
737,3.6850852966308594,-3.3148627744565955,6.006444618844618,1.5210472350102333,-18.6239551353894,0.0,0.20006708896725198,0.01,0.0039997100830078125,0.05922365188598633,0.005033534,0.046656772,-3.299826868433153,-0.06176681695512929,-0.03355804074020776,0.0,1451,0.18851375579833984,0.011632231923221659,0.008023789751828289,1353792,-4.120890084318612,0.0
738,3.7147536277770996,-3.2686664145211104,6.050170978614062,1.5211408362820418,-18.423842392648535,0.0,0.20438159291231664,0.01,0.0030014514923095703,0.06465673446655273,0.0050189923,0.046591286,-3.2967108230419484,-0.061572862232290214,-0.033101701704974854,0.0,1462,0.20314717292785645,0.01566927817814486,0.012043358025137216,1355254,-4.121757356155479,0.0
739,3.8323237895965576,-3.303324270819702,6.038597509689964,1.2208680519905029,-18.698554220220412,0.0,0.1939381004560771,0.01,0.004000663757324219,0.06251740455627441,0.0050070696,0.050972283,-3.2973721678197236,-0.06163349887723128,-0.0334473035672103,0.0,1515,0.19779682159423828,0.01074695739504482,0.006247385085969683,1356769,-4.149088628749757,0.0
740,4.011440277099609,-3.2451803594034545,6.040988488127116,1.447336784259747,-18.54422830430729,0.0,0.19901274762866106,0.01,0.0030002593994140625,0.060509681701660156,0.004993363,0.048529625,-3.292152986978097,-0.061413085325150184,-0.032864652130071184,0.0,1498,0.19602084159851074,0.00973524113387541,0.007025083752198098,1358267,-4.132925541702543,0.0
741,3.7622368335723877,-3.2267174577063793,5.970848095889713,1.3451043424407705,-18.41412379688368,0.0,0.20501244530741466,0.01,0.0029990673065185547,0.061513662338256836,0.0050243223,0.04806284,-3.2856094340509254,-0.06172432785720918,-0.032620295456296036,0.0,1483,0.19654464721679688,0.011145220579818418,0.008135483938118597,1359750,-4.123501118987347,0.0
742,3.7464637756347656,-3.253094867894481,6.000580134075406,1.140977494555405,-19.22866423746641,0.0,0.2121591009731175,0.01,0.002995729446411133,0.056999921798706055,0.004997904,0.04725526,-3.282357977435281,-0.06165602590224115,-0.03294612750899523,0.0,1481,0.20175457000732422,0.009525969758585355,0.006066820422073003,1361231,-3.9984970136986746,0.0
743,3.810809850692749,-3.2399017590258135,6.002028479299994,1.3481244822839316,-18.78903946929666,0.0,0.209353997851259,0.01,0.0029997825622558594,0.05700063705444336,0.00499274,0.04700882,-3.2781123555943346,-0.0614045234822609,-0.03281454683743075,0.0,1503,0.19202041625976562,0.010130407718714776,0.008374552404251242,1362734,-4.107360420393386,0.0
744,3.796156883239746,-3.261869240984235,6.04731942201978,1.3088851020967143,-18.805599833826975,0.0,0.19089194263602613,0.01,0.004000663757324219,0.059510231018066406,0.0050108084,0.04724508,-3.2764880441333246,-0.06129603122878354,-0.03303108558379801,0.0,1505,0.1945478916168213,0.019182424109726686,0.01490395811828111,1364239,-4.01124079613106,0.0
745,3.7532477378845215,-3.3237587176616437,6.0066917853753345,1.0881211521817404,-18.542589804346786,0.0,0.20437622456270438,0.01,0.004001617431640625,0.058003902435302734,0.005035851,0.04219637,-3.2812151114861567,-0.061898061669892424,-0.03364909004691805,0.0,1488,0.19351553916931152,0.029202871770191992,0.017834846100706542,1365727,-4.109003617263208,0.0
746,3.846072196960449,-3.30127293789022,5.936641717935935,1.3366207432051729,-18.307312292523235,0.0,0.19788125414256016,0.01,0.003999948501586914,0.059516191482543945,0.00501128,0.050116744,-3.283220894126563,-0.06164972889102103,-0.03342524677671362,0.0,1515,0.2000732421875,0.014826881740619148,0.009644227139200797,1367242,-4.073315438585212,0.0
747,3.899150848388672,-3.288586424687017,6.047865476112046,1.928851980080375,-18.462398819872945,0.0,0.20632693075529696,0.01,0.003000974655151367,0.06737160682678223,0.004992944,0.04787568,-3.2837574471826083,-0.06136751262406763,-0.0332425765933191,0.0,1562,0.2142932415008545,0.01394182164197318,0.010411275426439189,1368804,-4.068631555116432,0.0
748,3.8068687915802,-3.2587315642555863,5.977632302222887,1.1245961004820386,-18.45214339976387,0.0,0.19004652650813664,0.01,0.0035109519958496094,0.059999942779541016,0.0049962318,0.05186791,-3.2812548588899064,-0.06165703647296179,-0.032999932850080606,0.0,1514,0.1990354061126709,0.01070166168315992,0.007944359628624262,1370318,-4.081104249278199,0.0
749,3.8391213417053223,-3.266048885806363,5.95961513407873,1.083290054825113,-19.024244208326753,0.0,0.20014199224363738,0.01,0.004000186920166016,0.06251811981201172,0.0049921097,0.048996657,-3.2797342615815523,-0.06165672629971251,-0.033075954489948295,0.0,1514,0.20402932167053223,0.010812566929411179,0.007269277067478051,1371832,-4.081201906320443,0.0
750,3.798614740371704,-3.244440315791177,5.9364041324336645,1.5257851417812767,-18.16948673781347,0.0,0.20888858042766992,0.01,0.0029997825622558594,0.06300497055053711,0.0050050886,0.045879297,-3.276204867002515,-0.06155532483265839,-0.032853037969875376,0.0,1514,0.20102167129516602,0.011684935544936399,0.00870896631060053,1373346,-3.9839117807654127,0.0
751,3.9955813884735107,-3.2929800813903696,6.018033444501324,1.527260727338031,-18.51274883299329,0.0,0.20527950276389592,0.01,0.004999399185180664,0.0656595230102539,0.0049907947,0.047161523,-3.277882388441301,-0.06124584109611293,-0.03334308725419007,0.0,1522,0.2078702449798584,0.012438350592812779,0.008343233204638008,1374868,-4.090018418245643,0.0
752,3.9030351638793945,-3.323234302924857,5.96793154410025,1.145269611092583,-18.77081115432613,0.0,0.18580961199152632,0.01,0.0039997100830078125,0.06500434875488281,0.0049940185,0.05039185,-3.2824175798896564,-0.06177720228346119,-0.03364540652656407,0.0,1530,0.21105003356933594,0.015850164198030786,0.010870487011718909,1376398,-3.946019995999189,0.0
753,3.7346713542938232,-3.269805573382783,6.033290581136195,1.0980196906840451,-18.46896495084204,0.0,0.2137442542500115,0.01,0.0029990673065185547,0.058507442474365234,0.004985837,0.046613358,-3.2811563792389693,-0.06175723236485318,-0.03311239179301125,0.0,1469,0.18302011489868164,0.009901359021303137,0.005900892580433575,1377867,-3.947892175911085,0.0
754,3.7258152961730957,-3.2483824893611897,5.996831645477768,1.7600340596553237,-18.615212653044782,0.0,0.18364478299118453,0.01,0.003000020980834961,0.06351304054260254,0.004996718,0.051479504,-3.2778789902511916,-0.06170767428526924,-0.03289773147360923,0.0,1467,0.18802332878112793,0.01229221359799975,0.008721422104763649,1379334,-3.9475795937318368,0.0
755,3.7921788692474365,-3.3109566795849807,6.070229771935342,1.403043381784165,-18.685870736586324,0.0,0.21221019803667374,0.01,0.0030014514923095703,0.057515621185302734,0.005000926,0.044935968,-3.2811867591845707,-0.06190660324242651,-0.03346904465210383,0.0,1489,0.2080223560333252,0.01330952416618395,0.009689090492307866,1380823,-3.9305359814109955,0.0
756,3.7912824153900146,-3.267229078861329,5.9958730920192655,1.1867488990547554,-18.377368953820802,0.0,0.19536106840969886,0.01,0.0030024051666259766,0.05950617790222168,0.0049834847,0.048495423,-3.2797909911522467,-0.0614636511620665,-0.033086770594423165,0.0,1494,0.20403361320495605,0.012397072043760528,0.008005491980704452,1382317,-3.963352845632169,0.0
757,3.860826015472412,-3.1659490630821288,6.044151254563046,1.6989146757073668,-18.602485096762294,0.0,0.20380985119462622,0.01,0.0030035972595214844,0.0595097541809082,0.004984795,0.04825918,-3.268406798345235,-0.06099255814563461,-0.032072353032818635,0.0,1538,0.20953679084777832,0.012414852375926813,0.00810690912034125,1383855,-3.9508175250818036,0.0
758,3.767709732055664,-3.3112782187715055,6.037142360604995,1.3185346466861645,-18.6845765103463,0.0,0.20499196235723333,0.01,0.003997087478637695,0.06351017951965332,0.005031998,0.046461258,-3.272693940387862,-0.06181914925302924,-0.0335235434005887,0.0,1491,0.19802188873291016,0.021794073321340646,0.0162621691393209,1385346,-3.9638812873685745,0.0
759,3.877635955810547,-3.281778803202131,6.014651625755018,1.5697856441236329,-19.06116764525992,0.0,0.20068207225152962,0.01,0.003998994827270508,0.06800031661987305,0.0049997256,0.047098268,-3.2736024266692887,-0.06154472677290947,-0.03323277619354571,0.0,1513,0.200531005859375,0.015633109661333754,0.010591958580545208,1386859,-3.9724289251940332,0.0
760,3.833516836166382,-3.221119409370398,6.004907206970173,1.1810046342472484,-18.717798242291742,0.0,0.18810089995384227,0.01,0.004000186920166016,0.08061790466308594,0.004999908,0.04999358,-3.2683541249393997,-0.0616301394053471,-0.03262134283256986,0.0,1460,0.2038741111755371,0.017820478578072507,0.014149108401160975,1388319,-3.9640209347295148,0.0
761,3.985635757446289,-3.198957926708693,5.938157840699341,1.6722999149228008,-18.231476927723154,0.0,0.19146078473187517,0.01,0.003998994827270508,0.07051658630371094,0.0049789404,0.048109654,-3.261414505116329,-0.06142317837176917,-0.03240519656520604,0.0,1464,0.30373120307922363,0.01539678663415197,0.008933581780914438,1389783,-3.9618880843047557,0.0
762,4.033557891845703,-3.2196737678368335,5.994803030368802,1.1598146984964293,-18.49176738590017,0.0,0.20466401396094758,0.01,0.003999233245849609,0.06451725959777832,0.005001221,0.0474434,-3.2572404313883796,-0.06154983667393389,-0.032610934521464276,0.0,1487,0.21402835845947266,0.010635486152991749,0.006468334994017499,1391270,-3.9689243457763874,0.0
763,3.7486789226531982,-3.2533069544288566,6.023687609986638,1.8226308504377084,-18.342139776558877,0.0,0.21034334485090073,0.01,0.002999544143676758,0.06151270866394043,0.005016199,0.046589278,-3.2568470836924273,-0.06181869892454826,-0.03294194793118947,0.0,1435,0.21931242942810059,0.007091150789529121,0.004941450431402467,1392705,-3.9506426292439243,0.0
764,4.618347406387329,-3.2272398156988076,5.9473883813428134,1.1612788271463836,-18.418536382399825,0.0,0.23075580274629337,0.01,0.004000663757324219,0.068511962890625,0.0050431145,0.0410498,-3.2538863568930654,-0.06132524868297782,-0.03268663356189728,0.0,1494,0.26313328742980957,0.010808058200185681,0.007819613044201644,1394199,-3.963343589672815,0.0
765,4.7155821323394775,-3.2398450792126696,5.944626802829189,1.501530893383022,-18.470179556054916,0.0,0.19452779734241377,0.01,0.006000041961669922,0.10954117774963379,0.005004544,0.04502022,-3.252482229125026,-0.06166370877242997,-0.032750062227695456,0.0,1530,0.23794794082641602,0.011849589492654224,0.00848539756900833,1395729,-4.001709673257843,0.0
766,4.544471979141235,-3.2852756772835576,5.996192217144631,1.569385738862668,-18.373542102602837,0.0,0.20071742268128936,0.01,0.008001327514648438,0.19019770622253418,0.0050328407,0.04704849,-3.2557615739408794,-0.06148223366453285,-0.0332686052744238,0.0,1498,0.3755042552947998,0.01855300658064185,0.013665268864969144,1397227,-3.9829373577415987,0.0
767,4.778344392776489,-3.2246164269347566,5.973941542379443,1.8987674464175954,-18.426917623744473,0.0,0.19285580011960224,0.01,0.004001140594482422,0.08751058578491211,0.0050679655,0.050000694,-3.2526470592402674,-0.06146536453418596,-0.03259597748749983,0.0,1489,0.24910902976989746,0.012421795080948202,0.006351789507046384,1398716,-4.005623853449448,0.0
768,4.7085936069488525,-3.310825747829527,5.959609246999279,1.4698334032962088,-18.45091626177575,0.0,0.2064742941583601,0.01,0.0050008296966552734,0.08951520919799805,0.0050011375,0.045723353,-3.2584649280991935,-0.06170918192001003,-0.03352330807680281,0.0,1486,0.2595531940460205,0.015963781005268355,0.012396413640527152,1400202,-3.992669409867581,0.0
769,5.665460824966431,-3.2068658472023763,5.966480085866223,1.5494804993692723,-19.05674062399642,0.0,0.19389535398412938,0.01,0.0030002593994140625,0.06400036811828613,0.004972947,0.049812533,-3.253305020009512,-0.06157312293593596,-0.03242537638054198,0.0,1477,0.20842623710632324,0.014041817232143016,0.008746222447470324,1401679,-3.938189655081937,0.0
770,3.743858575820923,-3.2074300176457546,5.94066854906453,1.7163212683488422,-18.469273191292558,0.0,0.18793271049152566,0.01,0.002999544143676758,0.07100105285644531,0.00499924,0.051073406,-3.248717519773136,-0.06156943479506024,-0.032489019315353806,0.0,1455,0.21089792251586914,0.011884017607641574,0.008498413342086562,1403134,-3.9560000169545795,0.0
771,3.91084361076355,-3.1746556189225097,6.043651129746123,1.5642857212534276,-18.57515329713194,0.0,0.20222386096215764,0.01,0.003999948501586914,0.06551337242126465,0.004984226,0.046497926,-3.2413113296880733,-0.06126159481505498,-0.03216125612298566,0.0,1528,0.21803045272827148,0.013588578572542047,0.008758513536879306,1404662,-3.962328819963097,0.0
772,3.8976094722747803,-3.2006501769430193,5.981560532732376,1.247414801685295,-18.611852837588938,0.0,0.20841554818897715,0.01,0.004000186920166016,0.11702752113342285,0.005034791,0.045111682,-3.237245214413568,-0.06172847904082066,-0.0323641374998296,0.0,1442,0.27954530715942383,0.009046389911481406,0.00570182253522441,1406104,-3.956102095950579,0.0
773,4.354494333267212,-3.231788669896878,6.00481337781459,1.5617688326737962,-18.288200493610255,0.0,0.1989210687572201,0.01,0.003999233245849609,0.09851431846618652,0.00501717,0.044190533,-3.236699559961899,-0.061334488785077204,-0.03273215855923872,0.0,1468,0.2487645149230957,0.01610157161823964,0.009753137754106486,1407572,-3.9671788768441076,0.0
774,4.682234287261963,-3.2246278409306526,6.029180980364633,1.0855558056060675,-18.590407557755523,0.0,0.20589600610582956,0.01,0.004093647003173828,0.08100104331970215,0.0050179358,0.04776721,-3.2354923880587743,-0.06170936419640516,-0.03266032690911931,0.0,1464,0.2642502784729004,0.010731263485437402,0.006285299696799743,1409036,-3.9661391673505113,0.0
775,4.026745080947876,-3.2238662532778077,5.976416709486036,0.8348742825294049,-18.579647952829283,0.0,0.19518005226053706,0.01,0.004999876022338867,0.08951425552368164,0.00500548,0.048345976,-3.234329774580678,-0.06187457869293171,-0.0326505784264023,0.0,1424,0.2018132209777832,0.013321784655221785,0.009366322905200428,1410460,-3.9534284941588944,0.0
776,5.502313137054443,-3.2338038785683834,5.970214932262734,1.7132487140682557,-18.14311420778904,0.0,0.19196046377767303,0.01,0.01951003074645996,0.7366385459899902,0.00500266,0.0497129,-3.2342771849794487,-0.06143683499775983,-0.03269280327170128,0.0,1516,0.46588706970214844,0.012739840687910363,0.009945464344082848,1411976,-3.9974304918196686,0.0
777,4.969597339630127,-3.2578859409557994,6.048653835992336,1.6054638146810012,-18.91167186057825,0.0,0.20924385991658012,0.01,0.007514238357543945,0.20503783226013184,0.005010201,0.046998106,-3.236638060577084,-0.061654663512130115,-0.03299619461096595,0.0,1465,0.3850834369659424,0.009792629330738186,0.006617064581744659,1413441,-4.019523842900897,0.0
778,5.887043714523315,-3.283017133399433,6.050579621117631,1.2723855579160908,-18.52161945684235,0.0,0.22641958975998883,0.01,0.007000446319580078,0.11312055587768555,0.0050120307,0.0423318,-3.241275967859319,-0.06171601877791953,-0.03324484771436774,0.0,1501,0.31888866424560547,0.017735583431658142,0.01234631592730695,1414942,-3.9904003117329956,0.0
779,5.3136138916015625,-3.246312585639059,6.130014790077146,1.4134397649760813,-18.6494128021908,0.0,0.22729227873899835,0.01,0.007005214691162109,0.09351229667663574,0.005018337,0.043582793,-3.241779629637293,-0.06144834903603472,-0.03282331273123237,0.0,1517,0.2805492877960205,0.010927124326957359,0.006960304812922926,1416459,-4.019185896617785,0.0
780,5.221268177032471,-3.206130458636797,6.014079857684653,1.7285906698402407,-18.44831670202452,0.0,0.21404227700108222,0.01,0.008001327514648438,0.0905146598815918,0.00501693,0.046384897,-3.2382147125372436,-0.06107202808520099,-0.032471862287297905,0.0,1534,0.3765885829925537,0.01143653999595927,0.007883377635015395,1417993,-3.9976406191910407,0.0
781,6.085305452346802,-3.255081538892353,6.033935289895526,1.6526869329128013,-18.681260975600583,0.0,0.20243308512369193,0.01,0.0050013065338134766,0.14903616905212402,0.004988781,0.04705479,-3.2399013951727547,-0.061675143239501476,-0.03296302959542913,0.0,1487,0.5273306369781494,0.010849996765497734,0.0074547178408712785,1419480,-3.9905432981969957,0.0
782,4.742123603820801,-3.2224393217005654,6.007401975705125,1.282358712202103,-18.702742828752385,0.0,0.19841954967275327,0.01,0.003998279571533203,0.07951736450195312,0.005074188,0.048858136,-3.238155187825536,-0.06174918503013264,-0.03257472883453011,0.0,1479,0.23382258415222168,0.01046000341612165,0.007364543289910745,1420959,-3.9901249496305673,0.0
783,4.8486573696136475,-3.2019845241555345,5.99282731173515,1.2324793657260977,-18.467989159281796,0.0,0.20245606871772104,0.01,0.0050008296966552734,0.08350992202758789,0.004980298,0.048996802,-3.234538121458536,-0.061182336057615715,-0.03243124304795371,0.0,1488,0.2300252914428711,0.009502605637258705,0.0062948366495457,1422447,-3.9896664519488425,0.0
784,4.523558855056763,-3.1746355871550005,5.977123586983936,1.263089191206665,-18.17404958266243,0.0,0.20487282602653803,0.01,0.004999876022338867,0.0705118179321289,0.005013599,0.046263974,-3.2285478680281825,-0.06134501018898388,-0.03215581389991111,0.0,1509,0.23412752151489258,0.011400614370804373,0.007984139537508851,1423956,-4.17458911953146,0.0
785,4.395575046539307,-3.2054228312666524,5.997498467752275,1.4540881641284544,-18.452055072581775,0.0,0.20141637111210053,0.01,0.0030014514923095703,0.07700634002685547,0.005011703,0.049328342,-3.22623536435203,-0.061708426654199865,-0.032463111970676264,0.0,1445,0.24603509902954102,0.01081422600808127,0.007796956604902988,1425401,-4.1738253355314825,0.0
786,4.953223466873169,-3.2051813654730994,5.950392910918782,1.3150734832912168,-18.489141904573216,0.0,0.22766872414657552,0.01,0.004999876022338867,0.18203186988830566,0.005004871,0.038575023,-3.2241299644641366,-0.061752328321648786,-0.032463518142628024,0.0,1449,0.25703859329223633,0.028960545889203524,0.019694055441206327,1426850,-4.1913651750895875,0.0
787,4.53909707069397,-3.1496521907789914,6.047747709907397,1.1349070520275961,-18.416490760613588,0.0,0.21301655621726623,0.01,0.0040013790130615234,0.08400511741638184,0.0050086,0.046627674,-3.216682187095622,-0.061102511761339,-0.03190857626793786,0.0,1550,0.3140537738800049,0.014074097625239656,0.007240432932869541,1428400,-3.9959005013587565,0.0
788,4.448947191238403,-3.1612312094334007,5.898282787115973,1.243154215252104,-18.19168429011726,0.0,0.21395243138139589,0.01,0.0049991607666015625,0.09380245208740234,0.0050191595,0.046848517,-3.2111370893294,-0.06122580647993059,-0.03202380099436168,0.0,1504,0.25018882751464844,0.007947085926596415,0.005609795267482049,1429904,-4.149013439156661,0.0
789,4.451728582382202,-3.1241205891538897,5.99255434424892,1.3538756875951587,-18.44245183925158,0.0,0.2212513265571856,0.01,0.004000186920166016,0.06700015068054199,0.004982163,0.043920983,-3.202435439311849,-0.061022290700441184,-0.03164227142450841,0.0,1512,0.22053885459899902,0.009101459502105004,0.006085652744460236,1431416,-4.131757703714116,0.0
790,5.151087522506714,-3.2574223883917144,5.955782024034513,1.7948666134127598,-18.47990171121858,0.0,0.20661672266925707,0.01,0.005223989486694336,0.10610198974609375,0.0049832803,0.047176883,-3.2079341342198355,-0.06184784532014663,-0.03293117062322197,0.0,1434,0.3204338550567627,0.011536014559885888,0.007802646430027692,1432850,-3.965564257331676,0.0
791,7.198910236358643,-3.1822490974550797,5.947643039784535,1.542490835875967,-18.602644146068958,0.0,0.20043264539242983,0.01,0.008005857467651367,0.1644737720489502,0.0050025177,0.048843794,-3.20536563054336,-0.06168080486720149,-0.032237754902136685,0.0,1442,0.3610832691192627,0.011645768114731234,0.006998654460169039,1434292,-3.9646434766843917,0.0
792,6.055977821350098,-3.2254290498219405,5.995340352734897,1.165911820944019,-18.48826521898957,0.0,0.1978844409340481,0.01,0.026998519897460938,0.8061442375183105,0.0050251284,0.047431942,-3.2073719724712184,-0.061840451843044916,-0.03266880911768588,0.0,1454,0.7843871116638184,0.013973860252731576,0.009372756953196356,1435746,-3.9795704836113885,0.0
793,6.215429067611694,-3.203788851484655,5.972287030744985,1.4662398105698689,-18.59061177450006,0.0,0.22342278049720157,0.01,0.00700068473815918,0.14304280281066895,0.0049915304,0.04261443,-3.2070136603725623,-0.06140264523191561,-0.032392055873741187,0.0,1530,0.3605945110321045,0.01471705204612343,0.01011941348173037,1437276,-4.168081535177253,0.0
794,7.3923728466033936,-3.1836804458222066,5.990817317692927,1.6341855377261036,-18.897985160787364,0.0,0.19181734885786023,0.01,0.00599980354309082,0.31823277473449707,0.0050005657,0.05217358,-3.2046803389175267,-0.06153598742752218,-0.03225032956901035,0.0,1502,0.39560556411743164,0.008540437771773077,0.005271691899943115,1438778,-3.9479584935585477,0.0
795,5.002861976623535,-3.2369036332081564,6.09279960648306,1.2320860414144164,-19.768806715689543,0.0,0.1855415110176781,0.01,0.012108325958251953,0.18266034126281738,0.0049860724,0.04983245,-3.20790266834659,-0.061055705508468436,-0.032785178667815926,0.0,1523,0.43110013008117676,0.008979610239789475,0.005642772220999252,1440301,-3.9635801588463684,0.0
796,5.412243604660034,-3.141379378961367,5.963512509808019,1.258654784325837,-18.435931435180027,0.0,0.193532142025702,0.01,0.007999897003173828,0.12804341316223145,0.0049980343,0.052662443,-3.201250339408068,-0.061257317726880776,-0.03182622701067338,0.0,1500,0.31641721725463867,0.007821667007220532,0.004820860310586115,1441801,-3.976516439055748,0.0
797,4.335226535797119,-3.2268184948659524,5.97912938920882,1.3542507796757781,-17.643663014877557,0.0,0.20510692217427484,0.01,0.003000020980834961,0.07200765609741211,0.0049969796,0.047049113,-3.2038071549538563,-0.061581847345760464,-0.03268319655235956,0.0,1507,0.3399350643157959,0.009936345355994892,0.007737287389934741,1443308,-3.94806284620024,0.0
798,3.9297821521759033,-3.2494670710713622,5.954871198813215,1.2608435737516053,-18.36158368715324,0.0,0.18211867405590693,0.01,0.003999948501586914,0.0810246467590332,0.004972709,0.048792947,-3.2083731465656067,-0.06173854832033983,-0.032908705157875334,0.0,1478,0.2338881492614746,0.012918820724651876,0.00800482451643488,1444786,-3.980451771258008,0.0
799,3.920302629470825,-3.2093948682094307,5.924612606122306,1.642161994822391,-18.443319141117875,0.0,0.21363311770040164,0.01,0.005006074905395508,0.08151412010192871,0.0050235675,0.04588972,-3.2084753187299895,-0.061740231446708385,-0.03250586533262417,0.0,1466,0.2546842098236084,0.00888657996002342,0.006269969527922634,1446252,-3.9779506924736814,0.0
800,5.021316766738892,-3.1523179208993612,5.9096539360667055,1.4002561221040792,-18.40096709150727,0.0,0.19671897955017317,0.01,0.00599980354309082,0.10574746131896973,0.0049990914,0.04910627,-3.2028595789469265,-0.06106566289416808,-0.03193867148110955,0.0,1523,0.23622965812683105,0.007993245883270226,0.006545377876628662,1447775,-3.9853143888542,0.0
